tree
version=v4
num_class=1
num_tree_per_iteration=1
label_index=0
max_feature_idx=65
objective=regression
feature_names=movie_year release_age runtime_minutes tmdb_popularity log_tmdb_popularity budget log_budget has_budget rating_count log_rating_count rating_mean rating_median tag_count log_tag_count lang_ar lang_bn lang_cn lang_cs lang_da lang_de lang_en lang_es lang_et lang_fa lang_fi lang_fr lang_he lang_hi lang_hu lang_id lang_it lang_ja lang_ko lang_mk lang_nl lang_no lang_pl lang_pt lang_ro lang_ru lang_sr lang_sv lang_ta lang_th lang_tn lang_tr lang_zh genre_action genre_adventure genre_animation genre_children genre_comedy genre_crime genre_documentary genre_drama genre_fantasy genre_film_noir genre_horror genre_imax genre_musical genre_mystery genre_romance genre_sci_fi genre_thriller genre_war genre_western
feature_infos=[1916:2018] [0:102] [27:367] [0.012799999676644802:215.38479614257812] [0.012718772515654564:5.3770585060119629] [0:379000000] [0:19.753046035766602] [0:1] [0:329] [0:5.7990927696228027] [0:5] [0:5] [0:181] [0:5.2040066719055176] none none [0:1] none none [0:1] [0:1] [0:1] none none none [0:1] none none none none [0:1] [0:1] [0:1] none none none none none none [0:1] none none none none none none [0:1] [0:1] [0:1] [0:1] [0:1] [0:1] [0:1] [0:1] [0:1] [0:1] [0:1] [0:1] [0:1] [0:1] [0:1] [0:1] [0:1] [0:1] [0:1] [0:1]
tree_sizes=2646 2797 2830 2807 2816 2866 2853 2816 2869 2867 2878 2848 2835 2807 2878 2874 2842 2851 2851 2845 2873 2840 2950 2866 2919 2893 2881 2899 2869 2838 2864 2885 2904 2902 2875 2835 2908 2899 2900 2904 2887 2951 2922 2962 2867 2871 2983 2939 2908 2919 2933 2947 2924 2903 2969 2980 2929 2916 2985 2980 2934 2945 2903 2943 2932 2911 2947 2959 2940 2925 2910 2983 2922 2969 2887 2960 2904 2941 2957 2965 2959 2988 2898 2941 2902 3006 2966 2963 2939 2936 2952 2983 2906 2970 2987 2959 3051 2991 2952 2985 2950 3041 2945 2985 2987 2950 2936 2966 2926 2971 3032 2971 2947 2968 2980 2985 2975 3003 2997 2898 2993 2952 2968 3009 3013 2953 2959 2976 3009 2958 2979 2967 2954 2960 2997 2945 2966 2922 2940 2963 2919 2886 2945 3038 2919 3004 2917 3010 2982 2903 2993 2985 3030 3002 2923 2982 2987 3074 2951 2920 2973 2921 3035 2912 3042 3051 3025 2994 3008 3047 2984 2975 2972 2966 2956 3005 2961 2986 2943 2967 2938 2973 3016 2952 2886 3010 2973 2940 2972

Tree=0
num_leaves=31
num_cat=0
split_feature=5 3 3 5 5 5 0 8 8 3 5 3 10 5 3 8 10 8 8 0 5 5 8 10 3 3 8 0 0 2
split_gain=7300.67 1491.15 1354.28 508.933 496.656 338.727 359.151 173.335 167.742 160.455 115.204 108.148 97.5421 94.0102 73.8242 73.2435 69.2006 64.3316 50.3334 49.5447 55.3447 47.8386 46.7955 46.2495 44.8231 43.2187 42.8158 42.3702 40.2024 37.1048
threshold=10550000.000000002 3.0566999912261967 1.4578999876976015 1717780.5000000002 74000000.000000015 2129000.0000000005 1994.5000000000002 10.500000000000002 2.5000000000000004 2.0940999984741215 27250000.000000004 0.57864999771118175 3.328355193138123 57500000.000000007 7.7573499679565439 3.5000000000000004 3.4254524707794194 1.5000000000000002 22.500000000000004 1958.5000000000002 352500.00000000006 34100000.000000007 10.500000000000002 3.4985954761505131 4.5850501060485849 2.7459000349044804 11.500000000000002 1984.5000000000002 1992.5000000000002 109.50000000000001
decision_type=2 2 2 2 2 2 2 2 2 2 2 2 2 2 2 2 2 2 2 2 2 2 2 2 2 2 2 2 2 2
left_child=2 9 5 8 10 6 15 25 23 13 18 -8 -10 26 -6 -1 -14 -13 -3 20 -18 -11 -21 29 -12 27 -2 -5 -7 -4
right_child=1 4 3 7 14 28 11 -9 12 21 24 17 16 -15 -16 -17 19 -19 -20 22 -22 -23 -24 -25 -26 -27 -28 -29 -30 -31
leaf_value=16.671860461332667 16.741196930409718 16.783984797854078 16.689101635979533 16.744263975620953 16.838937261055936 16.728898402235128 16.565436954573787 16.770797354649957 16.747183751011448 16.76991765864101 16.806705329806888 16.612437257816026 16.657102860418547 16.80317037543599 16.871596705911951 16.725181302155942 16.619983490328089 16.654578902531252 16.808987940485874 16.711117410706965 16.706977443866958 16.792628889510983 16.752091187608912 16.667248447814373 16.827020653183045 16.747524028249273 16.776273686679321 16.714880080452673 16.692147501198985 16.740267993911313
leaf_weight=129 386 255 100 93 189 54 42 236 104 318 253 120 30 36 186 44 11.999999999999998 95 166 109 37 178 50 140 325 171 47 176 130 22
leaf_count=129 386 255 100 93 189 54 42 236 104 318 253 120 30 36 186 44 12 95 166 109 37 178 50 140 325 171 47 176 130 22
internal_value=16.7563 16.7976 16.7052 16.7258 16.821 16.6625 16.6455 16.7466 16.7024 16.7643 16.808 16.6192 16.7188 16.7496 16.8554 16.6852 16.7064 16.6305 16.7939 16.714 16.6833 16.7781 16.7239 16.6813 16.8182 16.7337 16.745 16.7249 16.7027 16.6981
internal_weight=4233 2339 1894 1280 1374 614 430 676 604 965 999 257 342 469 375 173 238 215 421 208 49 496 159 262 578 440 433 269 184 122
internal_count=4233 2339 1894 1280 1374 614 430 676 604 965 999 257 342 469 375 173 238 215 421 208 49 496 159 262 578 440 433 269 184 122
is_linear=0
shrinkage=1


Tree=1
num_leaves=31
num_cat=0
split_feature=5 3 3 5 0 8 5 3 20 8 5 3 5 11 5 3 20 5 8 8 8 2 8 2 0 8 2 0 5 3
split_gain=6775.15 1574.47 1271.96 479.308 342.16 316.792 207.338 202.803 163.437 162.878 133.003 124.149 109.334 104.02 95.3601 84.972 69.6307 66.9413 60.8903 49.7283 47.0519 44.3642 44.1622 43.2036 41.7236 37.6983 36.5964 37.3358 32.3542 31.0638
threshold=8022880.0000000009 3.07604992389679 1.7641500234603884 66500000.000000007 1993.5000000000002 10.500000000000002 37965500.000000007 1.0103999972343447 1.0000000180025095e-35 3.5000000000000004 1717780.5000000002 2.0940999984741215 27250000.000000004 3.3750000000000004 2350000.0000000005 7.7573499679565439 1.0000000180025095e-35 2520400.0000000005 8.5000000000000018 2.5000000000000004 5.5000000000000009 102.50000000000001 1.5000000000000002 103.50000000000001 1997.5000000000002 25.500000000000004 116.50000000000001 2009.5000000000002 3950000.0000000005 4.1425499916076669
decision_type=2 2 2 2 2 2 2 2 2 2 2 2 2 2 2 2 2 2 2 2 2 2 2 2 2 2 2 2 2 2
left_child=2 6 4 12 8 10 11 14 -1 16 13 20 18 19 21 -5 -9 -7 -3 26 -2 22 -6 -10 -18 -14 27 -4 -26 -15
right_child=1 3 5 15 7 17 -8 9 23 -11 -12 -13 25 29 -16 -17 24 -19 -20 -21 -22 -23 -24 -25 28 -27 -28 -29 -30 -31
leaf_value=-0.14491109251230955 -0.022486812988684442 0.020426304590681364 -0.040683417710493198 0.07740394435296287 -0.17840919021740559 -0.013071650024106514 0.03307629966413924 -0.0599772967459841 -0.059645476766172802 -0.041256710814058108 -0.020918880697857176 0.011290854634140519 0.052018655645488243 -0.076945191782584701 -0.076469456149854106 0.11033275298719054 -0.060725215412168347 0.0216901402605661 0.04598241186364891 -0.0093339309973616003 0.0026060088208614616 -0.111926460774338 -0.11980262781381609 -0.030569563508592548 -0.12543776633635961 0.072259238859059799 0.00691693759795565 -0.096116068018519366 -0.072917795918557959 -0.039442526641693954
leaf_weight=23 324 197 52 231 69 121 255 44 174 76 287 402 387 159 33 188 21 152 281 70 127 46 34 104 130 176 11.999999999999998 22 22 37
leaf_count=23 324 197 52 231 69 121 255 44 174 76 287 402 387 159 33 188 21 152 281 70 127 46 34 104 130 176 12 22 22 37
internal_value=0.00112315 0.0369212 -0.053326 0.060783 -0.0862397 -0.0252547 0.00545072 -0.104784 -0.056719 -0.0861502 -0.0387209 -0.00283481 0.0479749 -0.0531302 -0.134139 0.0924104 -0.101604 0.00628504 0.0355182 -0.0314741 -0.0154268 -0.146305 -0.160418 -0.048923 -0.111775 0.0584661 -0.0491606 -0.0582485 -0.118374 -0.0701106
internal_weight=4256 2568 1688 1460 776 912 1108 475 301 293 639 853 1041 352 182 419 217 273 478 156 451 149 103 278 173 563 86 74 152 196
internal_count=4256 2568 1688 1460 776 912 1108 475 301 293 639 853 1041 352 182 419 217 273 478 156 451 149 103 278 173 563 86 74 152 196
is_linear=0
shrinkage=0.035


Tree=2
num_leaves=31
num_cat=0
split_feature=5 3 3 5 5 3 1 5 8 20 3 3 5 5 8 3 20 1 3 8 3 8 5 3 11 1 3 61 61 8
split_gain=6547.98 1395.18 1189.95 401.8 372.556 253.565 246.53 230.545 142.193 139.442 116.292 105.558 103.964 99.9315 89.8079 72.1542 64.6299 92.2878 80.2079 57.8891 48.933 45.442 40.3016 37.8628 37.4772 57.275 41.8266 36.2142 32.0272 31.4883
threshold=8022880.0000000009 3.6654000282287602 1.4578999876976015 51250000.000000007 1622000.0000000002 2.1090999841690068 24.500000000000004 2219500.0000000005 2.5000000000000004 1.0000000180025095e-35 3.376350045204163 0.85545000433921825 57500000.000000007 35050000.000000007 6.5000000000000009 7.890899896621705 1.0000000180025095e-35 16.500000000000004 3.4822499752044682 18.500000000000004 1.4142499566078188 3.5000000000000004 18750000.000000004 6.7208499908447275 3.8750000000000004 6.5000000000000009 2.7459000349044804 1.0000000180025095e-35 1.0000000180025095e-35 23.500000000000004
decision_type=2 2 2 2 2 2 2 2 2 2 2 2 2 2 2 2 2 2 2 2 2 2 2 2 2 2 2 2 2 2
left_child=2 5 6 19 8 12 7 11 24 -8 29 -1 20 -7 28 -5 17 -10 27 22 -2 -11 -3 -19 25 26 -4 -18 -13 -6
right_child=1 3 4 15 10 13 9 -9 16 21 -12 14 -14 -15 -16 -17 18 23 -20 -21 -22 -23 -24 -25 -26 -27 -28 -29 -30 -31
leaf_value=-0.1551494168053974 -0.027238611969667415 0.020224887969573658 -0.12131326028704645 0.074592559676927836 -0.025644494247299646 0.014741635344108538 -0.15348708263196445 -0.063212666675217993 -0.0077234996190915515 -0.061703395587791289 0.011504891014131845 -0.12676477410461298 0.048333083069589187 0.041773035074204205 -0.027292107024175279 0.10262108110961782 -0.044635297373765051 -0.11487711603352518 0.010003630752048709 0.057264946107813824 -0.0041571267279903353 -0.018526582661387511 0.044222957308397724 -0.043268494074465709 -0.089322280295533685 -0.047001044772137568 -0.04714287061492603 -0.0073796264819982575 -0.083995774098600332 0.013889803568660109
leaf_weight=109 166 126 27 287 329 515 18 96 23 146 184 113 37 249 15.999999999999998 212 170 32 54 311 347 39 289 14.999999999999998 92 122 17 40 38 26
leaf_count=109 166 126 27 287 329 515 18 96 23 146 184 113 37 249 16 212 170 32 54 311 347 39 289 15 92 122 17 40 38 26
internal_value=2.66864e-06 0.0356302 -0.0530097 0.062486 -0.0321173 0.0105636 -0.093974 -0.110981 -0.0512636 -0.0624079 -0.0110292 -0.127302 -0.00754786 0.023597 -0.108301 0.0866854 -0.0359966 -0.0658043 -0.0278679 0.0457543 -0.0116679 -0.0527592 0.0370071 -0.0934373 -0.0708058 -0.0600597 -0.0943798 -0.0376159 -0.116637 -0.0227132
internal_weight=4245 2539 1706 1225 1131 1314 575 372 592 203 539 276 550 764 167 499 334 70 264 726 513 185 415 47 258 166 44 210 151 355
internal_count=4245 2539 1706 1225 1131 1314 575 372 592 203 539 276 550 764 167 499 334 70 264 726 513 185 415 47 258 166 44 210 151 355
is_linear=0
shrinkage=0.035


Tree=3
num_leaves=31
num_cat=0
split_feature=5 4 4 5 8 0 5 5 5 20 5 4 4 5 4 10 8 2 2 2 10 0 4 8 2 8 8 0 8 8
split_gain=6067.68 1322.55 1149.56 425.171 408.161 287.272 181.686 160.837 139.513 124.555 116.974 96.7054 92.406 84.1477 81.8433 76.6387 72.215 74.8818 59.1636 56.6336 53.4591 78.9599 49.6351 48.77 42.8843 42.4216 41.2652 59.0985 37.1063 33.9085
threshold=8022880.0000000009 1.4051283001899721 0.89930731058120739 66500000.000000007 3.5000000000000004 1993.5000000000002 2219500.0000000005 35050000.000000007 3420000.0000000005 1.0000000180025095e-35 2650000.0000000005 1.1294970512390139 0.61812710762023937 27250000.000000004 2.1698932647705083 3.3732142448425297 35.500000000000007 96.500000000000014 93.500000000000014 103.50000000000001 3.997916698455811 2011.5000000000002 1.3206618428230288 49.500000000000007 96.500000000000014 5.5000000000000009 4.5000000000000009 1996.5000000000002 11.500000000000002 25.500000000000004
decision_type=2 2 2 2 2 2 2 2 2 2 2 2 2 2 2 2 2 2 2 2 2 2 2 2 2 2 2 2 2 2
left_child=2 7 5 13 10 9 12 11 15 -1 20 25 18 23 -5 -6 17 -17 -7 26 21 -4 -23 -3 -11 -2 27 -14 -10 -15
right_child=1 3 4 14 8 6 -8 -9 28 24 -12 -13 19 29 -16 16 -18 -19 -20 -21 -22 22 -24 -25 -26 -27 -28 -29 -30 -31
leaf_value=-0.14720376263724436 -0.020317764889755431 0.027980223392779731 -0.043128108419178406 0.070655250772382272 0.0013263032275872928 -0.1773847373261534 -0.065105352429651667 0.028975440187355119 -0.0052974008302951216 -0.068450150878530222 -0.028554415056462081 0.01021186601989608 -0.20639746740660991 0.047049680692574772 0.1024190013723158 -0.073814825635008297 0.0048264105224183626 -0.028959623188817802 -0.11952321727573871 -0.07351016887249251 -0.083760852376741135 -0.11822516446955066 -0.045093234648307161 0.058864947989019326 -0.034252498740321553 0.0042016341874250964 -0.066237083673869324 -0.11705791865192713 0.02315070100295849 0.066631651351555146
leaf_weight=17 318 400 184 230 104 57 86 264 100 84 163 394 11.999999999999998 362 198 65 48 157 55 52 122 33 20 75 105 118 18 82 126 170
leaf_count=17 318 400 184 230 104 57 86 264 100 84 163 394 12 362 198 65 48 157 55 52 122 33 20 75 105 118 18 82 126 170
internal_value=-7.23828e-05 0.0342342 -0.0514015 0.056322 -0.0308142 -0.0919398 -0.110771 0.00523521 -0.0110895 -0.0584647 -0.0534184 -0.00233957 -0.124707 0.0438215 0.0855583 -0.0241864 -0.0339886 -0.0423729 -0.150295 -0.106417 -0.0645921 -0.0544068 -0.0920067 0.0329739 -0.0497409 -0.0136833 -0.120894 -0.130534 0.0105875 0.0534236
internal_weight=4219 2529 1690 1435 1122 568 362 1094 600 206 522 830 276 1007 428 374 270 222 112 164 359 237 53 475 189 436 112 94 226 532
internal_count=4219 2529 1690 1435 1122 568 362 1094 600 206 522 830 276 1007 428 374 270 222 112 164 359 237 53 475 189 436 112 94 226 532
is_linear=0
shrinkage=0.035


Tree=4
num_leaves=31
num_cat=0
split_feature=6 6 3 3 6 3 8 0 3 2 3 0 6 6 0 20 3 3 8 57 61 0 2 3 8 3 3 8 0 3
split_gain=5638.83 1139.96 1028.66 507.228 362.034 254.254 198.761 178.313 102.468 93.4877 87.2939 86.4723 76.8493 75.8353 61.0806 103.952 76.156 58.8242 55.2625 51.4059 49.7052 49.4215 48.4134 46.0587 41.0651 37.8604 36.2882 35.5032 34.579 36.0959
threshold=16.266478538513187 14.342597484588625 3.0566999912261967 1.1281999945640566 18.095636367797855 2.46399998664856 6.5000000000000009 1995.5000000000002 2.0940999984741215 102.50000000000001 1.2962499856948855 1962.5000000000002 17.12052154541016 17.966519355773929 1993.5000000000002 1.0000000180025095e-35 2.7459000349044804 9.7010498046875018 10.500000000000002 1.0000000180025095e-35 1.0000000180025095e-35 1970.5000000000002 109.50000000000001 4.5850501060485849 22.500000000000004 0.47145000100135809 2.981299996376038 1.5000000000000002 2011.5000000000002 1.6935999989509585
decision_type=2 2 2 2 2 2 2 2 2 2 2 2 2 2 2 2 2 2 2 2 2 2 2 2 2 2 2 2 2 2
left_child=1 3 8 7 12 10 14 -1 13 20 -3 -8 24 -2 15 21 28 -6 -7 22 25 -5 -18 -14 -4 -9 -13 -12 29 -16
right_child=2 5 4 6 17 18 11 9 -10 -11 27 26 23 -15 16 -17 19 -19 -20 -21 -22 -23 -24 -25 -26 -27 -28 -29 -30 -31
leaf_value=-0.072517405942232924 -0.0079503180043386558 -0.054004438090413436 0.024026349178974359 -0.14343018039904146 0.074533099211842188 -0.0080193931572056492 -0.071040412076994006 -0.2240621218532324 0.019314517881882123 -0.093715767866425354 -0.04051412642888038 -0.02509649085971926 0.041838364773816791 0.05375158426165582 -0.091614110662017106 -0.039606246581625863 -0.052437372738681737 0.10469267152503686 0.016976609657371518 -0.1044601517096162 -0.089125887907213652 -0.065159444836193126 0.010830260874082646 0.061963418873065668 0.046824945897845457 -0.14952597272785551 0.0095043960457046831 -0.015692163188862362 -0.10590901282787324 -0.057490382115713994
leaf_weight=98 396 158 243 18 248 224 37 14.999999999999998 494 56 98 97 259 25 85 194 39 134 208 12.999999999999998 17 28 23 336 166 76 59 257 74 85
leaf_count=98 396 158 243 18 248 224 37 15 494 56 98 97 259 25 85 194 39 134 208 13 17 28 23 336 166 76 59 257 74 85
internal_value=0.000187612 -0.0434415 0.0373356 -0.0691997 0.0563395 -0.0157568 -0.0544557 -0.111144 0.00851741 -0.133635 -0.0323924 -0.0236532 0.045221 -0.00416347 -0.0650262 -0.0512096 -0.0752232 0.0853629 0.00402309 -0.0434212 -0.153268 -0.0982244 -0.02914 0.0532909 0.0333755 -0.164133 -0.0120219 -0.0226439 -0.0847741 -0.0749985
internal_weight=4260 1959 2301 1014 1386 945 752 262 915 164 513 193 1004 421 559 240 319 382 432 75 108 46 62 595 409 91 156 355 244 170
internal_count=4260 1959 2301 1014 1386 945 752 262 915 164 513 193 1004 421 559 240 319 382 432 75 108 46 62 595 409 91 156 355 244 170
is_linear=0
shrinkage=0.035


Tree=5
num_leaves=31
num_cat=0
split_feature=5 3 3 5 5 0 8 20 3 3 5 3 5 8 0 3 10 10 10 8 8 3 8 10 8 10 62 5 0 1
split_gain=5378.31 1686.07 560.469 480.206 263.433 257.798 120.216 117.776 117.617 115.944 105.942 79.6499 73.2807 71.7204 65.5192 64.1487 59.694 45.9474 42.97 42.0657 35.7618 34.3063 33.5355 33.058 32.7865 31.4235 31.2001 30.3516 24.4679 24.3048
threshold=3830000.0000000005 3.07604992389679 1.8205500245094302 51250000.000000007 17250000.000000004 1994.5000000000002 3.5000000000000004 1.0000000180025095e-35 1.4142499566078188 0.47145000100135809 12875428.500000002 7.3402998447418222 55500000.000000007 5.5000000000000009 1937.5000000000002 2.0940999984741215 4.2449998855590829 3.3732142448425297 3.997916698455811 23.500000000000004 3.5000000000000004 4.1425499916076669 3.5000000000000004 2.1715686321258549 1.5000000000000002 3.3006024360656743 1.0000000180025095e-35 6950000.0000000009 2010.5000000000002 51.500000000000007
decision_type=2 2 2 2 2 2 2 2 2 2 2 2 2 2 2 2 2 2 2 2 2 2 2 2 2 2 2 2 2 2
left_child=2 4 5 10 8 7 18 29 22 -7 24 -5 15 16 -8 -6 23 -16 -4 28 26 -19 27 -11 -3 -15 -10 -2 -12 -1
right_child=1 3 6 11 12 9 14 -9 20 13 19 -13 -14 25 17 -17 -18 21 -20 -21 -22 -23 -24 -25 -26 -27 -28 -29 -30 -31
leaf_value=-0.084393238011528468 -0.078792741515526662 -0.022489465181827546 -0.042736596198139215 0.063692154927930109 -0.0053492074297893915 -0.18325436330835027 -0.093044613399108259 -0.048834554039138119 -0.014920442148218201 -0.13514366718247534 0.029961297127066858 0.090826039114083906 0.037851982692867006 0.00093254485869636921 0.0030281687178359555 0.018180062072672282 -0.058411088134783018 -0.036723805706831626 -0.074279230808187269 0.052957961719536165 2.3000140337899213e-05 -0.0084236621615148208 -0.019139135370223687 -0.099828716748857904 0.019841843333984838 -0.069257946328006026 -0.061720803151985547 -0.040079733179699789 0.046715002598439366 -0.160791628241539
leaf_weight=16.000000000000004 37 24 163 319 261 20 13.999999999999998 260 244 49 329 250 116 11.999999999999998 91 309 41 143 84 280 255 84 57 252 226 21 18 89 168 12.999999999999998
leaf_count=16 37 24 163 319 261 20 14 260 244 49 329 250 116 12 91 309 41 143 84 280 255 84 57 252 226 21 18 89 168 13
internal_value=-0.000189163 0.0254492 -0.0606962 0.049963 -0.00279321 -0.0821447 -0.0352571 -0.0566727 -0.0178872 -0.100587 0.0356115 0.0757554 0.0126099 -0.0956973 -0.0213906 0.00741257 -0.100497 -0.0179487 -0.053727 0.0419881 -0.00930949 -0.0263421 -0.0419286 -0.106012 0.0156977 -0.0444059 -0.0183648 -0.0519925 0.0357105 -0.122917
internal_weight=4245 2982 1263 1596 1386 684 579 289 700 395 1027 569 686 375 332 570 342 318 247 777 517 227 183 301 250 33 262 126 497 29
internal_count=4245 2982 1263 1596 1386 684 579 289 700 395 1027 569 686 375 332 570 342 318 247 777 517 227 183 301 250 33 262 126 497 29
is_linear=0
shrinkage=0.035


Tree=6
num_leaves=31
num_cat=0
split_feature=5 3 3 9 5 0 5 5 5 3 10 20 2 9 5 5 11 9 9 2 51 11 2 5 2 9 9 9 3 54
split_gain=4725.69 1066.64 875.523 311.052 288.395 218.346 188.298 154.785 150.168 127.229 97.1762 95.967 78.6963 67.1876 63.1286 51.0375 50.5736 48.6594 44.0047 40.6974 39.5132 37.4639 35.9819 34.877 34.7435 34.153 28.905 25.8812 28.4978 25.5636
threshold=8022880.0000000009 3.6654000282287602 1.4142499566078188 2.3502402305603032 51250000.000000007 1993.5000000000002 35050000.000000007 2219500.0000000005 1717780.5000000002 2.0940999984741215 3.1595455408096318 1.0000000180025095e-35 106.50000000000001 1.2424533367156985 110500000.00000001 3250000.0000000005 3.3750000000000004 2.9700856208801274 1.4978661537170412 97.500000000000014 1.0000000180025095e-35 3.6250000000000004 96.500000000000014 36500000.000000007 93.500000000000014 1.8688347935676577 1.2424533367156985 2.7403194904327397 2.3170499801635747 1.0000000180025095e-35
decision_type=2 2 2 2 2 2 2 2 2 2 2 2 2 2 2 2 2 2 2 2 2 2 2 2 2 2 2 2 2 2
left_child=2 6 5 8 17 11 9 12 10 25 18 -1 13 -7 -6 21 -15 23 -4 -12 -14 -5 -13 -3 -23 -2 29 28 -8 -10
right_child=1 4 3 15 14 7 27 -9 26 -11 19 22 20 16 -16 -17 -18 -19 -20 -21 -22 24 -24 -25 -26 -27 -28 -29 -30 -31
leaf_value=-0.13414951682835818 -0.019475923594976217 0.025484970990003398 -0.041299899375252427 0.010366748421627563 0.06452387522639795 -0.13365065947879748 0.011213277687222882 -0.057917694675201109 -0.018087629116119611 0.012008773287425429 -0.07989225267249396 -0.06145427313223481 -0.090806011692036032 -0.024299294012784956 0.0914359776100373 0.015819033360308751 -0.10501374520071681 0.050618589540080805 -0.0020738031817600132 -0.052851412952686062 -0.024276722386808079 -0.059580616243481647 -0.029447314119653654 0.048824928758733649 -0.013271808439115228 0.0024729349373412935 -0.011088869966316034 0.048588559206498537 0.034971958393908362 -0.045317149465005195
leaf_weight=14.999999999999998 317 299 139 63 297 156 106 93 89 530 122 79 42 13.999999999999998 186 148 35 301 47 185 15.999999999999998 24 102 109 102 119 170 78 153 84
leaf_count=15 317 299 139 63 297 156 106 93 89 530 122 79 42 14 186 148 35 301 47 185 16 24 102 109 102 119 170 78 153 84
internal_value=-0.000524283 0.0302675 -0.0450536 -0.0279056 0.05418 -0.0813735 0.00836604 -0.0977549 -0.0393371 0.00049645 -0.0517083 -0.0512655 -0.111563 -0.121998 0.0750587 0.000480018 -0.0829347 0.0398684 -0.0314614 -0.0638275 -0.0732053 -0.0115423 -0.0436877 0.0318288 -0.022506 -0.0134893 -0.0214522 0.0308506 0.0253356 -0.0315034
internal_weight=4220 2495 1725 1173 1192 552 1303 356 836 966 493 196 263 205 483 337 49 709 186 307 58 189 181 408 126 436 343 337 259 173
internal_count=4220 2495 1725 1173 1192 552 1303 356 836 966 493 196 263 205 483 337 49 709 186 307 58 189 181 408 126 436 343 337 259 173
is_linear=0
shrinkage=0.035


Tree=7
num_leaves=31
num_cat=0
split_feature=6 3 3 6 6 0 6 3 3 3 20 8 8 6 10 8 2 8 8 2 3 3 2 10 3 2 3 10 8 0
split_gain=4731.52 974.649 847.829 296.051 263.235 232.626 218.353 197.285 144.7 110.001 92.3115 85.7343 72.8749 68.1826 64.7165 57.1811 49.6537 45.7569 45.605 49.6796 43.6656 43.3408 39.6163 38.0977 41.107 36.1885 39.9194 35.5449 32.5033 31.4917
threshold=16.266478538513187 1.7641500234603884 4.1810998916625985 14.571161270141603 14.356526374816896 1994.5000000000002 18.05681133270264 2.0940999984741215 0.93059998750686657 3.4138000011444096 1.0000000180025095e-35 4.5000000000000009 4.5000000000000009 17.372285842895511 3.3765244483947758 5.5000000000000009 96.500000000000014 3.5000000000000004 1.5000000000000002 93.500000000000014 1.4018500447273257 0.64110001921653759 90.500000000000014 3.8307291269302373 4.9570000171661386 93.500000000000014 1.5731499791145327 3.5506410598754887 2.5000000000000004 2009.5000000000002
decision_type=2 2 2 2 2 2 2 2 2 2 2 2 2 2 2 2 2 2 2 2 2 2 2 2 2 2 2 2 2 2
left_child=1 3 7 5 12 10 28 15 18 17 -1 -10 22 -9 -14 -2 -16 -6 19 -7 -5 -20 -3 -24 -25 -12 -27 -18 29 -4
right_child=2 4 6 20 9 8 -8 13 11 -11 25 -13 14 -15 16 -17 27 -19 21 -21 -22 -23 23 24 -26 26 -28 -29 -30 -31
leaf_value=-0.11873191999013609 -0.013130635929750653 -0.080253041686964982 -0.010674665082246067 -0.04942489582873881 -0.029033770631135093 -0.18141705016218701 0.080411958405426143 0.016948939704753686 -0.092167341370186451 0.013516845807072971 -0.069442560254749083 -0.027111603487523336 0.0030043883632281674 0.037295864818681981 -0.064608169885312719 0.014761013375804762 -0.075017983254009435 -0.004882330244686455 -0.14011066163398328 -0.11336653038333445 -0.020356393365793903 -0.073017899740826009 -0.032124850820185104 -0.077379662096626681 -0.0078244353383779535 -0.028372907239395909 -0.076242100495810594 -0.012130567028837948 0.048894406462125686 0.037706689883267787
leaf_weight=25 292 50 22 174 178 38 352 540 182 255 66 30 72 325 52 129 11.999999999999998 209 24 33 103 32 121 58 12.999999999999998 118 26 77 546 60
leaf_count=25 292 50 22 174 178 38 352 540 182 255 66 30 72 325 52 129 12 209 24 33 103 32 121 58 13 118 26 77 546 60
internal_value=-0.000594396 -0.0405834 0.0337847 -0.068673 -0.0187486 -0.0830252 0.0582946 0.0150748 -0.101641 -0.00429552 -0.0558468 -0.0831401 -0.0390837 0.02463 -0.023963 -0.00456539 -0.0376701 -0.0160415 -0.13162 -0.151826 -0.0387344 -0.103756 -0.0522318 -0.0445475 -0.0649541 -0.0478249 -0.0374942 -0.0213685 0.0457867 0.024733
internal_weight=4214 1948 2266 851 1097 574 980 1286 339 642 235 212 455 865 213 421 141 387 127 71 277 56 242 192 71 210 144 89 628 82
internal_count=4214 1948 2266 851 1097 574 980 1286 339 642 235 212 455 865 213 421 141 387 127 71 277 56 242 192 71 210 144 89 628 82
is_linear=0
shrinkage=0.035


Tree=8
num_leaves=31
num_cat=0
split_feature=5 3 3 5 5 0 9 5 3 20 20 0 5 5 3 9 48 9 10 2 10 3 3 10 9 2 20 5 0 2
split_gain=4459.38 1323.4 549.88 383.108 227.605 189.191 185.701 108.401 96.4409 93.3473 82.6948 68.5111 63.3887 56.3323 62.2022 58.532 55.8977 50.7521 49.6559 44.5355 42.69 49.2671 42.238 38.3339 39.2661 37.8246 36.8117 33.0022 30.9846 28.9782
threshold=3702769.0000000005 3.1338999271392827 1.4578999876976015 36500000.000000007 18250000.000000004 1994.5000000000002 1.4978661537170412 89000000.000000015 1.4018500447273257 1.0000000180025095e-35 1.0000000180025095e-35 1974.5000000000002 55500000.000000007 210000.00000000003 0.57864999771118175 1.7005987167358401 1.0000000180025095e-35 3.1984648704528813 3.5990195274353032 103.50000000000001 3.997916698455811 1.9201499819755556 2.0940999984741215 3.328355193138123 3.5972183942794804 96.500000000000014 1.0000000180025095e-35 14900000.000000002 1990.5000000000002 112.50000000000001
decision_type=2 2 2 2 2 2 2 2 2 2 2 2 2 2 2 2 2 2 2 2 2 2 2 2 2 2 2 2 2 2
left_child=2 4 5 17 8 9 16 -5 -2 -1 11 -8 22 14 -7 19 20 27 -17 -16 21 -4 -6 -12 -25 -11 -15 -3 -10 -23
right_child=1 3 6 7 12 13 10 -9 28 25 23 -13 -14 26 15 18 -18 -19 -20 -21 -22 29 -24 24 -26 -27 -28 -29 -30 -31
leaf_value=-0.13233265685372883 -0.037310298373339983 0.010017622649625994 -0.067841707064418638 0.052482758939539222 -0.0030239181372323574 -0.15698715644031763 -0.12472792423516514 0.079967726621021543 0.0038000147672956467 -0.067064825588365046 0.004533201328957231 -0.036202544600116439 0.035154740609142643 -0.02177580995162328 -0.12441974735205227 0.002652629714745741 -0.014462436961320541 0.040242536339212001 -0.094020155474543593 -0.080866601970874599 -0.075640273175476239 -0.042790510586039124 0.016508502764304839 -0.028159389595787284 0.0082299987143310514 -0.032807914579897193 -0.0856194889904245 0.028431471076251175 -0.013666414408316702 -0.0017046087417337632
leaf_weight=17 178 191 101 480 241 34 12.999999999999998 290 188 70 108 53 129 13.999999999999998 101 12.000000000000002 41 281 12.999999999999998 53 118 113 308 178 45 99 75 325 364 26
leaf_count=17 178 191 101 480 241 34 13 290 188 70 108 53 129 14 101 12 41 281 13 53 118 113 308 178 45 99 75 325 364 26
internal_value=-0.000324297 0.0232033 -0.0548143 0.0453203 -0.00142468 -0.0840579 -0.0368009 0.0629268 -0.0149775 -0.0557641 -0.0197713 -0.0552668 0.0131656 -0.101237 -0.11139 -0.101895 -0.053649 0.0282505 -0.0492326 -0.11006 -0.0580792 -0.0491597 0.00794107 -0.0125432 -0.0208045 -0.0473185 -0.0759496 0.0216514 -0.00771842 -0.0351849
internal_weight=4259 2975 1284 1567 1408 488 796 770 730 186 397 66 678 302 213 179 399 797 25 154 358 240 549 331 223 169 89 516 552 139
internal_count=4259 2975 1284 1567 1408 488 796 770 730 186 397 66 678 302 213 179 399 797 25 154 358 240 549 331 223 169 89 516 552 139
is_linear=0
shrinkage=0.035


Tree=9
num_leaves=31
num_cat=0
split_feature=5 8 3 5 5 3 3 3 1 5 10 2 20 3 5 5 20 5 3 2 8 48 2 3 8 8 11 51 1 20
split_gain=4124.28 821.175 798.593 307.787 216.859 178.204 175.484 158.173 150.629 127.106 79.7157 86.7192 87.8199 73.5016 73.0421 53.079 51.1877 50.9614 48.7687 48.7134 58.0539 47.9841 46.6652 45.6207 33.2497 32.2679 31.7806 24.6054 24.3071 41.1376
threshold=10550000.000000002 3.5000000000000004 4.1810998916625985 1515000.0000000002 47500000.000000007 2.4974000453948979 1.4018500447273257 0.78949999809265148 23.500000000000004 3420000.0000000005 3.2787193059921269 98.500000000000014 1.0000000180025095e-35 1.6504999995231631 28500000.000000004 106000000.00000001 1.0000000180025095e-35 34100000.000000007 2.7826499938964848 103.50000000000001 2.5000000000000004 1.0000000180025095e-35 111.50000000000001 3.568949937820435 6.5000000000000009 51.500000000000007 2.1250000000000004 1.0000000180025095e-35 24.500000000000004 1.0000000180025095e-35
decision_type=2 2 2 2 2 2 2 2 2 2 2 2 2 2 2 2 2 2 2 2 2 2 2 2 2 2 2 2 2 2
left_child=1 3 5 6 25 14 8 -3 19 10 -9 12 -12 28 27 -6 -10 -7 -11 20 -1 22 26 -14 -16 -4 -8 -2 29 -5
right_child=2 7 4 13 15 17 21 9 16 18 11 -13 23 -15 24 -17 -18 -19 -20 -21 -22 -23 -24 -25 -26 -27 -28 -29 -30 -31
leaf_value=-0.12999851840113127 -0.016280709650393934 -0.12541046161254249 0.032192498134562764 -0.021709648280387264 0.0603091413481101 0.016961976897359517 -0.040068193610271682 -9.5213374868035334e-05 -0.118835315712293 -0.0093782394735652478 -0.12582914337358977 -0.018467820422343302 -0.053997057161852727 -0.021644893267649366 0.0059576422685546238 0.084049026094090484 -0.047066275354350616 0.035920640684014703 0.016726615469743199 -0.081618665379381949 -0.052149213766053436 -0.015971876540276059 -0.035126055739664784 0.0059608325184322903 0.032849169238074419 0.055251800037382809 -0.074244552832666857 0.00044525846897868539 -0.033894535742199694 -0.072874490834234487
leaf_weight=130 228 13.999999999999998 376 26 309 398 45 134 13.999999999999998 157 18 207 79 225 162 207 89 313 196 61 14.999999999999998 33 71 19 86 96 202 203 66 89
leaf_count=130 228 14 376 26 309 398 45 134 14 157 18 207 79 225 162 207 89 313 196 61 15 33 71 19 86 96 202 203 66 89
internal_value=-0.000433888 -0.0390157 0.0302332 -0.0592863 0.0542763 0.0131155 -0.0740453 -0.0127497 -0.0933872 -0.0106481 -0.0228143 -0.0322048 -0.0563359 -0.0351666 0.000284226 0.0699802 -0.057887 0.0253492 0.0051176 -0.110764 -0.122369 -0.0567959 -0.0609635 -0.0424121 0.0153844 0.0369931 -0.0682118 -0.00841597 -0.0517544 -0.0616087
internal_weight=4268 1890 2378 1066 988 1390 660 824 309 810 457 323 116 406 679 516 103 711 353 206 145 351 318 98 248 472 247 431 181 115
internal_count=4268 1890 2378 1066 988 1390 660 824 309 810 457 323 116 406 679 516 103 711 353 206 145 351 318 98 248 472 247 431 181 115
is_linear=0
shrinkage=0.035


Tree=10
num_leaves=31
num_cat=0
split_feature=6 3 3 6 6 6 0 9 9 6 3 6 20 10 2 9 9 11 2 11 20 6 51 3 49 2 0 9 9 1
split_gain=3695.43 688.386 652.719 267.138 261.11 184.351 189.971 104.435 81.5798 76.6521 66.6077 64.1816 63.1576 58.6447 50.1254 63.4132 46.13 42.6195 42.5275 42.2811 38.3637 38.2704 35.9388 35.1008 34.8556 33.4503 35.7325 30.2927 28.661 26.7772
threshold=16.171625137329105 1.4370000362396242 3.0566999912261967 14.739895820617678 17.795148849487308 14.571161270141603 1994.5000000000002 1.4978661537170412 1.2424533367156985 17.433139801025394 1.5552499890327456 18.615348815917972 1.0000000180025095e-35 3.328355193138123 102.50000000000001 1.2424533367156985 3.1984648704528813 3.3750000000000004 97.500000000000014 3.1250000000000004 1.0000000180025095e-35 16.516849517822269 1.0000000180025095e-35 1.0103999972343447 1.0000000180025095e-35 116.50000000000001 2011.5000000000002 0.89587974548339855 3.7494349479675297 15.500000000000002
decision_type=2 2 2 2 2 2 2 2 2 2 2 2 2 2 2 2 2 2 2 2 2 2 2 2 2 2 2 2 2 2
left_child=1 5 9 7 16 6 12 19 -5 10 -2 -6 -1 -9 15 -8 21 -17 20 25 -15 -4 -16 -14 -21 26 -3 -12 -10 -19
right_child=2 3 4 8 11 -7 14 13 28 -11 27 -13 23 18 22 17 -18 29 -20 24 -22 -23 -24 -25 -26 -27 -28 -29 -30 -31
leaf_value=-0.11487404724624424 -0.019043748057214545 -0.031311671317071445 0.00093592787720263011 -0.024599419400248616 0.054641893808199206 -0.037214554033453341 -0.12281907611745928 0.0019225577259457663 -3.7314898613840343e-06 0.022720856535935821 -0.0092184560422182982 0.081391999345272789 -0.065757976711541419 -0.10188907007500531 -0.090466289013975631 -0.018583646412193778 0.043005852700830953 -0.048033286227629729 -0.020858520318276418 -0.063586014495919579 -0.039644589234983103 0.029190493549505207 -0.036375278176665311 -0.031007926991999602 -0.0040356225818395618 0.010289217558999857 -0.07677981888502837 0.010889712431931415 0.027844201932679152 -0.12238387876749041
leaf_weight=17 167 103 67 182 371 171 134 86 349 250 118 167 59 14.999999999999998 52 13.999999999999998 298 12.000000000000002 155 206 65 486 24 98 12.999999999999998 17 27 401 51 17
leaf_count=17 167 103 67 182 371 171 134 86 349 250 118 167 59 15 52 14 298 12 155 206 65 486 24 98 13 17 27 401 51 17
internal_value=-0.000667182 -0.0373283 0.0287747 -0.0227064 0.0439898 -0.0682645 -0.0805789 -0.0374713 -0.00524031 0.0061713 0.000113273 0.0630842 -0.0519228 -0.0227801 -0.0999981 -0.110629 0.0318564 -0.0706727 -0.0317974 -0.0502544 -0.0524508 0.0257783 -0.0741019 -0.0444115 -0.0600934 -0.0352773 -0.0412824 0.00630561 0.0036031 -0.0943031
internal_weight=4192 1867 2325 1269 1389 598 427 687 582 936 686 538 174 321 253 177 851 43 235 366 80 553 76 157 219 147 130 519 400 29
internal_count=4192 1867 2325 1269 1389 598 427 687 582 936 686 538 174 321 253 177 851 43 235 366 80 553 76 157 219 147 130 519 400 29
is_linear=0
shrinkage=0.035


Tree=11
num_leaves=31
num_cat=0
split_feature=6 3 3 6 6 8 0 3 8 20 20 0 8 3 10 2 6 8 6 49 0 6 8 57 10 0 6 8 3 2
split_gain=3578.36 1096.63 459.958 306.358 184.934 140.342 127.925 94.1471 77.1637 74.5334 72.8695 81.2416 55.1837 50.2857 57.333 74.7068 47.8115 46.4527 44.3465 41.6721 38.5421 37.5746 37.0159 35.6802 34.6675 33.4433 33.3049 33.1163 30.1204 28.3925
threshold=15.158344745635988 3.0566999912261967 1.4578999876976015 17.372285842895511 16.663217544555668 3.5000000000000004 1994.5000000000002 7.3402998447418222 3.5000000000000004 1.0000000180025095e-35 1.0000000180025095e-35 2001.5000000000002 11.500000000000002 0.57864999771118175 2.1396104097366337 95.500000000000014 17.831852912902836 36.500000000000007 12.467700481414797 1.0000000180025095e-35 1981.5000000000002 13.825412750244142 19.500000000000004 1.0000000180025095e-35 3.328355193138123 2009.5000000000002 16.516849517822269 3.5000000000000004 1.8346000313758852 95.500000000000014
decision_type=2 2 2 2 2 2 2 2 2 2 2 2 2 2 2 2 2 2 2 2 2 2 2 2 2 2 2 2 2 2
left_child=2 4 6 12 8 19 9 -5 20 -1 11 22 26 18 15 -15 28 24 -8 21 -2 23 -7 -4 -12 -25 -3 -16 -6 -11
right_child=1 3 5 7 16 10 13 -9 -10 29 17 -13 -14 14 27 -17 -18 -19 -20 -21 -22 -23 -24 25 -26 -27 -28 -29 -30 -31
leaf_value=-0.11659630509217582 0.0029176746048672382 0.0022857496683068319 -0.051689952905321947 0.046361659276252624 -0.0051954220539930296 -0.092502523943500017 -0.14577822816855199 0.071719511010444964 -0.0019048568753410368 -0.063683675439713108 -0.00092536253373295377 0.0049372326553515766 0.033907707289765894 -0.17030012639363609 -0.084631540589319293 -0.05930896135965983 0.031044911634771095 0.018210559291027065 -0.060268381390434049 0.0019012301176786423 -0.029944738392805974 -0.030992400297449665 -0.019805953094879022 -0.0585663974798388 -0.026580325072173214 -0.12574463259677093 0.02354291944064554 -0.048995361906476326 0.012066391214627317 -0.0330420612782985
leaf_weight=20 50 144 231 489 185 37 36 295 298 64 100 22 435 20 156 13.999999999999998 115 52 11.999999999999998 19 333 91 11.999999999999998 26 182 17 243 47 370 99
leaf_count=20 50 144 231 489 185 37 36 295 298 64 100 22 435 20 156 14 115 52 12 19 333 91 12 26 182 17 243 47 370 99
internal_value=-0.00023602 0.0207918 -0.0496809 0.0403316 -0.00244752 -0.033302 -0.0771606 0.0559846 -0.015282 -0.0537808 -0.0188504 -0.0508197 0.0253501 -0.0919262 -0.0844963 -0.127648 0.0105983 -0.0119179 -0.126103 -0.0484508 -0.0256536 -0.0510746 -0.0754865 -0.057601 -0.0175244 -0.0874192 0.0156641 -0.07667 0.00631031 -0.0453988
internal_weight=4214 2957 1257 1606 1351 789 468 784 681 183 405 71 822 285 237 34 670 334 48 384 383 365 49 274 282 43 387 203 555 163
internal_count=4214 2957 1257 1606 1351 789 468 784 681 183 405 71 822 285 237 34 670 334 48 384 383 365 49 274 282 43 387 203 555 163
is_linear=0
shrinkage=0.035


Tree=12
num_leaves=31
num_cat=0
split_feature=5 3 8 5 5 3 3 5 0 2 3 8 10 5 5 8 3 0 10 10 2 3 0 0 2 10 2 10 62 0
split_gain=3431.61 1016.05 359.778 323.153 167.809 130.649 129.97 107.254 96.9722 63.9192 61.7363 61.4328 65.4678 47.8138 44.0126 43.3449 42.7429 41.1762 35.743 33.2145 30.8346 30.0287 28.6428 27.9925 34.2875 25.5742 38.3292 25.2727 25.0718 25.0658
threshold=3702769.0000000005 2.8519499301910405 2.5000000000000004 32175000.000000004 17250000.000000004 1.0103999972343447 1.4578999876976015 102500000.00000001 1994.5000000000002 106.50000000000001 1.4142499566078188 35.500000000000007 3.3147007226943974 905000.00000000012 55500000.000000007 11.500000000000002 4.5399000644683847 1957.5000000000002 3.328355193138123 3.997916698455811 125.50000000000001 2.0940999984741215 2009.5000000000002 2013.5000000000002 99.500000000000014 2.4895833730697636 100.50000000000001 4.4645111560821542 1.0000000180025095e-35 1985.5000000000002
decision_type=2 2 2 2 2 2 2 2 2 2 2 2 2 2 2 2 2 2 2 2 2 2 2 2 2 2 2 2 2 2
left_child=2 4 6 15 10 18 8 16 25 27 29 12 -7 17 21 -3 -5 -14 -4 22 -19 -6 -8 28 -25 -1 -27 -10 -12 -2
right_child=1 3 5 7 14 11 19 -9 9 -11 23 -13 13 -15 -16 -17 -18 20 -20 -21 -22 -23 -24 24 -26 26 -28 -29 -30 -31
leaf_value=-0.025787923788499284 -0.0031738778166472918 0.013910506267187411 -0.034472222051583234 0.034016157412488354 -0.004141790784174891 -0.0099555082327605782 -0.032444074038627507 0.073180832701735199 -0.11049038018900612 -0.057183874175903655 -0.0052889348367826826 0.011012567727538673 -0.091876581953763969 -0.021529882150681637 0.030042865165297205 0.02969828199484767 0.052502344047841869 -0.048590585215360318 -0.102210469307171 -0.066635851757228373 -0.0035997512713074691 0.013037139585387197 -0.061902556266208171 -0.085299682528926793 -0.013332413117866964 -0.083353780131060942 -0.037267573747693045 -0.060492235726431809 -0.039588577282615008 -0.040002000069109103
leaf_weight=28 27 428 14.999999999999998 274 242 161 140 223 159 46 401 54 24 135 100 431 379 132 35 104 22 255 60 11.999999999999998 23 58 40 18 27 149
leaf_count=28 27 428 15 274 242 161 140 223 159 46 401 54 24 135 100 431 379 132 35 104 22 255 60 12 23 58 40 18 27 149
internal_value=-0.000471526 0.0198876 -0.0495857 0.0371556 -0.00436079 -0.0293909 -0.0673862 0.052111 -0.0820511 -0.0960668 -0.0168147 -0.0241638 -0.0281897 -0.0375018 0.00897221 0.0218593 0.0448121 -0.0494176 -0.0829977 -0.0503309 -0.0422393 0.00467731 -0.0415543 -0.010062 -0.0397395 -0.0566708 -0.0651272 -0.105784 -0.00754401 -0.034412
internal_weight=4202 2971 1231 1735 1236 578 653 876 349 223 639 528 474 313 597 859 653 178 50 304 154 497 200 463 35 126 98 177 428 176
internal_count=4202 2971 1231 1735 1236 578 653 876 349 223 639 528 474 313 597 859 653 178 50 304 154 497 200 463 35 126 98 177 428 176
is_linear=0
shrinkage=0.035


Tree=13
num_leaves=31
num_cat=0
split_feature=5 3 8 3 5 5 3 0 3 5 8 57 8 10 57 3 20 10 5 3 5 3 0 0 5 3 5 8 0 0
split_gain=3001.17 603.236 563.155 208.391 203.856 145.111 135.894 97.9499 89.683 86.4979 58.0019 54.7157 48.3091 46.1302 44.5915 43.1617 42.3377 37.0581 35.3991 34.5001 32.9201 32.417 31.4546 29.1766 55.0118 28.1099 27.5948 26.1131 26.1035 24.0858
threshold=10550000.000000002 4.3661999702453622 2.5000000000000004 1.0103999972343447 1515000.0000000002 69500000.000000015 2.4974000453948979 1993.5000000000002 1.4142499566078188 3002500.0000000005 11.500000000000002 1.0000000180025095e-35 35.500000000000007 3.3147007226943974 1.0000000180025095e-35 2.7987500429153447 1.0000000180025095e-35 2.236111164093018 37250000.000000007 3.1639000177383427 23250000.000000004 0.71780002117156994 2004.5000000000002 1986.5000000000002 6644000.0000000009 9.7010498046875018 28500000.000000004 23.500000000000004 1999.5000000000002 2010.5000000000002
decision_type=2 2 2 2 2 2 2 2 2 2 2 2 2 2 2 2 2 2 2 2 2 2 2 2 2 2 2 2 2 2
left_child=2 6 4 21 7 20 10 16 17 12 26 23 13 -5 19 27 -1 -9 -8 -10 -3 -4 28 -6 -25 -7 -2 -11 -19 -24
right_child=1 5 3 9 11 25 18 8 14 15 -12 -13 -14 -15 -16 -17 -18 22 -20 -21 -22 -23 29 24 -26 -27 -28 -29 -30 -31
leaf_value=-0.079559723421979034 -0.0090909058084333028 0.025225307747948469 -0.11730322306081654 -0.0084267566370842782 -0.019415128256475858 0.056902481384828549 0.016124872817912354 -0.12679656326643338 -0.057099270953760987 -0.01424330564222347 0.026143872251991742 0.0023600526658746489 0.013605793398610939 -0.030905092590867374 -0.095718808539692446 0.012127830923474674 -0.038268257932105691 -0.086803297757688497 0.031912493193128944 -0.013292127434412639 0.043105705490466252 -0.05789812388310308 -0.11951252316141671 -0.060776166310768813 -0.023266451826685353 0.078267771594328434 0.0067744070516060819 0.026919065174957117 -0.041834018863168447 -0.076542886015027775
leaf_weight=38 378 192 19 171 85 205 451 37 103 190 93 51 47 329 30 212 170 35 288 29 406 37 43 110 88 145 207 20 35 41
leaf_count=38 378 192 19 171 85 205 451 37 103 190 93 51 47 329 30 212 170 35 288 29 406 37 43 110 88 145 207 20 35 41
internal_value=3.01418e-05 0.0264177 -0.0324692 -0.0147319 -0.0527419 0.0480156 0.0119434 -0.0656395 -0.0769469 -0.010892 0.000620246 -0.0309421 -0.0200639 -0.0232532 -0.0571035 0.00101196 -0.0461648 -0.0933832 0.0223147 -0.0476604 0.0374195 -0.0797885 -0.0845777 -0.0369369 -0.0443147 0.0659566 -0.00347206 -0.0102058 -0.0652492 -0.0997071
internal_weight=4285 2365 1920 1025 895 948 1417 561 353 969 678 334 547 500 162 422 208 191 739 132 598 56 154 283 198 350 585 210 70 84
internal_count=4285 2365 1920 1025 895 948 1417 561 353 969 678 334 547 500 162 422 208 191 739 132 598 56 154 283 198 350 585 210 70 84
is_linear=0
shrinkage=0.035


Tree=14
num_leaves=31
num_cat=0
split_feature=5 3 3 0 5 8 5 8 20 5 3 3 5 20 54 3 0 5 10 3 20 8 3 5 0 8 3 5 8 3
split_gain=2717.01 628.9 494.278 167.461 164.454 140.416 112.392 108.071 62.1148 60.5642 59.0675 58.7785 56.1036 49.9375 64.3789 51.3938 46.083 43.0357 40.9451 44.6305 40.3413 36.7266 36.1214 34.0393 30.2892 28.9634 31.6626 28.7926 28.1872 27.5776
threshold=8022880.0000000009 3.8068499565124516 1.7641500234603884 1993.5000000000002 69500000.000000015 10.500000000000002 26500000.000000004 1.5000000000000002 1.0000000180025095e-35 5550000.0000000009 2.0769500732421879 0.64110001921653759 1494211.5000000002 1.0000000180025095e-35 1.0000000180025095e-35 0.93059998750686657 1958.5000000000002 27250000.000000004 3.6403125524520878 4.1425499916076669 1.0000000180025095e-35 7.5000000000000009 9.7010498046875018 58250000.000000007 2011.5000000000002 4.5000000000000009 1.9943000078201296 2219500.0000000005 3.5000000000000004 3.4518500566482548
decision_type=2 2 2 2 2 2 2 2 2 2 2 2 2 2 2 2 2 2 2 2 2 2 2 2 2 2 2 2 2 2
left_child=2 6 3 8 17 12 10 9 -1 13 25 -9 18 14 -5 -16 27 -3 20 -20 -4 -13 -6 -8 -22 26 -2 -7 -10 -18
right_child=1 4 5 7 22 16 23 11 28 -11 -12 21 -14 -15 15 -17 29 -19 19 -21 24 -23 -24 -25 -26 -27 -28 -29 -30 -31
leaf_value=-0.092528893371423102 -0.015441102366015601 0.023808563531433149 -0.058219436188042172 -0.013352170498967171 0.052527267679468623 -0.048093271358807893 0.013820697383236897 -0.10100684888690711 -0.036547586094900837 -0.014577672502957287 0.0075169793698091616 -0.050635187882768072 -0.014750823864934202 -0.09779274668334717 -0.14458951338896384 -0.048553506391220976 -0.0036965605469467121 0.040512820657095529 -0.060097808786900714 -0.012687415355534266 -0.0089162771739929383 -0.013077317051589489 0.075661376866698257 0.032977928852961171 -0.051325639485120783 0.002048552423309077 -0.068265457136432339 0.010606694946065547 -0.011942535760429853 0.020429909192330523
leaf_weight=20 221 352 34 24 251 29 412 24 205 14.999999999999998 431 160 311 173 12.000000000000002 18 99 426 111 32 123 41 139 158 24 123 13.999999999999998 14.999999999999998 81 138
leaf_count=20 221 352 34 24 251 29 412 24 205 15 431 160 311 173 12 18 99 426 111 32 123 41 139 158 24 123 14 15 81 138
internal_value=0.00058534 0.0235532 -0.0337706 -0.0543676 0.0423765 -0.0163469 0.00735488 -0.0675729 -0.0340544 -0.0839184 -0.00120101 -0.0496911 -0.0254514 -0.0884087 -0.0570815 -0.0904494 0.00423851 0.0329976 -0.0356402 -0.0496624 -0.0243403 -0.0430855 0.0609494 0.0191825 -0.0161521 -0.0116933 -0.0188714 -0.028252 -0.029651 0.0103712
internal_weight=4216 2527 1689 773 1168 916 1359 467 306 242 789 225 635 227 54 30 281 778 324 143 181 201 390 570 147 358 235 44 286 237
internal_count=4216 2527 1689 773 1168 916 1359 467 306 242 789 225 635 227 54 30 281 778 324 143 181 201 390 570 147 358 235 44 286 237
is_linear=0
shrinkage=0.035


Tree=15
num_leaves=31
num_cat=0
split_feature=5 4 4 5 0 5 4 5 8 20 4 8 2 61 0 4 0 2 31 4 5 5 11 4 8 0 8 10 2 2
split_gain=2628.35 532.401 519.452 188.673 139.984 129.582 107.31 82.3737 77.2496 60.6376 59.3158 56.734 56.297 50.7576 45.268 44.0826 53.5036 44.3724 39.6679 43.6789 32.1865 31.8691 31.238 31.7223 28.3515 28.1328 27.1095 26.0025 39.9141 25.8975
threshold=10550000.000000002 0.87623926997184765 1.6450173854827883 2650000.0000000005 1991.5000000000002 66500000.000000007 1.2567834258079531 2219500.0000000005 4.5000000000000009 1.0000000180025095e-35 1.2424239516258242 15.500000000000002 102.50000000000001 1.0000000180025095e-35 1936.5000000000002 1.3206618428230288 2008.5000000000002 91.500000000000014 1.0000000180025095e-35 1.5192834138870241 28500000.000000004 34100000.000000007 3.8750000000000004 1.6678293943405154 1.5000000000000002 1986.5000000000002 55.500000000000007 3.1123737096786503 96.500000000000014 86.500000000000014
decision_type=2 2 2 2 2 2 2 2 2 2 2 2 2 2 2 2 2 2 2 2 2 2 2 2 2 2 2 2 2 2
left_child=1 4 6 8 9 26 11 12 15 -1 25 20 13 29 -10 16 17 -3 19 27 -2 -8 -17 -24 -15 -5 -4 -16 -29 -6
right_child=2 3 5 10 7 -7 21 -9 14 -11 -12 -13 -14 24 18 22 -18 -19 -20 -21 -22 -23 23 -25 -26 -27 -28 28 -30 -31
leaf_value=-0.1013600087841352 -0.0085415091045733561 -0.063503159717025789 0.030842048702651587 0.00014436570536345244 -0.074626968653049588 0.060934163330979764 0.013658467399961204 -0.045235053016951215 -0.078459706056863074 -0.027342254741599455 0.0056562759054007428 0.030845769249091767 -0.056910472090987638 -0.086479497309116776 0.0016452208313880105 -0.0057611806415021425 -0.070661695412049697 -0.02875886534540685 -0.06939976794322332 0.010731209236083599 0.0084765818654559573 0.028720029779231247 -0.069288315587043778 -0.0067592478113041995 -0.023182825639843942 -0.024429502155000379 0.050848134330706667 -0.053386150427550703 -0.014358821228840482 -0.1117510546879084
leaf_weight=13.999999999999998 393 61 503 84 42 362 392 113 12.999999999999998 169 340 68 86 15.999999999999998 52 69 83 182 13.999999999999998 81 207 312 24 17 20 176 103 47 101 107
leaf_count=14 393 61 503 84 42 362 392 113 13 169 340 68 86 16 52 69 83 182 14 81 207 312 24 17 20 176 103 47 101 107
internal_value=-0.000156598 -0.0306022 0.024709 -0.0185767 -0.059021 0.0443294 0.0108425 -0.0710437 -0.0303416 -0.0335344 -0.00395917 0.000786446 -0.0815929 -0.0926899 -0.0168322 -0.0398205 -0.0462971 -0.0377124 -0.0138546 -0.0108448 -0.00266302 0.0203672 -0.0203663 -0.0441815 -0.0529389 -0.0165134 0.0343235 -0.0196017 -0.0270395 -0.101865
internal_weight=4251 1911 2340 1344 567 968 1372 384 744 183 600 668 271 185 308 436 326 243 295 281 600 704 110 41 36 260 606 200 148 149
internal_count=4251 1911 2340 1344 567 968 1372 384 744 183 600 668 271 185 308 436 326 243 295 281 600 704 110 41 36 260 606 200 148 149
is_linear=0
shrinkage=0.035


Tree=16
num_leaves=31
num_cat=0
split_feature=5 4 4 5 0 8 8 2 8 20 25 4 8 5 4 4 4 4 20 5 11 57 5 10 4 4 8 4 4 4
split_gain=2472.18 571.772 471.816 192.213 184.871 143.666 103.466 116.119 84.119 78.0658 53.6271 48.7809 47.011 45.0327 43.7108 41.9882 40.2698 51.7559 50.1536 37.5016 51.0019 38.1363 35.674 33.7701 31.3892 27.9793 26.1402 25.8961 23.6577 23.5016
threshold=8022880.0000000009 1.4192212224006655 1.0167331695556643 66500000.000000007 1993.5000000000002 10.500000000000002 1.5000000000000002 106.50000000000001 2.5000000000000004 1.0000000180025095e-35 1.0000000180025095e-35 0.49536667764186865 5.5000000000000009 21277725.000000004 2.3703418970108037 0.38624751567840582 0.49536667764186865 0.657829910516739 1.0000000180025095e-35 1717780.5000000002 3.1250000000000004 1.0000000180025095e-35 51250000.000000007 3.9854846000671391 1.4933197498321535 1.04703825712204 39.500000000000007 0.79394227266311657 2.433867454528809 0.98535025119781505
decision_type=2 2 2 2 2 2 2 2 2 2 2 2 2 2 2 2 2 2 2 2 2 2 2 2 2 2 2 2 2 2
left_child=2 8 4 13 9 10 7 15 27 -1 19 -8 29 28 -5 -6 -17 -18 -19 20 21 -4 25 24 -7 -10 -15 -2 -3 -13
right_child=1 3 5 14 6 23 11 -9 22 -11 -12 12 -14 26 -16 16 17 18 -20 -21 -22 -23 -24 -25 -26 -27 -28 -29 -30 -31
leaf_value=-0.090736219822168368 -0.034484773598611358 0.013790457638248453 -0.0044829288593070072 0.047508027255069474 -0.16142999289184812 -0.00256664133191449 -0.096986626029945927 -0.041187551932327239 -0.0037945174369870167 -0.025896925468645349 -0.079976060335834834 -0.05787063328009099 -0.017458194496401121 0.029622982553668284 0.071629708352104929 -0.040728827585776652 -0.13161216900746028 -0.025420391726294636 -0.092653248997987242 -0.01346423084765697 -0.041688604611324745 -0.050351500386372219 0.028583946709193432 -0.014677155296355486 0.025095290970205606 0.012195715002457853 0.047540266373472022 -0.0067748712704268337 0.03996638458795846 -0.006121125442477374
leaf_weight=24 46 298 109 283 11.999999999999998 90 23 67 204 287 20 139 63 494 148 20 41 17 95 289 205 27 107 74 112 387 130 353 49 11.999999999999998
leaf_count=24 46 298 109 283 12 90 23 67 204 287 20 139 63 494 148 20 41 17 95 289 205 27 107 74 112 387 130 353 49 12
internal_value=-0.000563745 0.0216828 -0.0327684 0.0364837 -0.0524433 -0.0157306 -0.0658711 -0.0815944 0.00274912 -0.031181 -0.0247034 -0.0488728 -0.0432665 0.0277964 0.0559418 -0.0959187 -0.0904629 -0.096646 -0.082779 -0.022822 -0.0306851 -0.013903 0.0100731 0.00540764 0.0128101 0.0066762 0.0334286 -0.0100521 0.017596 -0.0538369
internal_weight=4225 2499 1726 1402 800 926 489 252 1097 311 650 237 214 971 431 185 173 153 112 630 341 136 698 276 202 591 624 399 347 151
internal_count=4225 2499 1726 1402 800 926 489 252 1097 311 650 237 214 971 431 185 173 153 112 630 341 136 698 276 202 591 624 399 347 151
is_linear=0
shrinkage=0.035


Tree=17
num_leaves=31
num_cat=0
split_feature=6 3 3 6 1 6 3 6 8 2 3 8 10 2 8 10 2 6 1 8 20 8 6 3 8 2 10 3 3 2
split_gain=2245.99 465.336 447.717 181.132 118.128 100.161 97.9034 85.7122 79.7963 78.1307 72.6991 52.4671 52.2586 32.6883 32.6668 32.3204 36.4766 31.5987 28.746 27.0487 25.7314 23.7301 21.8153 21.3939 21.1711 20.9483 22.4602 25.7426 20.0884 31.1179
threshold=16.266478538513187 1.4142499566078188 4.1810998916625985 14.789892673492433 24.500000000000004 18.071097373962406 2.3686999082565312 14.612754344940187 2.5000000000000004 100.50000000000001 2.981299996376038 15.500000000000002 3.328355193138123 96.500000000000014 2.5000000000000004 3.4985954761505131 93.500000000000014 16.847984313964847 24.500000000000004 51.500000000000007 1.0000000180025095e-35 3.5000000000000004 16.370829582214359 9.7010498046875018 2.5000000000000004 92.500000000000014 2.3062499761581425 1.0438999533653261 0.80965000391006481 93.500000000000014
decision_type=2 2 2 2 2 2 2 2 2 2 2 2 2 2 2 2 2 2 2 2 2 2 2 2 2 2 2 2 2 2
left_child=1 4 6 8 7 19 11 9 15 28 14 24 -10 20 -5 18 -17 -8 -3 22 -14 25 -4 -7 -2 26 -6 -28 29 -1
right_child=2 3 5 10 21 23 17 -9 12 -11 -12 -13 13 -15 -16 16 -18 -19 -20 -21 -22 -23 -24 -25 -26 -27 27 -29 -30 -31
leaf_value=-0.1236376370585141 -0.012499355193718203 -0.044823002827212674 -0.01295520551800728 -0.026244878369929597 -0.022142464365591023 0.049102725141392703 0.0069695220396163013 -0.039875092774351827 0.00092386638302484466 -0.051031278008861203 0.0096949954397451722 0.031561395097490071 -0.078895413845777515 -0.019031228307717279 -0.0047680051149766355 -0.077667392034856786 -0.041564921889106848 0.022902666167872159 -0.010758631677745637 0.047783134950980549 -0.03350466166199377 -0.0093163679177174358 0.030498675358594771 0.068263184647061936 0.0017738430659318249 -0.029543198428717315 -0.10365723603963854 -0.037381355525460097 -0.079678325471176092 -0.06316823665189901
leaf_weight=48 223 65 13.999999999999998 151 15.999999999999998 202 216 113 115 97 287 54 20 213 204 52 117 530 58 124 72 44 485 133 294 106 17 14.999999999999998 101 18
leaf_count=48 223 65 14 151 16 202 216 113 115 97 287 54 20 213 204 52 117 530 58 124 72 44 485 133 294 106 17 15 101 18
internal_value=-0.000327799 -0.0281026 0.023224 -0.0168762 -0.0544599 0.0414177 0.009967 -0.0659774 -0.0290197 -0.0769507 -0.00338181 -0.000939152 -0.0191684 -0.0267282 -0.0139562 -0.0430695 -0.0530752 0.0183072 -0.0289905 0.0330143 -0.0441333 -0.0323001 0.0292526 0.0568954 -0.00439155 -0.0387531 -0.0580378 -0.0747176 -0.091602 -0.108361
internal_weight=4204 1929 2275 1354 575 958 1317 377 712 264 642 571 420 305 355 292 169 746 123 623 92 198 499 335 517 154 48 32 167 66
internal_count=4204 1929 2275 1354 575 958 1317 377 712 264 642 571 420 305 355 292 169 746 123 623 92 198 499 335 517 154 48 32 167 66
is_linear=0
shrinkage=0.035


Tree=18
num_leaves=31
num_cat=0
split_feature=5 5 3 3 8 8 3 5 2 10 2 3 8 51 57 3 3 0 3 5 3 0 10 0 2 5 51 51 3 3
split_gain=2166.8 488.399 403.392 220.106 168.053 107.716 91.2217 85.918 63.3806 58.8871 54.3765 48.6044 45.4792 42.5875 34.2774 40.0454 34.0165 33.258 32.5193 31.3468 29.8193 29.7124 27.5858 25.0371 32.7981 39.9993 25.2262 24.0538 34.6048 23.5373
threshold=14100000.000000002 1515000.0000000002 4.5399000644683847 1.0103999972343447 3.5000000000000004 2.5000000000000004 2.3686999082565312 53500000.000000007 93.500000000000014 3.2787193059921269 96.500000000000014 3.7788000106811528 15.500000000000002 1.0000000180025095e-35 1.0000000180025095e-35 2.2602500915527348 4.1425499916076669 1985.5000000000002 1.2962499856948855 37250000.000000007 9.7010498046875018 2007.5000000000002 1.9494949579238894 2006.5000000000002 85.500000000000014 154.00000000000003 1.0000000180025095e-35 1.0000000180025095e-35 1.2120999693870547 1.2459999918937685
decision_type=2 2 2 2 2 2 2 2 2 2 2 2 2 2 2 2 2 2 2 2 2 2 2 2 2 2 2 2 2 2
left_child=1 3 6 8 17 14 12 -4 23 -7 16 29 -2 -10 15 27 -11 -3 22 -8 -9 -16 -19 24 -1 26 -26 -5 -29 -6
right_child=2 4 7 5 11 9 19 20 13 10 -12 -13 -14 -15 21 -17 -18 18 -20 -21 -22 -23 -24 -25 25 -27 -28 28 -30 -31
leaf_value=-0.048863428721874956 -0.0030986514083810417 -0.0070008605832460333 0.032296442655852131 -0.059213580050508807 -0.0301169917119667 -0.0025964094253131814 0.013712601741928881 0.047152672307280853 -0.0766561297269331 -0.061223988749927322 -0.019038382759001108 0.015449859199961684 0.030397831521579068 -0.032231461912831841 -0.048667002224060708 -0.022388925903870004 -0.0075195523943555991 0.0013536997810006141 -0.02301044722154711 0.027955202385698968 0.066984608538356832 -0.10160684633025757 -0.052918344863905356 -0.13345759469562252 -0.0762529171177974 -0.044777776868512427 -0.15491285477288896 0.0025299191308086333 -0.047058361425318503 -0.0018512746115304771
leaf_weight=24 437 106 421 149 39 133 438 267 62 81 174 230 55 50 34 89 18 12.999999999999998 288 339 161 25 90 22 12.000000000000002 11.999999999999998 17 22 76 373
leaf_count=24 437 106 421 149 39 133 438 267 62 81 174 230 55 50 34 89 18 13 288 339 161 25 90 22 12 12 17 22 76 373
internal_value=-7.84643e-05 -0.0249206 0.0250091 -0.0427582 -0.00923453 -0.034492 0.0124972 0.0436718 -0.0756829 -0.0217399 -0.0310163 0.00259465 0.000696388 -0.0572999 -0.0475069 -0.0429202 -0.0516499 -0.0244929 -0.0292006 0.0199567 0.0547556 -0.0724479 -0.0461045 -0.0984084 -0.0846768 -0.103936 -0.126049 -0.0501909 -0.0359955 -0.00459759
internal_weight=4257 2139 2118 1000 1139 801 1269 849 199 406 273 642 492 112 395 336 99 497 391 777 428 59 103 87 65 41 29 247 98 412
internal_count=4257 2139 2118 1000 1139 801 1269 849 199 406 273 642 492 112 395 336 99 497 391 777 428 59 103 87 65 41 29 247 98 412
is_linear=0
shrinkage=0.035


Tree=19
num_leaves=31
num_cat=0
split_feature=6 3 3 6 6 3 50 6 0 0 3 2 0 20 6 51 3 0 3 6 10 2 0 2 61 0 51 0 20 0
split_gain=1953.1 378.923 356.115 133.394 93.9149 83.847 82.0393 76.7569 67.3872 60.1194 54.3936 51.7747 65.4667 50.882 46.9124 34.6399 33.7906 31.5899 28.8824 26.9184 26.4629 30.9386 33.2335 25.0584 42.4193 84.8914 39.0302 23.9227 24.6832 23.9093
threshold=16.171625137329105 4.3661999702453622 1.6504999995231631 13.76526975631714 18.071097373962406 2.7640999555587773 1.0000000180025095e-35 14.571161270141603 1993.5000000000002 1963.5000000000002 3.568949937820435 116.50000000000001 1996.5000000000002 1.0000000180025095e-35 17.831852912902836 1.0000000180025095e-35 1.4370000362396242 1973.5000000000002 1.1958000063896181 16.370829582214359 3.7770485877990727 100.50000000000001 2011.5000000000002 103.50000000000001 1.0000000180025095e-35 1996.5000000000002 1.0000000180025095e-35 2004.5000000000002 1.0000000180025095e-35 1986.5000000000002
decision_type=2 2 2 2 2 2 2 2 2 2 2 2 2 2 2 2 2 2 2 2 2 2 2 2 2 2 2 2 2 2
left_child=2 5 6 9 19 14 7 8 17 13 29 12 -11 -4 15 -2 23 -1 -19 -3 21 22 -14 24 25 -10 -25 28 -13 -5
right_child=1 4 3 10 -6 -7 -8 -9 16 11 -12 27 20 -15 -16 -17 -18 18 -20 -21 -22 -23 -24 26 -26 -27 -28 -29 -30 -31
leaf_value=-0.057577769968825493 -0.0075225879947210302 0.0014455173743032927 -0.11250235230392883 -0.0026238666157303355 0.054507810445613002 0.019874660917145019 0.0081326093723939272 -0.029186540475587462 -0.17021807494759564 -0.013075030671743057 0.0084708861507163721 -0.045975252707023177 0.0041035341934703698 -0.039024083645703894 0.027142000520307956 0.0079538491316876424 -0.038423662886954847 -0.043722407421856554 -0.010210341496102046 0.032747226222464169 -0.063633875058756936 -0.056380938785771537 -0.051158653020858771 -0.067863962580417769 -0.040988725006476878 -0.076382443711856637 -0.013995636134892702 0.031421590313613419 0.009791607176065446 -0.018363285476429576
leaf_weight=66 375 36 17 208 319 624 34 210 12.999999999999998 146 250 14.999999999999998 36 38 85 334 55 64 63 567 62 41 20 57 35 133 24 24 24 275
leaf_count=66 375 36 17 208 319 624 34 210 13 146 250 15 36 38 85 334 55 64 63 567 62 41 20 57 35 133 24 24 24 275
internal_value=0.000223048 0.0216554 -0.0260311 -0.013804 0.0391115 0.0102845 -0.0447317 -0.0472384 -0.0545964 -0.0294315 -0.0047554 -0.0241964 -0.0301469 -0.0633702 0.00272988 -0.000228456 -0.0645924 -0.0379208 -0.0273216 0.0308869 -0.0456324 -0.0335765 -0.0161535 -0.0699121 -0.0774582 -0.0858507 -0.0522896 0.00460509 -0.0122266 -0.0116083
internal_weight=4250 2340 1910 1156 922 1418 754 720 510 423 733 368 305 55 794 709 317 193 127 603 159 97 56 262 181 146 81 63 39 483
internal_count=4250 2340 1910 1156 922 1418 754 720 510 423 733 368 305 55 794 709 317 193 127 603 159 97 56 262 181 146 81 63 39 483
is_linear=0
shrinkage=0.035


Tree=20
num_leaves=31
num_cat=0
split_feature=5 3 3 9 5 5 3 5 20 0 5 0 3 0 5 0 0 5 5 3 2 5 3 10 48 2 3 51 54 2
split_gain=1781.9 465.461 313.984 257.071 88.7467 87.6394 81.1835 80.7199 69.5121 67.9684 65.9725 64.9107 62.7644 59.7293 57.7317 46.6384 39.3814 39.1144 36.3734 32.0715 27.9715 44.4663 27.6706 32.3259 33.5971 41.0252 24.5781 24.1549 20.8563 39.3826
threshold=14550000.000000002 1.0103999972343447 4.5399000644683847 1.4978661537170412 3830000.0000000005 1694000.0000000002 2.7640999555587773 70500000.000000015 1.0000000180025095e-35 1994.5000000000002 2219500.0000000005 1975.5000000000002 2.6998000144958501 1958.5000000000002 392953.50000000006 1999.5000000000002 1987.5000000000002 17500.000000000004 58250000.000000007 6.3088500499725351 96.500000000000014 26287.500000000004 3.4822499752044682 3.1123737096786503 1.0000000180025095e-35 96.500000000000014 2.55365002155304 1.0000000180025095e-35 1.0000000180025095e-35 94.500000000000014
decision_type=2 2 2 2 2 2 2 2 2 2 2 2 2 2 2 2 2 2 2 2 2 2 2 2 2 2 2 2 2 2
left_child=1 5 6 4 9 8 18 -4 -1 11 13 17 -11 14 -5 -10 -12 -3 27 -14 21 -17 23 -15 25 -25 -18 -2 -6 -30
right_child=2 3 7 10 28 -7 -8 -9 15 12 16 -13 19 22 -16 20 26 -19 -20 -21 -22 -23 -24 24 -26 -27 -28 -29 29 -31
leaf_value=-0.12513428955306027 -0.0058189004363121835 -0.080777339652180688 0.030732460652641021 -0.1008596528172493 -0.0068730329684425851 -0.033935637204826348 0.02121429342357568 0.053263645100855725 -0.049306733934241245 -0.057295759658012126 0.014421290309134464 -0.0088867149297489935 -0.0017550412016394349 0.0065597781084501504 -0.025454919882476907 -0.12959803426661531 -0.015400884778014502 -0.032250680182086815 0.02594840558756812 -0.05953336096648127 -0.057885337711954171 -0.047266274543479092 0.01013833615417282 -0.042938317550095521 -0.074539618074893954 -0.0047855229069789246 0.0040267454838302207 0.0083644548824767743 -0.065944084104383377 -0.01734643118327564
leaf_weight=33 328 27 509 15.999999999999998 171 79 599 323 85 245 246 142 45 65 51 31 136 87 77 14.999999999999998 28 12.999999999999998 74 51 12.999999999999998 104 190 265 23 150
leaf_count=33 328 27 509 16 171 79 599 323 85 245 246 142 45 65 51 31 136 87 77 15 28 13 74 51 13 104 190 265 23 150
internal_value=-2.27162e-06 -0.0226359 0.0228351 -0.0163622 -0.0296874 -0.0655781 0.0118621 0.0395351 -0.078479 -0.0382694 -0.00359481 -0.024802 -0.0494494 -0.0150061 -0.0447062 -0.0679314 0.00387652 -0.0443615 0.00347914 -0.0169675 -0.0889184 -0.106903 -0.0083945 -0.0143061 -0.0223806 -0.017545 -0.00409499 0.000519826 -0.0156163 -0.0241593
internal_weight=4221 2120 2101 1851 905 269 1269 832 190 561 946 256 305 374 67 157 572 114 670 60 72 44 307 233 168 155 326 593 344 173
internal_count=4221 2120 2101 1851 905 269 1269 832 190 561 946 256 305 374 67 157 572 114 670 60 72 44 307 233 168 155 326 593 344 173
is_linear=0
shrinkage=0.035


Tree=21
num_leaves=31
num_cat=0
split_feature=5 3 3 8 5 2 3 5 0 3 3 8 10 2 8 8 25 0 20 0 8 8 2 5 5 51 5 3 0 0
split_gain=1880.43 473.939 334.627 175.742 162.917 70.4561 71.2861 69.0117 58.7983 71.1882 58.6565 56.133 46.8002 47.8286 43.7291 43.4673 41.5387 31.9336 31.471 28.4344 35.0029 26.9143 26.8419 33.9966 26.8277 26.6777 22.5109 21.9623 21.8365 41.9188
threshold=5976000.0000000009 2.9141999483108525 1.0103999972343447 2.5000000000000004 36500000.000000007 93.500000000000014 0.47145000100135809 26500000.000000004 1994.5000000000002 2.3170499801635747 8.4818501472473162 35.500000000000007 3.1005952358245854 96.500000000000014 59.500000000000007 3.5000000000000004 1.0000000180025095e-35 1968.5000000000002 1.0000000180025095e-35 2002.5000000000002 8.5000000000000018 8.5000000000000018 117.50000000000001 3250000.0000000005 17500.000000000004 1.0000000180025095e-35 19016130.000000004 3.568949937820435 2001.5000000000002 1990.5000000000002
decision_type=2 2 2 2 2 2 2 2 2 2 2 2 2 2 2 2 2 2 2 2 2 2 2 2 2 2 2 2 2 2
left_child=2 7 5 8 14 6 -1 15 17 16 -6 12 21 18 26 -2 -10 -4 -14 20 -9 -5 23 -11 -8 -7 -3 -20 29 -15
right_child=1 4 3 11 10 25 24 19 9 22 -12 -13 13 28 -16 -17 -18 -19 27 -21 -22 -23 -24 -25 -26 -27 -28 -29 -30 -31
leaf_value=-0.16597130189947787 -0.014802954086794698 0.0079862469764217566 -0.044067919958495058 -0.0080549572851193289 0.034207800064303254 -0.065787609532972177 -0.096973834288106964 -0.0091455173346052816 -0.065038690943752808 -0.047515247902025784 0.055975657089314658 0.015998650193220797 -0.082720988591250627 -0.0093394937237992505 0.039044475656581451 0.0021836925941192452 0.0017133541153027461 -0.016956991158780247 -0.039787994502398838 0.021359056369911405 0.01906549551418436 0.026055919120440613 0.0087249905797450455 0.0058435965938493616 -0.054103230191835848 -0.033786848163395604 0.020546695692326783 0.002309720525420026 0.00079168967865867379 -0.040376348222235611
leaf_weight=13.999999999999998 403 338 82 120 580 89 48 129 200 59 211 72 18 152 102 339 11.999999999999998 156 90 178 91 36 22 19 37 56 367 18 80 82
leaf_count=14 403 338 82 120 580 89 48 129 200 59 211 72 18 152 102 339 12 156 90 178 91 36 22 19 37 56 367 18 80 82
internal_value=-0.000612435 0.016499 -0.032649 -0.025113 0.0287922 -0.0700039 -0.0930071 -0.000741506 -0.0397527 -0.0497775 0.04008 -0.0130153 -0.0165442 -0.0223726 0.0176901 -0.00704736 -0.0612618 -0.0264504 -0.0405395 0.0109984 0.00254913 -5.62473e-05 -0.0250482 -0.034586 -0.079179 -0.0537567 0.0145471 -0.0327988 -0.0149716 -0.0203486
internal_weight=4200 2738 1462 1218 1598 244 99 1140 550 312 791 668 596 440 807 742 212 238 126 398 220 156 100 78 85 145 705 108 314 234
internal_count=4200 2738 1462 1218 1598 244 99 1140 550 312 791 668 596 440 807 742 212 238 126 398 220 156 100 78 85 145 705 108 314 234
is_linear=0
shrinkage=0.035


Tree=22
num_leaves=31
num_cat=0
split_feature=6 3 8 6 6 3 50 3 0 20 8 10 3 8 0 10 3 3 0 62 8 10 6 0 6 52 0 10 0 20
split_gain=1689.83 489.255 203.581 137.271 108.716 70.3696 73.8401 62.4604 56.7783 64.9785 47.9484 45.7012 42.4799 41.0471 38.4592 31.8556 40.2986 31.6323 30.7967 28.7025 28.1153 24.0864 22.635 20.6901 20.2164 18.9454 18.5426 18.1619 17.8068 61.4097
threshold=15.158344745635988 3.5397500991821294 2.5000000000000004 17.412728309631351 16.663217544555668 2.2602500915527348 1.0000000180025095e-35 0.53374999761581432 1991.5000000000002 1.0000000180025095e-35 19.500000000000004 3.3147007226943974 6.3976500034332284 4.5000000000000009 1986.5000000000002 4.6833331584930429 0.47145000100135809 2.0588999986648564 2003.5000000000002 1.0000000180025095e-35 12.500000000000002 3.5293257236480717 12.881288528442385 1936.5000000000002 18.452177047729496 1.0000000180025095e-35 2011.5000000000002 3.7094297409057622 1990.5000000000002 1.0000000180025095e-35
decision_type=2 2 2 2 2 2 2 2 2 2 2 2 2 2 2 2 2 2 2 2 2 2 2 2 2 2 2 2 2 2
left_child=2 4 5 20 14 6 8 -4 9 -1 11 -9 -5 18 -2 16 -10 19 -6 -16 26 -12 -23 -13 -15 -19 27 -3 29 -25
right_child=1 3 7 12 13 -7 -8 10 15 -11 21 23 -14 24 17 -17 -18 25 -20 -21 -22 22 -24 28 -26 -27 -28 -29 -30 -31
leaf_value=-0.091423197682499902 0.0053566506781760051 0.0096928576650521306 -0.095156636232940073 0.031456104181807137 -0.0085263300113365033 -0.024208138847332181 0.02026863517886137 -0.0070488990627025324 -0.1185214794493384 -0.030080607567350912 0.033667860965728762 -0.071833858296275144 0.048756757052892376 0.016150585120238752 -0.017877397587283742 -0.0067175243521252507 -0.062240520867054935 -0.0002523324746481376 0.010367233515057884 -0.064968552403590271 0.024752791673884108 -0.040283483995745585 0.0036666062647135751 -0.081487753196674242 0.060820061183892771 -0.029051817654049957 0.021998379952300379 -0.015164347556677272 -0.035452401341291795 -0.010795244786198307
leaf_weight=24 184 153 11.999999999999998 355 186 137 15.999999999999998 168 17 157 24 12.999999999999998 362 405 295 11.999999999999998 308 224 242 15.999999999999998 359 17 70 15.999999999999998 11.999999999999998 31 106 46 168 137
leaf_count=24 184 153 12 355 186 137 16 168 17 157 24 13 362 405 295 12 308 224 242 16 359 17 70 16 12 31 106 46 168 137
internal_value=-0.000140108 0.0143857 -0.0334825 0.0296289 0.00117637 -0.0468668 -0.0526206 -0.0190584 -0.0549101 -0.0386817 -0.0174133 -0.0220088 0.0402491 0.00978057 -0.00851548 -0.0634809 -0.0655443 -0.0130297 0.00215166 -0.0205062 0.0181151 0.00336538 -0.00526163 -0.0294848 0.0175827 -0.00386009 0.0102412 0.00389113 -0.0275466 -0.0186804
internal_weight=4272 2976 1296 1381 1595 671 534 625 518 181 613 502 717 845 750 337 325 566 428 311 664 111 87 334 417 255 305 199 321 153
internal_count=4272 2976 1296 1381 1595 671 534 625 518 181 613 502 717 845 750 337 325 566 428 311 664 111 87 334 417 255 305 199 321 153
is_linear=0
shrinkage=0.035


Tree=23
num_leaves=31
num_cat=0
split_feature=5 3 3 5 0 3 20 5 3 8 8 5 0 61 0 2 3 54 0 5 0 5 5 8 54 2 8 57 0 0
split_gain=1508.29 341.03 287.702 149.316 85.4774 80.8229 79.0932 64.7132 59.8848 51.9473 35.3097 34.6494 34.379 36.4165 39.7182 44.3543 47.0176 57.2327 33.8676 54.9029 31.6959 28.9451 27.4816 25.5304 24.3744 31.5481 23.3303 22.8628 22.0365 21.7646
threshold=11600000.000000002 2.4054000377655034 4.5850501060485849 1515000.0000000002 1994.5000000000002 2.1090999841690068 1.0000000180025095e-35 106000000.00000001 1.4259999990463259 26.500000000000004 15.500000000000002 1.0000000180025095e-35 2012.5000000000002 1.0000000180025095e-35 1996.5000000000002 93.500000000000014 0.93059998750686657 1.0000000180025095e-35 1960.5000000000002 260000.00000000003 1986.5000000000002 30125000.000000004 35050000.000000007 2.5000000000000004 1.0000000180025095e-35 92.500000000000014 2.5000000000000004 1.0000000180025095e-35 1968.5000000000002 1970.5000000000002
decision_type=2 2 2 2 2 2 2 2 2 2 2 2 2 2 2 2 2 2 2 2 2 2 2 2 2 2 2 2 2 2
left_child=1 3 5 4 6 10 28 21 12 18 -2 -8 13 14 -6 16 17 -16 19 -3 29 26 -7 24 -20 -26 -4 -10 -1 -5
right_child=2 9 7 20 8 22 11 -9 27 -11 -12 -13 -14 -15 15 -17 -18 -19 23 -21 -22 -23 -24 -25 25 -27 -28 -29 -30 -31
leaf_value=-0.1046266963541508 -0.0054905826584816598 -0.097792223471861631 -0.0045972136145359605 -0.022161743353075181 -0.11916717956297929 0.010558515903241642 -0.014741966347598591 0.053572960162476493 -0.032796393468689081 0.01458693602673955 0.029337480939542641 -0.041134455932700577 -0.099443872801959529 -0.031070916053383722 -0.068962272436418781 -0.043926977669199313 -0.041747916878686973 -0.16408182375182712 -0.0037144499157912773 -0.014677436271682382 -0.025231952584466037 0.03628128973339622 0.022345939592399097 -0.00057325131348669634 -0.080811128217153833 -0.02086183769408971 0.025232674279747097 -0.071472515462533304 -0.045349993566465047 0.0048062882333052464
leaf_weight=19 415 11.999999999999998 37 60 17 615 180 189 141 148 38 93 35 44 22 83 22 13.999999999999998 85 41 348 385 404 360 11.999999999999998 72 225 22 17 91
leaf_count=19 415 12 37 60 17 615 180 189 141 148 38 93 35 44 22 83 22 14 85 41 348 385 404 360 12 72 225 22 17 91
internal_value=5.76159e-07 -0.0227574 0.0191125 -0.0341635 -0.0444878 0.00978682 -0.0304807 0.0354995 -0.0552009 -0.00385929 -0.00250698 -0.0238565 -0.0665173 -0.0603418 -0.0682355 -0.0612865 -0.0849332 -0.109435 -0.00857006 -0.0349908 -0.0194313 0.0301427 0.0152509 -0.00585867 -0.0170377 -0.0302966 0.0210119 -0.0384311 -0.0786644 -0.00597328
internal_weight=4246 1938 2308 1208 709 1472 309 836 400 730 453 273 237 202 158 141 58 36 582 53 499 647 1019 529 169 84 262 163 36 151
internal_count=4246 1938 2308 1208 709 1472 309 836 400 730 453 273 237 202 158 141 58 36 582 53 499 647 1019 529 169 84 262 163 36 151
is_linear=0
shrinkage=0.035


Tree=24
num_leaves=31
num_cat=0
split_feature=5 3 8 3 3 5 3 3 8 10 50 2 10 0 8 8 2 20 3 0 0 0 10 5 11 0 5 49 3 0
split_gain=1425.65 331.829 291.567 138.001 129.302 89.1198 74.9057 71.0853 50.9817 65.5562 46.5131 49.1549 39.1797 41.1798 36.193 35.9784 35.3755 33.3967 32.8902 40.3544 31.4514 43.5588 37.2261 29.9194 28.8146 27.9866 27.7523 25.7097 31.9163 28.7241
threshold=8022880.0000000009 3.8068499565124516 3.5000000000000004 0.31299999356269842 0.78949999809265148 89000000.000000015 1.4578999876976015 2.0940999984741215 36.500000000000007 3.3147007226943974 1.0000000180025095e-35 106.50000000000001 3.6599026918411259 1993.5000000000002 59.500000000000007 12.500000000000002 99.500000000000014 1.0000000180025095e-35 0.69154998660087597 1998.5000000000002 2001.5000000000002 1991.5000000000002 3.534372210502625 17950000.000000004 2.3750000000000004 1998.5000000000002 3250000.0000000005 1.0000000180025095e-35 3.0331999063491826 2013.5000000000002
decision_type=2 2 2 2 2 2 2 2 2 2 2 2 2 2 2 2 2 2 2 2 2 2 2 2 2 2 2 2 2 2
left_child=2 7 3 -1 -4 14 10 15 9 -6 11 12 13 24 25 -2 17 -11 -15 -20 21 -18 -23 -9 -5 -3 -21 29 -29 -8
right_child=1 5 4 6 8 -7 27 23 -10 16 -12 -13 -14 18 -16 -17 20 -19 19 26 -22 22 -24 -25 -26 -27 -28 28 -30 -31
leaf_value=-0.151201322810008 -0.0082199892088683554 0.010307557727573443 -0.10986723290185135 -0.016954301359414153 0.0068602114219648343 0.047978659923936962 -0.025143660756160525 0.00013774251667782666 0.016778314904138013 -0.068672147111892706 0.019905606803985745 -0.028196515649164981 -0.037833760930584028 -0.041319188644116135 0.041355254281142277 0.022408128259846803 -0.006735336175454046 -0.023738807134968683 -0.14453800755739213 -0.085403366495225883 0.010541371214860941 -0.090941936560471878 -0.025096967528506025 0.014940664943819081 -0.060815424427073064 0.025732081142684014 -0.032862393034829032 -0.032372516790673558 0.043812617689371107 -0.048756363584549711
leaf_weight=11.999999999999998 487 199 13.999999999999998 32 194 264 437 229 102 24 11.999999999999998 113 109 29 136 51 141 123 12.999999999999998 73 67 13.999999999999998 40 622 46 545 17 12.000000000000002 12.999999999999998 75
leaf_count=12 487 199 14 32 194 264 437 229 102 24 12 113 109 29 136 51 141 123 13 73 67 14 40 622 46 545 17 12 13 75
internal_value=-0.000495061 0.0161774 -0.025159 -0.0374415 -0.0081649 0.0301279 -0.0358956 0.0046729 -0.00599004 -0.0098657 -0.0465621 -0.0484542 -0.0555141 -0.0644599 0.0247224 -0.00527715 -0.0178009 -0.0315011 -0.0765393 -0.0859462 -0.010017 -0.0171073 -0.0435428 0.0109642 -0.0432857 0.0216282 -0.0759684 -0.027003 0.00733784 -0.0286943
internal_weight=4245 2533 1712 993 719 1144 981 1389 705 603 444 432 319 210 880 538 409 147 132 103 262 195 54 851 78 744 90 537 25 512
internal_count=4245 2533 1712 993 719 1144 981 1389 705 603 444 432 319 210 880 538 409 147 132 103 262 195 54 851 78 744 90 537 25 512
is_linear=0
shrinkage=0.035


Tree=25
num_leaves=31
num_cat=0
split_feature=5 3 8 5 5 50 20 3 2 5 8 10 0 0 0 8 57 0 5 3 51 8 8 0 3 12 8 62 3 8
split_gain=1327.03 404.026 159.52 136.484 77.3301 62.533 60.7497 58.6893 68.8211 43.0464 40.9955 39.5703 38.7244 36.8056 36.7824 36.449 30.492 37.866 30.1438 26.8542 26.0218 23.7621 23.2926 26.3717 22.5926 21.4869 21.134 26.4832 21.049 28.9504
threshold=2650000.0000000005 2.9610500335693364 2.5000000000000004 53500000.000000007 20750000.000000004 1.0000000180025095e-35 1.0000000180025095e-35 1.4578999876976015 102.50000000000001 16020385.000000002 3.5000000000000004 3.1123737096786503 2001.5000000000002 1993.5000000000002 2006.5000000000002 9.5000000000000018 1.0000000180025095e-35 2008.5000000000002 110500000.00000001 2.8361999988555913 1.0000000180025095e-35 9.5000000000000018 6.5000000000000009 2003.5000000000002 5.113650083541871 1.0000000180025095e-35 59.500000000000007 1.0000000180025095e-35 2.7826499938964848 11.500000000000002
decision_type=2 2 2 2 2 2 2 2 2 2 2 2 2 2 2 2 2 2 2 2 2 2 2 2 2 2 2 2 2 2
left_child=2 4 5 9 10 7 12 8 14 21 -2 -8 15 -13 -1 24 -9 -18 -5 -14 -10 -3 23 -6 -4 28 27 -11 29 -15
right_child=1 3 6 18 22 -7 11 16 20 26 -12 13 19 25 -16 -17 17 -19 -20 -21 -22 -23 -24 -25 -26 -27 -28 -29 -30 -31
leaf_value=-0.058420343464861316 -0.015181364813414441 -0.00091232266703395761 -0.10740174004841935 0.031367326256226048 -0.0062794827707703576 0.01713258501086384 0.0042734877888578925 -0.0291837694926275 -0.04544516959264875 0.02222351519432314 0.00015252891143663201 -0.0094094972218614816 -0.047718029673282911 -0.039393879464617185 -0.092284818718990982 -0.022220292318955458 -0.030229395116968403 -0.091961139625559254 0.048829947140313655 0.021096865423520406 -0.0077895831631496553 0.015173923307819949 0.018125286213748419 0.013223587644089277 -0.041882389552318135 -0.01362111508872043 0.038866107462904635 -0.00075184150915592906 -0.0021785412532044574 -0.097211807176470766
leaf_weight=146 491 202 21 350 180 19 118 233 69 546 377 191 12.000000000000002 61 61 18 28 23 196 13.999999999999998 34 252 192 159 11.999999999999998 46 80 69 12.999999999999998 12.999999999999998
leaf_count=146 491 202 21 350 180 19 118 233 69 546 377 191 12 61 61 18 28 23 196 14 34 252 192 159 12 46 80 69 13 13
internal_value=-3.59679e-05 0.0118275 -0.0324447 0.0233128 -0.00209336 -0.0445311 -0.0181078 -0.0465319 -0.0571334 0.0164396 -0.00852684 -0.0130415 -0.0466266 -0.0193468 -0.0688038 -0.0640961 -0.0347938 -0.059336 0.037717 -0.0111901 -0.0332264 0.00802649 0.00841611 0.00287482 -0.0855606 -0.0334278 0.0219135 0.0196459 -0.0436067 -0.0507351
internal_weight=4226 3094 1132 1695 1399 613 519 594 310 1149 868 442 77 324 207 51 284 51 546 26 103 454 531 339 33 133 695 615 87 74
internal_count=4226 3094 1132 1695 1399 613 519 594 310 1149 868 442 77 324 207 51 284 51 546 26 103 454 531 339 33 133 695 615 87 74
is_linear=0
shrinkage=0.035


Tree=26
num_leaves=31
num_cat=0
split_feature=5 3 8 5 5 0 3 25 3 3 10 8 10 0 10 0 5 2 54 0 8 0 3 2 5 3 8 10 0 0
split_gain=1222.71 359.795 169.101 109.881 80.7974 59.7381 55.5304 44.6666 44.4788 40.5307 37.232 45.3501 35.3091 30.4441 24.9097 37.759 50.7463 26.1768 23.3384 22.6562 22.3328 30.5201 21.9427 51.5196 35.5633 19.338 18.8987 19.4371 30.5919 18.8293
threshold=3830000.0000000005 3.5397500991821294 2.5000000000000004 32175000.000000004 25848694.000000004 1994.5000000000002 3.2125499248504643 1.0000000180025095e-35 9.7010498046875018 1.4142499566078188 3.328355193138123 41.500000000000007 3.9929521083831792 1996.5000000000002 3.5397225618362431 1993.5000000000002 147812.50000000003 117.50000000000001 1.0000000180025095e-35 1992.5000000000002 14.500000000000002 2006.5000000000002 0.85545000433921825 93.500000000000014 154.00000000000003 3.6006000041961674 49.500000000000007 3.7094297409057622 2010.5000000000002 1962.5000000000002
decision_type=2 2 2 2 2 2 2 2 2 2 2 2 2 2 2 2 2 2 2 2 2 2 2 2 2 2 2 2 2 2
left_child=2 4 5 26 9 7 13 -1 -5 -2 25 14 -13 -7 15 29 -17 -16 -8 -11 21 -6 23 24 -15 -4 27 -3 -29 -12
right_child=1 3 10 8 20 6 18 -9 -10 19 11 12 -14 22 17 16 -18 -19 -20 -21 -22 -23 -24 -25 -26 -27 -28 28 -30 -31
leaf_value=-0.024177136141691331 -0.018332496064706619 0.015851925476815323 -0.0072496153541804099 0.029354645927221607 0.0016343183569813209 -0.10619811671972276 0.024512480989098549 -0.080230668719857942 0.049313105677672338 0.006329456061653963 -0.053393311602851524 0.041497635225454972 -0.019964472272518005 -0.12505280090371768 -0.025772260201230409 -0.10644317179396751 -0.017873578024903934 -0.00054324493567781671 -0.031074555167759008 -0.0055536252981991706 0.026786866742620263 0.02156332805548947 -0.045950522141982558 -0.042582847386306417 -0.049042099535961947 0.022666922754811823 0.027070860808729402 -0.010171764163277792 0.022973032279962714 -0.00166274825035146
leaf_weight=257 212 342 152 575 273 12.999999999999998 14.999999999999998 18 184 307 11.999999999999998 23 21 23 239 19 13.999999999999998 64 21 542 102 143 261 50 13.999999999999998 31 114 102 50 26
leaf_count=257 212 342 152 575 273 13 15 18 184 307 12 23 21 23 239 19 14 64 21 542 102 143 261 50 14 31 114 102 50 26
internal_value=-0.000150644 0.0122346 -0.0288012 0.0253734 0.000849843 -0.0408595 -0.0495801 -0.0281298 0.0342539 -0.00468076 -0.0152699 -0.021023 0.0123328 -0.0537056 -0.0249743 -0.0436281 -0.0705505 -0.0204684 -0.00782947 -0.00125223 0.0121685 0.00852439 -0.051441 -0.0671832 -0.0983855 -0.00207663 0.0142464 0.0112346 0.000798581 -0.0189938
internal_weight=4219 2946 1273 1367 1579 672 397 275 759 1061 601 418 44 361 374 71 33 303 36 849 518 416 348 87 37 183 608 494 152 38
internal_count=4219 2946 1273 1367 1579 672 397 275 759 1061 601 418 44 361 374 71 33 303 36 849 518 416 348 87 37 183 608 494 152 38
is_linear=0
shrinkage=0.035


Tree=27
num_leaves=31
num_cat=0
split_feature=5 3 3 5 3 0 8 2 8 8 50 2 8 0 0 8 5 8 5 5 3 10 3 11 54 10 5 3 10 0
split_gain=1210.34 272.635 219.795 95.1132 91.7413 59.7034 58.1206 56.1597 54.5291 49.1239 40.3886 40.6971 47.1384 116.793 40.2004 38.5918 37.5577 37.139 32.1149 30.2956 29.3558 29.398 36.8686 26.2206 24.3378 23.951 23.9531 23.6447 21.6975 21.5413
threshold=8022880.0000000009 3.1108499765396123 1.8205500245094302 91000000.000000015 0.47145000100135809 1993.5000000000002 1.5000000000000002 93.500000000000014 9.5000000000000018 10.500000000000002 1.0000000180025095e-35 106.50000000000001 2.5000000000000004 1996.5000000000002 1971.5000000000002 2.5000000000000004 35050000.000000007 45.500000000000007 161148.50000000003 36500000.000000007 0.69154998660087597 3.7427625656127934 1.1281999945640566 3.6250000000000004 1.0000000180025095e-35 3.3765244483947758 506211.50000000006 1.8492000102996828 3.6846978664398198 1980.5000000000002
decision_type=2 2 2 2 2 2 2 2 2 2 2 2 2 2 2 2 2 2 2 2 2 2 2 2 2 2 2 2 2 2
left_child=2 6 4 17 7 14 -2 -1 10 -4 11 12 13 -7 18 -13 27 19 -6 -3 -15 22 24 -17 -22 -11 28 -8 -27 -16
right_child=1 3 9 -5 5 8 16 -9 -10 25 -12 15 -14 20 29 23 -18 -19 -20 -21 21 -23 -24 -25 -26 26 -28 -29 -30 -31
leaf_value=-0.13888811783580218 -0.013351281951833809 0.012413642169129029 -0.016512820535424438 0.043985482851134031 -0.071130813282111599 -0.15438197686150673 -0.0071794725596156456 -0.039973887093861897 0.0062857440018560745 0.021632273005918256 0.012903099035720032 -0.017102814446203412 -0.030807511319439207 -0.019025289045439826 0.0097251739126319684 -0.094270976835861817 0.018522376301679595 0.033919865468997626 -0.027083369455013717 0.025010119443302704 -0.066319518798818963 -0.039395431717236841 -0.052366917201137154 -0.031430065667644766 -0.12280856495836509 -0.064362258289009336 0.00094115363540864174 0.0068973620759252936 -0.0075737936122935619 -0.01836192510542848
leaf_weight=16.000000000000004 238 553 622 266 28 14.999999999999998 228 13.999999999999998 27 55 13.999999999999998 91 84 26 41 14.999999999999998 222 216 77 411 25 62 66 20 22 12.999999999999998 190 403 21 167
leaf_count=16 238 553 622 266 28 15 228 14 27 55 14 91 84 26 41 15 222 216 77 411 25 62 66 20 22 13 190 403 21 167
internal_value=-0.000220392 0.0151195 -0.0229623 0.0250804 -0.0361846 -0.0337791 0.00190496 -0.0955631 -0.041723 -0.0110466 -0.0446805 -0.0466028 -0.0536622 -0.0623592 -0.0218261 -0.0294908 0.00617439 0.0207836 -0.0394061 0.0178063 -0.0547529 -0.0599128 -0.0707104 -0.060281 -0.0948053 0.00114901 -0.00394638 0.00180488 -0.0305556 -0.0127971
internal_weight=4248 2537 1711 1446 810 780 1091 30 467 901 440 426 300 216 313 126 853 1180 105 964 201 175 113 35 47 279 224 631 34 208
internal_count=4248 2537 1711 1446 810 780 1091 30 467 901 440 426 300 216 313 126 853 1180 105 964 201 175 113 35 47 279 224 631 34 208
is_linear=0
shrinkage=0.035


Tree=28
num_leaves=31
num_cat=0
split_feature=5 8 3 5 20 0 3 3 3 5 5 3 0 49 11 0 10 54 11 47 8 0 0 0 5 54 2 3 2 5
split_gain=1131.97 281.206 191.285 103.86 57.1046 86.3409 50.2448 46.3351 45.6186 44.7172 36.5076 32.3957 32.7698 29.7536 40.9539 29.5836 31.5978 29.4776 28.9033 25.0956 24.4377 22.5397 23.1553 22.3707 25.4231 20.9034 44.4631 22.5773 19.945 19.8802
threshold=14100000.000000002 3.5000000000000004 4.5850501060485849 1515000.0000000002 1.0000000180025095e-35 1999.5000000000002 1.1281999945640566 2.3686999082565312 3.4822499752044682 1010000.0000000001 121500000.00000001 3.0331999063491826 1994.5000000000002 1.0000000180025095e-35 3.1250000000000004 2006.5000000000002 3.7427625656127934 1.0000000180025095e-35 3.6250000000000004 1.0000000180025095e-35 42.500000000000007 1997.5000000000002 2011.5000000000002 1975.5000000000002 1.0000000180025095e-35 1.0000000180025095e-35 95.500000000000014 1.4018500447273257 113.50000000000001 951000.00000000012
decision_type=2 2 2 2 2 2 2 2 2 2 2 2 2 2 2 2 2 2 2 2 2 2 2 2 2 2 2 2 2 2
left_child=1 3 7 6 5 9 15 20 18 -3 -4 12 23 14 -13 -1 17 -17 -6 21 -2 -14 -23 -8 -25 -5 -27 28 -28 -20
right_child=2 4 10 25 8 -7 11 -9 -10 -11 -12 13 19 -15 -16 16 -18 -19 29 -21 -22 22 -24 24 -26 26 27 -29 -30 -31
leaf_value=-0.043940500546867649 -0.00026219238476664423 -0.086856838394677449 0.027411174881291862 -0.010439949632062597 0.00031805045767631498 0.0019549821793412173 -0.039183330711436426 0.014806573536742303 0.010921708853435826 -0.021900058031380176 0.046104024739444624 0.014405778169631959 -0.076364011692255748 0.035752070742845539 -0.05345228885019037 -0.062080845870401559 -0.038657668346539144 -0.12986178960475853 -0.028588435273079412 -0.080957369703968829 0.046648378290235999 -0.025222603366951701 -0.05136891531883038 -0.0050290956558852367 -0.048092986663182583 -0.056396049077477729 -0.047967868042654467 -0.010236295980948256 -0.0048196985334157949 -0.008062167391114072
leaf_weight=155 478 30 668 254 333 59 70 777 268 24 162 20 19 13.999999999999998 22 22 23 15.999999999999998 89 21 12.999999999999998 107 72 86 20 44 44 148 19 166
leaf_count=155 478 30 668 254 333 59 70 777 268 24 162 20 19 14 22 22 23 16 89 21 13 107 72 86 20 44 44 148 19 166
internal_value=-0.000216658 -0.0180917 0.0180579 -0.029588 -0.00412158 -0.0273927 -0.0386769 0.0094933 -0.00101916 -0.0589421 0.0311129 -0.0318831 -0.0354099 -0.00679123 -0.0215147 -0.0526418 -0.073658 -0.0932631 -0.00647387 -0.0444889 0.00106857 -0.0402249 -0.0359762 -0.0239153 -0.0135442 -0.0176219 -0.0247001 -0.0178474 -0.0352609 -0.0153168
internal_weight=4243 2145 2098 1176 969 113 667 1268 856 54 830 451 395 56 42 216 61 38 588 219 491 198 179 176 106 509 255 211 63 255
internal_count=4243 2145 2098 1176 969 113 667 1268 856 54 830 451 395 56 42 216 61 38 588 219 491 198 179 176 106 509 255 211 63 255
is_linear=0
shrinkage=0.035


Tree=29
num_leaves=31
num_cat=0
split_feature=5 3 3 3 8 5 0 5 8 8 2 10 8 5 10 5 10 5 2 0 0 3 2 51 2 3 10 8 11 10
split_gain=1018.88 234.273 227.128 77.7819 72.9824 65.498 57.9723 54.6635 38.2317 34.6021 32.4388 30.4096 29.7062 26.4782 26.1063 24.1651 23.4025 39.5641 26.1464 28.7033 21.7757 20.2237 19.5774 19.4965 19.4894 18.6331 18.2031 16.9997 17.4132 15.6902
threshold=8022880.0000000009 3.6654000282287602 1.4578999876976015 0.31299999356269842 10.500000000000002 103200000.00000001 1993.5000000000002 47500000.000000007 1.5000000000000002 44.500000000000007 91.500000000000014 4.0115790367126474 26.500000000000004 26287.500000000004 3.1595455408096318 30125000.000000004 3.7920082807540898 905000.00000000012 111.50000000000001 1994.5000000000002 2013.5000000000002 2.8739500045776372 103.50000000000001 1.0000000180025095e-35 114.50000000000001 3.2561500072479252 2.9978448152542119 4.5000000000000009 2.3750000000000004 3.6599026918411259
decision_type=2 2 2 2 2 2 2 2 2 2 2 2 2 2 2 2 2 2 2 2 2 2 2 2 2 2 2 2 2 2
left_child=2 7 3 -1 10 9 27 8 25 15 14 12 -6 22 21 -3 20 18 -18 -20 -12 -4 -8 -10 -24 -2 -22 28 -5 -15
right_child=1 5 4 6 11 -7 13 -9 23 -11 16 -13 -14 29 -16 -17 17 -19 19 -21 26 -23 24 -25 -26 -27 -28 -29 -30 -31
leaf_value=-0.11520684367092328 -0.015042873418884705 0.01111270899565716 -0.026205891365066854 -0.0058180292675834759 -0.0010946504248809208 0.042746918948772292 -0.060514395392750032 0.019640137927688091 -0.0009855628827261547 0.033771937984071368 -0.005827797814106167 -0.016405486246699949 0.024393614581031238 -0.04237348031093037 -0.042540470154015068 0.023540587663941553 -0.050656553748968075 -0.0081205905667195728 -0.044223960887302058 0.011267771338578314 -0.062009728670120244 0.013008442371192834 -0.022551603283336826 0.0095907520827486371 -0.06303218325713407 0.018878802543167362 -0.013347478893227302 0.0016722232297062877 -0.032189014728881485 -0.019408944919461817
leaf_weight=14.999999999999998 210 351 54 42 136 217 140 225 440 220 385 73 94 95 96 432 68 119 21 23 14.999999999999998 22 46 413 22 21 25 34 120 64
leaf_count=15 210 351 54 42 136 217 140 225 440 220 385 73 94 95 96 432 68 119 21 23 15 22 46 413 22 21 25 34 120 64
internal_value=0.000167017 0.0142728 -0.020702 -0.0385353 -0.0115606 0.0253009 -0.0362888 0.0039816 0.000714724 0.0214859 -0.016934 0.00312474 0.00937522 -0.0445071 -0.0304541 0.017993 -0.0133455 -0.0223018 -0.0371487 -0.0155722 -0.00843244 -0.0148101 -0.0528502 0.00413839 -0.0363973 -0.0118835 -0.0327059 -0.0207437 -0.0254405 -0.0333199
internal_weight=4238 2529 1709 578 1131 1220 563 1309 1084 1003 828 303 230 367 172 783 656 231 112 44 425 76 208 853 68 231 40 196 162 159
internal_count=4238 2529 1709 578 1131 1220 563 1309 1084 1003 828 303 230 367 172 783 656 231 112 44 425 76 208 853 68 231 40 196 162 159
is_linear=0
shrinkage=0.035


Tree=30
num_leaves=31
num_cat=0
split_feature=5 5 5 3 3 0 3 10 3 0 0 0 0 0 2 2 10 0 2 2 12 3 0 0 3 5 0 3 3 31
split_gain=972.869 182.64 180.281 86.7479 84.4824 58.1801 44.4143 38.7493 35.048 28.4502 27.0203 46.8805 26.039 25.7342 33.5998 36.9287 31.1016 24.6795 21.2085 28.0646 21.1239 20.9283 19.9057 23.7596 26.8341 18.0477 17.3002 20.7683 17.1208 20.2853
threshold=11600000.000000002 2650000.0000000005 50050000.000000007 1.4578999876976015 2.8361999988555913 1994.5000000000002 2.419549942016602 3.997916698455811 5.5599000453948983 1937.5000000000002 2012.5000000000002 2010.5000000000002 2011.5000000000002 2008.5000000000002 86.500000000000014 95.500000000000014 2.6680108308792119 1984.5000000000002 110.50000000000001 131.50000000000003 1.0000000180025095e-35 1.4142499566078188 1973.5000000000002 1980.5000000000002 1.0103999972343447 161148.50000000003 1998.5000000000002 1.1057000160217287 2.8519499301910405 1.0000000180025095e-35
decision_type=2 2 2 2 2 2 2 2 2 2 2 2 2 2 2 2 2 2 2 2 2 2 2 2 2 2 2 2 2 2
left_child=1 3 4 5 21 22 17 9 -4 -5 11 13 28 14 -7 16 -16 -3 -9 -20 -6 -2 25 -24 -25 -1 -17 -28 -11 -30
right_child=2 6 8 7 20 10 -8 18 -10 12 -12 -13 -14 -15 15 26 -18 -19 19 -21 -22 -23 23 24 -26 -27 27 -29 29 -31
leaf_value=-0.070004907097667476 -0.013200209782044923 0.0019693466920142227 0.02200074355872535 -0.061682474775115653 0.012642241671362693 -0.011439810234152022 0.0030451038180520098 -0.039707924347101103 0.037833987946451951 -0.014212157937754894 -0.076871555424481652 0.0016640096943080426 -0.035711618838972364 -0.095578780177235617 -0.10947190621371072 -0.061129921052853274 -0.054690810560228988 -0.018019989392940888 0.00089848156396866497 -0.044181606816748785 0.024985754125666889 0.0024902517985948367 0.026425431979075077 -0.042111330714336669 -0.0060903821180254454 -0.025980626218307479 -0.038983847571536903 0.003943271692989297 0.0062598288586956609 -0.037056788452466335
leaf_weight=17 125 98 351 13.999999999999998 670 30 381 144 348 294 39 24 52 13.999999999999998 20 29 46 326 45 26 230 599 13.999999999999998 42 63 38 55 18 112 13.999999999999998
leaf_count=17 125 98 351 14 670 30 381 144 348 294 39 24 52 14 20 29 46 326 45 26 230 599 14 42 63 38 55 18 112 14
internal_value=-0.000231302 -0.0184206 0.0150771 -0.0273658 0.00866912 -0.039384 -0.00562139 -0.0196204 0.0299287 -0.0140914 -0.0494204 -0.0445714 -0.0125487 -0.049797 -0.0460871 -0.0521595 -0.0727034 -0.0134019 -0.0319871 -0.0159698 0.0158229 -0.000230794 -0.0233201 -0.0150349 -0.0207766 -0.0406265 -0.0382725 -0.0284652 -0.00959876 0.0011792
internal_weight=4278 1955 2323 1150 1624 449 805 701 699 486 275 236 472 212 198 168 66 424 215 71 900 724 174 119 105 55 102 73 420 126
internal_count=4278 1955 2323 1150 1624 449 805 701 699 486 275 236 472 212 198 168 66 424 215 71 900 724 174 119 105 55 102 73 420 126
is_linear=0
shrinkage=0.035


Tree=31
num_leaves=31
num_cat=0
split_feature=5 3 3 5 8 8 0 5 3 0 0 8 10 0 62 10 0 0 20 3 3 10 5 2 2 0 3 3 8 0
split_gain=888.118 252.883 192.95 82.7274 81.264 42.7979 39.5942 47.1293 34.6062 33.2256 40.2837 33.003 32.1428 32.0535 31.5934 31.334 35.7938 41.0313 37.7877 38.8666 36.3495 34.5102 28.8768 32.9892 47.413 28.0989 27.903 26.0412 25.0545 23.3389
threshold=5976000.0000000009 2.9610500335693364 1.0103999972343447 72250000.000000015 2.5000000000000004 2.5000000000000004 1958.5000000000002 392953.50000000006 0.57864999771118175 1985.5000000000002 2001.5000000000002 9.5000000000000018 3.1005952358245854 2010.5000000000002 1.0000000180025095e-35 4.6833331584930429 1994.5000000000002 2002.5000000000002 1.0000000180025095e-35 2.3170499801635747 2.1894999742507939 3.4985954761505131 4045000.0000000005 117.50000000000001 102.50000000000001 2001.5000000000002 1.6935999989509585 0.64110001921653759 10.500000000000002 1990.5000000000002
decision_type=2 2 2 2 2 2 2 2 2 2 2 2 2 2 2 2 2 2 2 2 2 2 2 2 2 2 2 2 2 2
left_child=2 5 8 11 15 -2 7 -6 -1 -8 12 13 -11 -3 -12 16 18 21 19 -4 -19 -18 23 24 -22 -7 -23 -10 29 -14
right_child=1 3 4 -5 6 25 9 -9 27 10 14 -13 28 -15 -16 -17 17 20 -20 -21 22 26 -24 -25 -26 -27 -28 -29 -30 -31
leaf_value=-0.074734747527546067 -0.0095327626218805316 0.001952657237787899 -0.085249027911671701 0.034665569642838089 -0.080165052784813798 -0.00072437922981530897 0.0071213617026095145 -0.017265977131823703 0.0010881208260543646 0.00035094650708873508 0.0084661835937780879 0.021012191752399007 -0.0080519944859358174 0.019649072596533486 -0.046695682883262632 0.014878741577606311 -0.093181289883187204 -0.040587890239803727 -0.011704074496366455 -0.01148503123720487 -0.015627180779458218 -0.0083585519161075358 0.030303911215625704 0.020183874955302793 -0.085040348547510816 0.013629681394510955 -0.072845436368634303 -0.046869512988120587 -0.012016682983036278 -0.04884858632100747
leaf_weight=58 439 304 18 384 17 480 189 83 14.999999999999998 70 138 687 23 213 12.999999999999998 21 25 147 201 17 52 19 14.999999999999998 18 14.999999999999998 255 13.999999999999998 166 73 74
leaf_count=58 439 304 18 384 17 480 189 83 15 70 138 687 23 213 13 21 25 147 201 17 52 19 15 18 15 255 14 166 73 74
internal_value=-0.000304444 0.0114198 -0.0221638 0.0205213 -0.0165936 -0.000896718 -0.00843158 -0.028664 -0.0509131 -0.00489689 -0.010714 0.0159837 -0.0195973 0.00927068 0.00342967 -0.0264338 -0.0280651 -0.0359979 -0.017697 -0.0507837 -0.0295465 -0.0624757 -0.0130572 -0.0209929 -0.0322152 0.00426498 -0.037106 -0.0429014 -0.0277756 -0.0393739
internal_weight=4243 2762 1481 1588 1242 1174 680 100 239 580 391 1204 240 517 151 562 541 305 236 35 247 58 100 85 67 735 33 181 170 97
internal_count=4243 2762 1481 1588 1242 1174 680 100 239 580 391 1204 240 517 151 562 541 305 236 35 247 58 100 85 67 735 33 181 170 97
is_linear=0
shrinkage=0.035


Tree=32
num_leaves=31
num_cat=0
split_feature=5 5 4 8 8 4 2 13 2 0 0 4 5 8 4 0 8 2 2 0 0 0 62 11 61 54 2 5 11 0
split_gain=831.825 231.063 120.199 105.644 64.2111 60.012 41.976 92.1251 41.04 45.4432 40.6413 38.2963 34.3737 30.0228 29.1784 29.1386 28.5158 24.0051 37.5601 22.1224 20.6803 30.8689 27.8632 23.0172 26.6721 19.8883 28.0469 19.6219 19.3445 33.4222
threshold=3830000.0000000005 36500000.000000007 0.69833362102508556 9.5000000000000018 2.5000000000000004 2.0011624097824101 93.500000000000014 1.0000000180025095e-35 86.500000000000014 2005.5000000000002 1962.5000000000002 0.87623926997184765 392953.50000000006 13.500000000000002 1.1818038225173952 1990.5000000000002 61.500000000000007 103.50000000000001 101.50000000000001 2016.5000000000002 1987.5000000000002 2001.5000000000002 1.0000000180025095e-35 2.8750000000000004 1.0000000180025095e-35 1.0000000180025095e-35 117.50000000000001 115000.00000000001 3.1250000000000004 1997.5000000000002
decision_type=2 2 2 2 2 2 2 2 2 2 2 2 2 2 2 2 2 2 2 2 2 2 2 2 2 2 2 2 2 2
left_child=2 3 6 11 14 -3 7 8 9 -1 12 -2 -6 20 17 -8 -5 18 -4 -13 -12 23 -23 -22 -25 -16 -27 -10 -17 -30
right_child=1 5 4 16 10 -7 15 -9 27 -11 13 19 -14 -15 25 28 -18 -19 -20 -21 21 22 -24 24 -26 26 -28 -29 29 -31
leaf_value=-0.020911014388004943 -0.01718107093845584 0.017238103430108592 -0.036244424702970138 0.011144205199609916 -0.071134688129027707 0.035016434885668926 -0.0063012042064723136 0.020858624793589117 -0.11425871637165548 -0.10230833503833187 0.00094144137710790653 -0.0013479778224104789 -0.020119052798348729 0.0098655139690794931 -0.00076738217680890502 -0.020357369756180563 0.031619043314563382 -0.021335038283807586 -0.091482492801897686 0.025848391619952105 0.0038332576493918902 0.0047211716442308836 -0.046682244435449438 -0.043633226128829521 -0.0068396598741412174 -0.044180188534781339 0.0026832570451498037 -0.054198154334838579 -0.097826893003547896 -0.037815822357989179
leaf_weight=26 196 659 199 583 20 363 36 12.999999999999998 34 11.999999999999998 117 1021 78 106 68 31 97 129 15.999999999999998 37 24 92 13.999999999999998 87 34 43 24 11.999999999999998 15.999999999999998 43
leaf_count=26 196 659 199 583 20 363 36 13 34 12 117 1021 78 106 68 31 97 129 16 37 24 92 14 87 34 43 24 12 16 43
internal_value=-5.91397e-05 0.0101297 -0.0236905 0.00301127 -0.0187029 0.0235825 -0.0470011 -0.0643849 -0.0776881 -0.0486245 -0.0107521 -0.003012 -0.0311615 -0.0064721 -0.0281514 -0.033203 0.0141096 -0.0335685 -0.0407678 -0.000371713 -0.0111968 -0.016843 -0.00242444 -0.0272827 -0.0334497 -0.0141897 -0.027575 -0.100114 -0.043757 -0.0554784
internal_weight=4230 2956 1274 1934 1051 1022 223 97 84 38 572 1254 98 474 479 126 680 344 215 1058 368 251 106 145 121 135 67 46 90 59
internal_count=4230 2956 1274 1934 1051 1022 223 97 84 38 572 1254 98 474 479 126 680 344 215 1058 368 251 106 145 121 135 67 46 90 59
is_linear=0
shrinkage=0.035


Tree=33
num_leaves=31
num_cat=0
split_feature=5 3 3 5 50 5 8 8 20 57 3 3 54 54 3 2 8 8 10 3 10 11 8 2 11 2 2 3 3 10
split_gain=777.867 246.98 104.827 75.964 61.441 53.0337 45.2605 36.5019 32.679 64.5058 34.3627 31.8615 30.1126 29.2371 28.6628 23.7422 38.0066 29.1154 23.6449 21.118 19.736 19.5098 19.353 19.2414 17.5283 16.7183 35.6166 25.6195 17.63 15.3285
threshold=3830000.0000000005 3.1338999271392827 1.6504999995231631 36500000.000000007 1.0000000180025095e-35 26500000.000000004 26.500000000000004 5.5000000000000009 1.0000000180025095e-35 1.0000000180025095e-35 4.1425499916076669 9.7010498046875018 1.0000000180025095e-35 1.0000000180025095e-35 1.4018500447273257 104.50000000000001 4.5000000000000009 2.5000000000000004 3.8459624052047734 3.1338999271392827 4.4645111560821542 3.8750000000000004 59.500000000000007 91.500000000000014 4.3750000000000009 90.500000000000014 93.500000000000014 1.0598499774932864 0.90344998240470897 3.7094297409057622
decision_type=2 2 2 2 2 2 2 2 2 2 2 2 2 2 2 2 2 2 2 2 2 2 2 2 2 2 2 2 2 2
left_child=2 5 4 22 7 12 8 15 9 10 24 -5 -2 -12 -14 17 -17 20 -8 -10 25 -21 29 -22 -4 -1 27 -27 -28 -3
right_child=1 3 6 11 -6 -7 18 -9 19 -11 13 -13 14 -15 -16 16 -18 -19 -20 21 23 -23 -24 -25 -26 26 28 -29 -30 -31
leaf_value=-0.040710938836082025 0.00091680393254805256 0.013337313332756902 -0.046556981909492957 0.023445892596685981 0.023020923522462988 0.0095369360250984001 0.031545005519335215 -0.0084408416982041674 -0.016148852135420461 -0.086630955282937405 0.03172838941758329 0.040390316932940679 -0.02749362101332746 -0.021390535461654269 -0.0068495593750429514 -0.022304985824034982 -0.085201404613944209 -0.024068139571423335 -0.0064070646040964617 0.013077755855944227 -0.051102194964885703 -0.016628505185683672 0.026937021315372307 0.0047276918758802555 -0.0033376488606445495 -0.13008032873074213 -0.028710583817958834 -0.056400672965248429 -0.060406265261123263 0.0020099615804815237
leaf_weight=97 477 505 52 596 22 429 37 55 367 21 21 180 106 29 365 152 11.999999999999998 74 42 67 13.000000000000002 44 94 15.999999999999998 14.999999999999998 14.000000000000002 34 13.999999999999998 78 207
leaf_count=97 477 505 52 596 22 429 37 55 367 21 21 180 106 29 365 152 12 74 42 67 13 44 94 16 15 14 34 14 78 207
internal_value=0.000328943 0.0101794 -0.0225026 0.0196087 -0.0334704 -0.000658847 -0.0132964 -0.0357339 -0.0164952 -0.0314676 -0.0209014 0.0274255 -0.00527979 0.00106977 -0.0115477 -0.0386862 -0.0274062 -0.0440257 0.0115182 -0.0121123 -0.0494603 0.00124335 0.0120561 -0.0211103 -0.0370981 -0.0528187 -0.060847 -0.096516 -0.0511391 0.010054
internal_weight=4235 2959 1276 1582 581 1377 695 559 616 138 117 776 948 50 471 504 164 340 79 478 266 111 806 29 67 237 140 28 112 712
internal_count=4235 2959 1276 1582 581 1377 695 559 616 138 117 776 948 50 471 504 164 340 79 478 266 111 806 29 67 237 140 28 112 712
is_linear=0
shrinkage=0.035


Tree=34
num_leaves=31
num_cat=0
split_feature=5 3 3 9 3 31 3 0 10 54 9 0 2 54 0 5 5 0 5 2 3 3 5 9 5 10 2 0 10 2
split_gain=714.069 181.352 125.164 105.79 68.8677 38.592 46.7026 35.8006 38.3263 32.3632 32.2184 36.4359 30.0699 48.0718 28.8592 28.73 25.4107 27.4988 23.5344 24.0953 22.889 20.8849 19.8218 22.8961 18.5348 23.6745 21.895 20.7167 18.2578 21.1801
threshold=14900000.000000002 1.1281999945640566 5.2458999156951913 1.4978661537170412 0.47145000100135809 1.0000000180025095e-35 8.4818501472473162 2006.5000000000002 3.6846978664398198 1.0000000180025095e-35 2.3502402305603032 2002.5000000000002 109.50000000000001 1.0000000180025095e-35 1945.5000000000002 30125000.000000004 3250000.0000000005 2011.5000000000002 5550000.0000000009 79.500000000000014 0.80965000391006481 10.178250312805178 10100000.000000002 0.89587974548339855 6950000.0000000009 3.4985954761505131 94.500000000000014 1995.5000000000002 3.3765244483947758 105.50000000000001
decision_type=2 2 2 2 2 2 2 2 2 2 2 2 2 2 2 2 2 2 2 2 2 2 2 2 2 2 2 2 2 2
left_child=1 4 10 12 -1 6 14 18 9 -9 11 -2 13 16 -5 -4 17 -3 19 -6 -10 -17 -18 -24 25 27 -26 -15 -16 -30
right_child=2 3 15 5 7 -7 -8 8 20 -11 -12 -13 -14 24 28 21 22 -19 -20 -21 -22 -23 23 -25 26 -27 -28 -29 29 -31
leaf_value=-0.10057140160202982 -0.0041175843163490456 -0.014892942608746738 0.014721467881252035 -0.034921068275813018 0.010580860495567323 -0.047019366552460605 0.028707265676028333 -0.047748596918554272 -0.05701127979155772 -0.11322257072395751 0.015436483489151403 0.010226469898303874 -0.0078550750265253821 -0.025299712336560091 0.0053208590303889464 0.025839878369284145 0.0050098560058012579 -0.04701343959569932 -0.0029073138434418241 -0.034637357226153839 0.0051354311301427744 0.041212865735652179 -0.053000550465037433 0.00014101650112349054 -0.051161885723588062 -0.027539556329545578 -0.0036216791621191085 -0.062246795671145355 -0.013592587713047234 0.0014165394980315698
leaf_weight=19 359 157 184 31 14.999999999999998 21 63 25 12.000000000000002 17 525 545 245 29 326 338 110 41 42 209 15.999999999999998 168 17 22 14.999999999999998 126 47 65 212 250
leaf_count=19 359 157 184 31 15 21 63 25 12 17 525 545 245 29 326 338 110 41 42 209 16 168 17 22 15 126 47 65 212 250
internal_value=8.33679e-05 -0.0142138 0.014469 -0.00963824 -0.0370212 -0.00123079 -8.6589e-05 -0.0331347 -0.0554234 -0.0763074 0.00854609 0.00452991 -0.0183113 -0.0223624 -0.00233594 0.0267028 -0.0135699 -0.0217558 -0.027077 -0.031568 -0.022486 0.0310186 -0.00260782 -0.0237254 -0.0330892 -0.0378656 -0.0157806 -0.0512529 -0.00100919 -0.00548147
internal_weight=4251 2132 2119 1777 355 903 882 336 70 42 1429 904 874 629 819 690 347 198 266 224 28 506 149 39 282 220 62 94 788 462
internal_count=4251 2132 2119 1777 355 903 882 336 70 42 1429 904 874 629 819 690 347 198 266 224 28 506 149 39 282 220 62 94 788 462
is_linear=0
shrinkage=0.035


Tree=35
num_leaves=31
num_cat=0
split_feature=6 8 3 3 6 0 8 2 3 3 0 0 6 8 0 3 3 51 0 0 20 50 3 8 0 11 2 6 0 3
split_gain=694.713 157.245 131.548 69.9406 52.7427 55.2065 40.0591 37.9575 71.7093 37.0135 34.432 29.5338 35.2938 29.3923 28.5836 22.1773 19.8475 19.8334 19.5324 60.1826 39.9861 32.9667 22.1838 27.7373 19.6848 18.5835 19.0545 18.2924 17.9672 17.2407
threshold=16.266478538513187 2.5000000000000004 4.1425499916076669 1.0103999972343447 14.890807151794435 1994.5000000000002 4.5000000000000009 93.500000000000014 0.85545000433921825 9.7010498046875018 1936.5000000000002 1975.5000000000002 11.99006223678589 19.500000000000004 2006.5000000000002 3.2125499248504643 4.801650047302247 1.0000000180025095e-35 2001.5000000000002 1991.5000000000002 1.0000000180025095e-35 1.0000000180025095e-35 3.8068499565124516 3.5000000000000004 2012.5000000000002 3.8750000000000004 105.50000000000001 17.003873825073246 2009.5000000000002 1.587650001049042
decision_type=2 2 2 2 2 2 2 2 2 2 2 2 2 2 2 2 2 2 2 2 2 2 2 2 2 2 2 2 2 2
left_child=1 4 6 -3 5 11 14 8 -7 27 -5 12 -1 18 29 -9 -6 -16 19 20 -12 -21 23 24 -20 -15 -27 -4 -8 -2
right_child=2 3 9 10 16 7 28 15 -10 -11 13 -13 -14 25 17 -17 -18 -19 22 21 -22 -23 -24 -25 -26 26 -28 -29 -30 -31
leaf_value=-0.060914329646004226 -0.017895866699150612 -0.043144862194503149 0.0078924027104204653 -0.051892741511265446 -0.016180782199942473 -0.097582501309143546 0.010207887342261459 -0.035709154843322696 -0.038613248715518668 0.034260544109515047 -0.045752801408343348 -0.009026460095265261 -0.016525284679702903 0.024256143594746395 -0.00029685688436375531 -0.0007930180877447128 0.019244136581818262 0.018135041027503133 -0.0091406573235618491 -0.029398947392286764 0.0019662596391498517 0.024962925447026888 0.019957017596869266 0.0064782688601271194 -0.053166179927948282 -0.014062961531818068 0.011497636635126847 0.021687431042289009 0.031345159394666554 -0.001526275334397873
leaf_weight=36 116 58 152 17 269 36 619 216 89 260 22 149 57 63 160 25 20 128 38 180 331 13.999999999999998 63 101 18 57 92 554 53 243
leaf_count=36 116 58 152 17 269 36 619 216 89 260 22 149 57 63 160 25 20 128 38 180 331 14 63 101 18 57 92 554 53 243
internal_value=4.43249e-05 -0.0152904 0.0131393 -0.00611231 -0.0260542 -0.0319081 0.00594332 -0.0404918 -0.05625 0.0229468 -0.00391293 -0.0188056 -0.034192 -0.00302589 -0.000272147 -0.0321126 -0.0136653 0.00792345 -0.00621503 -0.0097528 -0.00112363 -0.0253591 0.00257755 -0.00446747 -0.0240069 0.00847897 0.00167919 0.0187352 0.0119217 -0.00685549
internal_weight=4236 1951 2285 1054 897 608 1319 366 125 966 996 242 93 979 647 241 289 288 767 547 353 194 220 157 56 212 149 706 672 359
internal_count=4236 1951 2285 1054 897 608 1319 366 125 966 996 242 93 979 647 241 289 288 767 547 353 194 220 157 56 212 149 706 672 359
is_linear=0
shrinkage=0.035


Tree=36
num_leaves=31
num_cat=0
split_feature=5 3 8 3 3 5 50 2 0 20 0 8 5 51 51 3 8 2 0 5 3 5 0 0 3 10 11 2 48 10
split_gain=671.277 145.244 128.86 93.6391 73.3957 58.0071 46.261 43.7958 41.7024 33.4642 50.0813 32.364 30.3256 30.085 29.0864 28.8424 25.6304 24.3202 34.6336 22.2654 21.7783 21.6422 20.9455 20.4392 19.9227 18.6539 17.4309 16.9059 30.8109 16.5738
threshold=8022880.0000000009 2.8519499301910405 3.5000000000000004 0.78949999809265148 0.31299999356269842 108500000.00000001 1.0000000180025095e-35 106.50000000000001 1991.5000000000002 1.0000000180025095e-35 1971.5000000000002 51.500000000000007 4045000.0000000005 1.0000000180025095e-35 1.0000000180025095e-35 3.4518500566482548 8.5000000000000018 101.50000000000001 1997.5000000000002 30125000.000000004 1.2120999693870547 418500.00000000006 2013.5000000000002 2002.5000000000002 1.9201499819755556 3.3765244483947758 1.1250000000000002 99.500000000000014 1.0000000180025095e-35 3.2475490570068364
decision_type=2 2 2 2 2 2 2 2 2 2 2 2 2 2 2 2 2 2 2 2 2 2 2 2 2 2 2 2 2 2
left_child=2 14 4 -4 -1 11 7 8 24 10 -5 19 17 22 16 25 -2 -10 -19 -3 -16 -15 -9 -12 -6 -11 -22 -27 -29 -20
right_child=1 5 3 9 6 -7 -8 13 12 15 23 -13 -14 21 20 -17 -18 18 29 -21 26 -23 -24 -25 -26 27 -28 28 -30 -31
leaf_value=-0.10857964108540463 -0.0093456298473096992 0.0076019978292752068 -0.095954237135127213 -0.08804526682140737 -0.024962903325905058 0.034714439989354175 0.017768521056029826 -0.017573679552508468 -0.036943155507194313 0.0022683023169264198 -0.02695083709850031 0.028143653839097931 -0.016558682333690265 0.02503994255293818 -0.016539238845474192 0.009577290616594689 0.0099553638653003818 -0.10921188929602506 -0.070012562642494836 0.017268242590834773 -0.029393419019877912 -0.011960056269499992 -0.053146544572532831 0.0095552658925453816 -0.00099996445646824981 -0.023304282819114206 0.010365372253266544 0.00020029019007698583 -0.048374564449406333 -0.027316009279938106
leaf_weight=11.999999999999998 411 566 12.999999999999998 11.999999999999998 141 207 30 205 300 174 50 192 75 33 44 193 105 13.999999999999998 20 610 12.999999999999998 44 22 29 61 105 411 143 17 29
leaf_count=12 411 566 13 12 141 207 30 205 300 174 50 192 75 33 44 193 105 14 20 610 13 44 22 29 61 105 411 143 17 29
internal_value=-0.000493557 0.0108737 -0.0173835 -0.00628628 -0.0256506 0.0174612 -0.0245167 -0.0258798 -0.0310819 -0.00454127 -0.0242655 0.0148258 -0.0371601 -0.0148562 0.000320943 -0.00166462 -0.00540306 -0.0413546 -0.0614285 0.0126278 0.00663382 0.00399238 -0.0212469 -0.0135761 -0.0177758 -0.00662148 0.00907594 -0.0124517 -0.00521833 -0.0458299
internal_weight=4281 2559 1722 736 986 1575 974 944 640 723 91 1368 438 304 984 632 516 363 63 1176 468 77 227 79 202 439 424 265 160 49
internal_count=4281 2559 1722 736 986 1575 974 944 640 723 91 1368 438 304 984 632 516 363 63 1176 468 77 227 79 202 439 424 265 160 49
is_linear=0
shrinkage=0.035


Tree=37
num_leaves=31
num_cat=0
split_feature=5 3 3 5 3 0 3 0 62 51 5 10 2 20 3 0 3 0 2 2 52 2 10 0 61 0 3 0 51 2
split_gain=572.635 162.009 99.7986 59.7048 48.0147 37.528 27.3838 26.2955 24.5539 24.1442 26.4334 23.3114 37.2413 23.8754 24.7556 23.3688 21.5989 20.2224 19.3783 22.5787 18.5625 18.5539 27.3377 40.9998 26.017 18.631 26.3344 24.2308 18.2331 18.1231
threshold=16020385.000000002 1.4142499566078188 4.1810998916625985 2650000.0000000005 0.31299999356269842 1991.5000000000002 9.7010498046875018 1985.5000000000002 1.0000000180025095e-35 1.0000000180025095e-35 57500000.000000007 3.786190509796143 97.500000000000014 1.0000000180025095e-35 2.9972000122070317 2011.5000000000002 2.3686999082565312 1973.5000000000002 92.500000000000014 89.500000000000014 1.0000000180025095e-35 106.50000000000001 3.6599026918411259 1997.5000000000002 1.0000000180025095e-35 2006.5000000000002 1.3111499547958376 2003.5000000000002 1.0000000180025095e-35 87.500000000000014
decision_type=2 2 2 2 2 2 2 2 2 2 2 2 2 2 2 2 2 2 2 2 2 2 2 2 2 2 2 2 2 2
left_child=1 4 9 11 -1 17 -4 -5 -9 10 16 13 20 -3 15 -15 -2 -6 19 -19 29 22 24 -24 25 26 27 -7 -20 -13
right_child=2 3 6 7 5 21 -8 8 -10 -11 -12 12 -14 14 -16 -17 -18 18 28 -21 -22 -23 23 -25 -26 -27 -28 -29 -30 -31
leaf_value=-0.087375248612836021 -0.009898488178848865 -0.031318602789083827 0.01920721446335974 0.0093290168657549667 -0.029627931763749511 -0.042228775720170975 0.033397232913123125 -0.0018881439415131857 -0.025647010038542598 0.012927923619161985 0.017187734545223925 -0.0097715073928857851 -0.012251735205518912 -0.0066370439925613669 0.011866744498426739 -0.035920447082405819 0.0050403523444467104 -0.0038122938536107546 -0.013298336536344142 -0.055537059051149036 -0.077669433534145363 -0.018712217941183912 -0.069699638082864973 -0.00956313511261251 -0.01764801110091006 -0.068300082455724484 -0.085093348719676346 0.0025426282306250771 0.01826932700917892 -0.044688207803188634
leaf_weight=14.999999999999998 203 50 630 251 58 78 231 662 57 480 118 29 179 285 77 37 282 27 39 15.999999999999998 12.999999999999998 106 15.999999999999998 79 40 49 13.999999999999998 18 50 52
leaf_count=15 203 50 630 251 58 78 231 662 57 480 118 29 179 285 77 37 282 27 39 16 13 106 16 79 40 49 14 18 50 52
internal_value=0.000184966 -0.0116439 0.0141614 -0.00607683 -0.0271745 -0.0254958 0.0230507 -0.000400055 -0.00380711 0.007078 0.00240475 -0.01369 -0.0217502 -0.00874792 -0.00584391 -0.0101081 -0.0012163 -0.0125792 -0.00490844 -0.0239233 -0.0394999 -0.0315801 -0.0361345 -0.0203302 -0.0435312 -0.0498807 -0.0411186 -0.0338764 0.0044228 -0.0324801
internal_weight=4241 2297 1944 1692 605 590 861 970 719 1083 603 722 273 449 399 322 485 190 132 43 94 400 294 95 199 159 110 96 89 81
internal_count=4241 2297 1944 1692 605 590 861 970 719 1083 603 722 273 449 399 322 485 190 132 43 94 400 294 95 199 159 110 96 89 81
is_linear=0
shrinkage=0.035


Tree=38
num_leaves=31
num_cat=0
split_feature=5 4 8 4 5 4 1 1 2 10 10 5 8 2 1 8 51 62 1 5 1 1 10 5 5 4 1 57 52 1
split_gain=569.38 137.044 123.873 71.1465 54.7759 41.0513 34.2084 36.6191 74.9364 34.6186 31.4942 30.991 29.8984 29.3984 29.3178 23.8328 23.3817 23.0406 22.4296 29.3256 22.1709 37.7178 21.7657 20.4375 19.9292 19.0736 39.9409 34.287 30.2249 26.2023
threshold=6644000.0000000009 1.348579525947571 2.5000000000000004 0.27230378985404974 108500000.00000001 0.69833362102508556 24.500000000000004 21.500000000000004 103.50000000000001 4.6833331584930429 3.8744747638702397 63500000.000000007 35.500000000000007 136.50000000000003 63.500000000000007 80.500000000000014 1.0000000180025095e-35 1.0000000180025095e-35 49.500000000000007 17500.000000000004 30.500000000000004 16.500000000000004 3.8459624052047734 602000.00000000012 27250000.000000004 1.1550398468971255 11.500000000000002 1.0000000180025095e-35 1.0000000180025095e-35 11.500000000000002
decision_type=2 2 2 2 2 2 2 2 2 2 2 2 2 2 2 2 2 2 2 2 2 2 2 2 2 2 2 2 2 2
left_child=2 11 3 -1 15 10 7 9 -9 13 -4 16 14 25 17 24 -2 20 -8 -20 21 -7 -14 -16 -3 26 27 -5 -28 -27
right_child=1 4 5 6 -6 12 18 8 -10 -11 -12 -13 22 -15 23 -17 -18 -19 19 -21 -22 -23 -24 -25 -26 29 28 -29 -30 -31
leaf_value=-0.10802450391879451 -0.0066219660237140949 0.0073476926289814046 -0.019095892840948626 -0.042331505671977555 0.03303626811695666 0.0057264730913838859 -0.0084579987662339907 -0.10727330622076989 -0.00019939533621072771 0.014966918679123574 -0.079881328673909124 0.022742066893200193 0.033960009708420009 0.021994881925674586 -0.062671755064059712 0.029772330121721476 0.0041211139143308741 -0.028364309781498499 -0.058699439963390096 -0.017623533425376415 0.0066439845884326927 -0.017377726743748729 -0.0013475302235844235 -0.017530473960234841 0.016123141344143863 -0.010998585524482896 -0.015347632493726587 -0.092945294010825477 -0.060481940912929459 -0.053056019609713047
leaf_weight=11.999999999999998 521 550 38 133 207 145 191 20 12.999999999999998 21 13.999999999999998 68 38 11.999999999999998 15.999999999999998 105 472 46 28 87 195 212 47 50 760 91 114 19 21 22
leaf_count=12 521 550 38 133 207 145 191 20 13 21 14 68 38 12 16 105 472 46 28 87 195 212 47 50 760 91 114 19 21 22
internal_value=1.64571e-05 0.00984148 -0.0166094 -0.0264924 0.016236 -0.00691299 -0.0250847 -0.0310667 -0.0663906 -0.0282238 -0.0366926 5.8214e-05 -0.00479701 -0.0304604 -0.00730454 0.0137554 -0.00151472 -0.00483229 -0.0158977 -0.0280595 -0.00282038 -0.007999 0.014628 -0.029272 0.0124485 -0.0320893 -0.0369172 -0.0492358 -0.0227745 -0.0195957
internal_weight=4268 2683 1585 784 1622 801 772 466 33 433 52 1061 749 412 664 1415 993 598 306 115 552 357 85 66 1310 400 287 152 135 113
internal_count=4268 2683 1585 784 1622 801 772 466 33 433 52 1061 749 412 664 1415 993 598 306 115 552 357 85 66 1310 400 287 152 135 113
is_linear=0
shrinkage=0.035


Tree=39
num_leaves=31
num_cat=0
split_feature=5 5 8 8 20 0 5 5 3 10 8 0 3 10 10 12 25 3 8 0 0 8 0 10 3 0 3 11 25 3
split_gain=516.378 140.24 108.118 56.9712 56.4325 47.3432 41.635 39.2605 36.0418 29.7983 30.5561 29.0675 30.5856 25.8967 24.4867 24.0889 22.6515 20.0269 18.8618 19.9028 17.9804 21.7415 22.4578 18.9536 17.9196 16.3174 14.3985 13.3272 12.6416 24.7153
threshold=8022880.0000000009 36500000.000000007 3.5000000000000004 5.5000000000000009 1.0000000180025095e-35 2001.5000000000002 102500000.00000001 951000.00000000012 1.7641500234603884 3.3765244483947758 36.500000000000007 2013.5000000000002 0.93059998750686657 4.3117647171020517 3.4254524707794194 2.5000000000000004 1.0000000180025095e-35 1.4142499566078188 39.500000000000007 2007.5000000000002 2000.5000000000002 79.500000000000014 1992.5000000000002 3.7094297409057622 1.22995001077652 1993.5000000000002 3.7788000106811528 3.8750000000000004 1.0000000180025095e-35 0.53374999761581432
decision_type=2 2 2 2 2 2 2 2 2 2 2 2 2 2 2 2 2 2 2 2 2 2 2 2 2 2 2 2 2 2
left_child=2 3 8 17 5 7 18 -4 11 26 14 13 -13 25 -11 -12 27 -2 19 -3 21 22 23 -5 -14 -1 -6 -10 29 -27
right_child=1 6 4 20 9 -7 -8 -9 16 10 15 12 24 -15 -16 -17 -18 -19 -20 -21 -22 -23 -24 -25 -26 28 -28 -29 -30 -31
leaf_value=-0.020159374363580087 -0.016459636590560878 0.0081981224650529375 -0.077906053386876992 0.016288831422691434 0.0051818106671017499 0.0017509180724620821 0.032799895859024944 -0.018131539987156567 -0.0075780819194247026 -0.056773214980610651 0.021938487505847169 -0.10029209827345154 -0.0020865685790777207 -0.0032158288495078434 -0.0093506235179535019 -0.024870769844335668 -0.052676239558392103 -0.0012508032046117184 0.028093365058501941 0.020578728240083822 0.016751054693818809 0.027311650754450186 -0.0050774787928033619 -0.0064943001886208851 -0.051592451896766825 -0.0010136587205529213 0.029145727034960246 -0.021695475054424141 -0.0018359133116900921 -0.038295999928057316
leaf_weight=201 127 379 29 177 187 34 233 26 249 12.999999999999998 65 11.999999999999998 12.999999999999998 58 319 15.999999999999998 17 622 130 277 280 50 212 59 29 24 36 123 14.999999999999998 252
leaf_count=201 127 379 29 177 187 34 233 26 249 13 65 12 13 58 319 16 17 622 130 277 280 50 212 59 29 24 36 123 15 252
internal_value=-0.000251893 0.00975155 -0.0150746 0.00303574 -0.00478618 -0.0307272 0.0198008 -0.0505086 -0.0225722 -0.00111078 -0.00667545 -0.0279315 -0.0524415 -0.0254311 -0.0113777 0.0124803 -0.014196 -0.00385045 0.0159084 0.0134519 0.00966392 0.00565009 0.00317316 0.0105823 -0.0367148 -0.0280346 0.00917108 -0.0122963 -0.0333805 -0.0350757
internal_weight=4264 2546 1718 1527 725 89 1019 55 993 636 413 604 54 550 332 81 389 749 786 656 778 498 448 236 42 492 223 372 291 276
internal_count=4264 2546 1718 1527 725 89 1019 55 993 636 413 604 54 550 332 81 389 749 786 656 778 498 448 236 42 492 223 372 291 276
is_linear=0
shrinkage=0.035


Tree=40
num_leaves=31
num_cat=0
split_feature=5 3 3 3 50 1 20 8 5 2 62 5 10 8 50 2 61 1 2 53 5 8 3 10 2 64 2 10 51 5
split_gain=514.848 126.502 93.1068 38.6778 38.2174 39.2546 36.4277 35.8146 29.481 27.6877 23.1412 22.0137 18.8685 26.0232 18.592 20.5634 17.1725 24.9213 25.7784 22.665 22.4934 19.5166 15.9429 15.686 16.4927 15.6403 17.6549 17.1573 19.4275 29.6258
threshold=6950000.0000000009 3.8068499565124516 1.4578999876976015 9.9084000587463397 1.0000000180025095e-35 24.500000000000004 1.0000000180025095e-35 10.500000000000002 34100000.000000007 95.500000000000014 1.0000000180025095e-35 27250000.000000004 3.8526501655578618 41.500000000000007 1.0000000180025095e-35 90.500000000000014 1.0000000180025095e-35 21.500000000000004 99.500000000000014 1.0000000180025095e-35 2931025.5000000005 4.5000000000000009 2.7218999862670903 3.9128715991973881 91.500000000000014 1.0000000180025095e-35 131.50000000000003 3.7427625656127934 1.0000000180025095e-35 1.0000000180025095e-35
decision_type=2 2 2 2 2 2 2 2 2 2 2 2 2 2 2 2 2 2 2 2 2 2 2 2 2 2 2 2 2 2
left_child=2 8 4 11 5 16 -7 14 10 -8 -2 -3 13 -9 15 -4 17 18 19 20 23 -19 -12 24 -1 27 -27 28 -17 -30
right_child=1 3 7 -5 -6 6 9 12 -10 -11 22 -13 -14 -15 -16 25 -18 21 -20 -21 -22 -23 -24 -25 -26 26 -28 -29 29 -31
leaf_value=-0.050391490302979951 0.00066641188936484425 0.0064894673956081908 -0.026831343325566397 0.029484782241584583 0.018795306882510583 -0.062547574637751846 -0.029292756320581252 0.0017214705781258932 0.010117587451853415 3.3167747897095973e-06 -0.031675794025417418 0.017965495816107322 -0.0092140027202976243 0.037407785568444533 0.011642955964622911 -0.01169601316113472 -0.020125978046745971 -0.092115918705612421 -0.022016752601295597 -0.021740034406192793 -0.019200672694792351 -0.031493008426748792 -0.0010239467798781239 -0.03434175011655316 -0.089308317840099335 -0.052084054546741157 -0.00232008684600393 -0.018043180792442572 0.022944495825554995 -0.011556263314720367
leaf_weight=33 985 308 143 260 20 18 63 116 417 103 47 623 119 31 33 222 65 19.000000000000004 95 38 20 11.999999999999998 37 23 32 23 13.999999999999998 225 60 60
leaf_count=33 985 308 143 260 20 18 63 116 417 103 47 623 119 31 33 222 65 19 95 38 20 12 37 23 32 23 14 225 60 60
internal_value=-0.000310564 0.00905214 -0.0161007 0.0175459 -0.027881 -0.0297087 -0.0165557 -0.00998537 0.00223614 -0.0112134 -0.000843239 0.0141818 0.00109656 0.00946089 -0.0137634 -0.0149022 -0.0368148 -0.0407082 -0.0366038 -0.0458691 -0.0540656 -0.0704212 -0.0183659 -0.061665 -0.0706399 -0.0120353 -0.0338571 -0.0105511 -0.0055788 0.00572671
internal_weight=4264 2677 1587 1191 541 521 184 1046 1486 166 1069 931 266 147 780 747 337 272 241 146 108 31 84 88 65 604 37 567 342 120
internal_count=4264 2677 1587 1191 541 521 184 1046 1486 166 1069 931 266 147 780 747 337 272 241 146 108 31 84 88 65 604 37 567 342 120
is_linear=0
shrinkage=0.035


Tree=41
num_leaves=31
num_cat=0
split_feature=5 9 3 5 50 31 3 1 3 54 2 51 3 9 9 51 47 61 5 5 2 10 1 5 10 10 3 1 2 2
split_gain=448.182 123.561 91.1759 50.8288 38.7403 36.401 34.437 28.7523 30.2578 27.5125 26.9437 36.5988 32.2195 32.6433 23.3152 27.3007 23.0532 24.8943 22.378 21.0984 20.3644 19.4808 19.415 19.571 28.5779 18.6354 18.033 17.3088 17.2054 15.6754
threshold=14100000.000000002 1.8688347935676577 4.5850501060485849 1515000.0000000002 1.0000000180025095e-35 1.0000000180025095e-35 8.6977500915527362 79.500000000000014 1.2120999693870547 1.0000000180025095e-35 95.500000000000014 1.0000000180025095e-35 0.87884998321533214 1.2424533367156985 2.3502402305603032 1.0000000180025095e-35 1.0000000180025095e-35 1.0000000180025095e-35 13100000.000000002 161500000.00000003 92.500000000000014 4.4645111560821542 9.5000000000000018 1.0000000180025095e-35 3.7427625656127934 3.1005952358245854 1.6341499686241152 9.5000000000000018 103.50000000000001 101.50000000000001
decision_type=2 2 2 2 2 2 2 2 2 2 2 2 2 2 2 2 2 2 2 2 2 2 2 2 2 2 2 2 2 2
left_child=1 3 14 4 10 6 7 8 20 -5 12 16 13 -1 15 -2 17 -12 26 -4 -3 22 29 24 -24 -10 -11 -17 -27 -13
right_child=2 5 19 9 -6 -7 -8 -9 25 18 11 21 -14 -15 -16 27 -18 -19 -20 -21 -22 -23 23 -25 -26 28 -28 -29 -30 -31
leaf_value=-0.062505647523957653 -0.003323305580096028 -0.065564718118080734 0.018287764982059682 -0.0033795210380234485 0.021131007610131869 -0.049188858689119423 0.027561406241613445 -0.050642896194010974 0.01303998459075493 -0.026433121463681899 -0.035109240150518688 -0.06295268391531246 -0.026224718045845086 -0.0033590847184260687 0.01204464453385687 0.019388888424145111 -0.00079080163935223255 -0.006764512365683914 -0.059862304847873749 0.037163628811652714 -0.011560242842882873 0.029672765556308961 0.018567026976234559 -0.031866067943535747 -0.035750210511684422 -0.0090801197410529041 -0.0086432210202797132 0.0035187174043326119 0.0044055201016530328 -0.010258035894702464
leaf_weight=66 500 11.999999999999998 745 330 22 17 55 12.999999999999998 142 116 213 12.000000000000002 225 13.999999999999998 419 131 38 47 13.999999999999998 81 27 17 56 19 13.999999999999998 202 178 235 269 15.999999999999998
leaf_count=66 500 12 745 330 22 17 55 13 142 116 213 12 225 14 419 131 38 47 14 81 27 17 56 19 14 202 178 235 269 16
internal_value=-0.000314335 -0.0116231 0.0111169 -0.0177366 -0.0238584 -2.41131e-05 0.00120091 -0.00101477 4.81099e-05 -0.0104251 -0.0252305 -0.0195146 -0.0332306 -0.0523459 0.00527626 0.00198936 -0.0263291 -0.0300376 -0.0179328 0.0201836 -0.0294445 -0.00426419 -0.00941971 -0.0012806 0.00732841 0.00197222 -0.0157341 0.00924115 -0.00138141 -0.0342938
internal_weight=4245 2134 2111 1397 759 737 720 665 652 638 737 432 305 80 1285 866 298 260 308 826 39 134 117 89 70 613 294 366 471 28
internal_count=4245 2134 2111 1397 759 737 720 665 652 638 737 432 305 80 1285 866 298 260 308 826 39 134 117 89 70 613 294 366 471 28
is_linear=0
shrinkage=0.035


Tree=42
num_leaves=31
num_cat=0
split_feature=5 8 8 4 4 50 4 5 2 54 0 25 4 11 4 0 8 0 10 8 10 10 0 4 5 11 62 4 10 0
split_gain=477.177 115.176 108.577 60.3768 57.3966 38.3101 35.2197 33.3187 30.6199 32.7062 29.1945 24.6154 39.3324 24.1139 30.3901 23.5402 22.6559 20.6391 19.6859 20.3265 19.619 18.348 21.2415 31.3965 17.7507 17.2619 17.2542 16.6359 21.1938 25.5841
threshold=6950000.0000000009 11.500000000000002 2.5000000000000004 1.194588899612427 0.27230378985404974 1.0000000180025095e-35 0.69833362102508556 106000000.00000001 106.50000000000001 1.0000000180025095e-35 2009.5000000000002 1.0000000180025095e-35 1.0167331695556643 3.8750000000000004 1.8319251537323 1936.5000000000002 112.50000000000001 1984.5000000000002 3.328355193138123 10.500000000000002 3.8744747638702397 3.7427625656127934 2005.5000000000002 0.76435095071792614 49600000.000000007 3.6250000000000004 1.0000000180025095e-35 0.6306598186492921 2.236111164093018 1995.5000000000002
decision_type=2 2 2 2 2 2 2 2 2 2 2 2 2 2 2 2 2 2 2 2 2 2 2 2 2 2 2 2 2 2
left_child=2 3 4 -2 -1 8 20 16 9 11 13 12 17 26 -15 -8 -3 -6 -17 -20 -4 22 -11 -24 -12 -21 -5 -19 -29 -30
right_child=1 7 6 10 5 -7 15 -9 -10 21 24 -13 -14 14 -16 18 -18 27 19 25 -22 -23 23 -25 -26 -27 -28 28 29 -31
leaf_value=-0.098842005469478106 -0.0060667343402236841 0.013444958281044533 -0.019856024719976089 0.0073372455841893584 -0.015110479171232632 0.018583785051370507 -0.051815907288056157 0.033578934063025583 -0.01496538507500684 -0.03630408027652704 0.0087269918040980832 0.021300648145874342 -0.0079681724771857275 -0.0050999577493717266 -0.062609950929880143 0.0045485269052634413 0.03674800959988074 -0.024295384651642632 -0.013920756053983277 0.025854156902991237 -0.067495664183981716 -0.028339763712117248 -0.10747169353330839 -0.046908281851559888 0.023221101583316923 -0.0036018940762572115 -0.014499094108917886 -0.01955305738731598 -0.1057522021927871 -0.048741708938564582
leaf_weight=11.999999999999998 629 837 36 466 47 24 11.999999999999998 135 228 70 260 13.999999999999998 104 59 12.999999999999998 217 54 43 297 27 14.999999999999998 89 15.999999999999998 37 174 187 48 20 12.999999999999998 48
leaf_count=12 629 837 36 466 47 24 12 135 228 70 260 14 104 59 13 217 54 43 297 27 15 89 16 37 174 187 48 20 13 48
internal_value=-0.000776033 0.00818737 -0.016182 0.00245418 -0.0255768 -0.0242773 -0.00707292 0.0173888 -0.0257143 -0.030563 0.00771125 -0.0227515 -0.0250696 0.00260349 -0.0162231 -0.00510614 0.0148988 -0.0353534 -0.00426378 -0.00801099 -0.0349299 -0.0410467 -0.0499244 -0.0668756 0.014582 0.00020935 0.00527046 -0.0428299 -0.0522316 -0.0624294
internal_weight=4231 2675 1556 1649 765 753 791 1026 729 501 1020 289 275 586 72 740 891 171 728 511 51 212 123 53 434 214 514 124 81 61
internal_count=4231 2675 1556 1649 765 753 791 1026 729 501 1020 289 275 586 72 740 891 171 728 511 51 212 123 53 434 214 514 124 81 61
is_linear=0
shrinkage=0.035


Tree=43
num_leaves=31
num_cat=0
split_feature=3 8 3 20 0 3 3 1 10 0 62 51 57 3 0 10 0 8 0 2 61 10 0 8 0 62 64 10 3 8
split_gain=337.6 96.4599 73.0009 58.0458 72.9638 58.6594 34.917 37.13 33.6738 33.0101 28.799 27.8796 27.776 26.0085 23.1574 21.2091 22.0098 21.0072 20.9008 20.3564 20.1549 19.9001 38.8578 19.1282 18.9748 17.8115 15.8048 22.6844 15.3413 15.248
threshold=2.7640999555587773 5.5000000000000009 1.4142499566078188 1.0000000180025095e-35 2001.5000000000002 9.4185500144958514 2.6998000144958501 19.500000000000004 3.9128715991973881 1992.5000000000002 1.0000000180025095e-35 1.0000000180025095e-35 1.0000000180025095e-35 0.31299999356269842 1971.5000000000002 1.0625000000000002 1966.5000000000002 25.500000000000004 2009.5000000000002 103.50000000000001 1.0000000180025095e-35 3.6599026918411259 1996.5000000000002 26.500000000000004 2007.5000000000002 1.0000000180025095e-35 1.0000000180025095e-35 3.4985954761505131 0.69154998660087597 1.5000000000000002
decision_type=2 2 2 2 2 2 2 2 2 2 2 2 2 2 2 2 2 2 2 2 2 2 2 2 2 2 2 2 2 2
left_child=1 2 9 4 14 8 17 -8 23 -1 11 26 15 -11 -2 -13 -17 20 19 -10 -3 29 -23 24 25 -5 -4 -28 -24 -15
right_child=3 6 10 5 -6 -7 7 -9 18 13 -12 12 -14 21 -16 16 -18 -19 -20 -21 -22 22 28 -25 -26 -27 27 -29 -30 -31
leaf_value=-0.011409161449331004 -0.076945951555783945 -0.0017548053436584323 -0.0097382088199147072 0.0073164038540736009 0.012664817201718956 0.026386577716217205 0.0060865832240535661 -0.078696401340457106 -0.029511563761780664 -0.078459576765791739 -0.030090302227092771 -0.03897660679370165 -0.045402748240033784 -0.040381602106060212 -0.024864259467172606 -0.032679670184436772 0.0071052958003002984 0.022239049436796148 0.013310526238857872 -0.0018306700172155954 0.015553237112797798 -0.073195171775153056 0.018016881614923479 0.018566909828228041 0.014486438690033214 -0.010531353186792098 -0.064861462309956555 -0.0070176677409755561 -0.015053855298567216 -0.023198358409900647
leaf_weight=192 11.999999999999998 382 505 563 86 294 12.000000000000002 11.999999999999998 47 11.999999999999998 66 12.999999999999998 13.999999999999998 149 67 17 318 71 62 102 104 11.999999999999998 20 342 460 77 14.999999999999998 18 95 121
leaf_count=192 12 382 505 563 86 294 12 12 47 12 66 13 14 149 67 17 318 71 62 102 104 12 20 342 460 77 15 18 95 121
internal_value=0.000373141 -0.00939426 -0.0139084 0.0103076 -0.00957366 0.0119974 0.00278056 -0.0376871 0.0094227 -0.0234796 -0.00793362 -0.00627526 0.00122973 -0.0291 -0.0336602 0.00323548 0.0049899 0.00459178 -0.00361581 -0.0107124 0.00196971 -0.0274103 -0.0157684 0.011333 0.00906744 0.00515329 -0.0113212 -0.0344961 -0.0091816 -0.0328014
internal_weight=4260 2148 1567 2112 165 1947 581 24 1653 601 966 900 362 409 79 348 335 557 211 149 486 397 127 1442 1100 640 538 33 115 270
internal_count=4260 2148 1567 2112 165 1947 581 24 1653 601 966 900 362 409 79 348 335 557 211 149 486 397 127 1442 1100 640 538 33 115 270
is_linear=0
shrinkage=0.035


Tree=44
num_leaves=31
num_cat=0
split_feature=5 5 8 3 50 2 5 52 0 11 8 61 2 2 10 3 0 0 5 2 50 2 5 10 0 5 11 8 10 3
split_gain=400.083 115.725 65.3738 57.3083 45.454 44.7657 27.4548 25.832 24.9142 23.4039 24.2113 23.5399 23.3688 22.2562 42.6803 27.442 28.7302 21.7953 20.1581 20.1889 17.7736 27.7781 35.9683 34.7571 17.3471 17.2394 16.1043 15.7976 15.5974 22.0983
threshold=4045000.0000000005 47500000.000000007 2.5000000000000004 2.3021999597549443 1.0000000180025095e-35 106.50000000000001 149500000.00000003 1.0000000180025095e-35 1991.5000000000002 2.6250000000000004 19.500000000000004 1.0000000180025095e-35 91.500000000000014 101.50000000000001 3.2475490570068364 1.1281999945640566 2006.5000000000002 2010.5000000000002 309000.00000000006 85.500000000000014 1.0000000180025095e-35 90.500000000000014 26287.500000000004 3.3732142448425297 1977.5000000000002 161148.50000000003 3.6250000000000004 2.5000000000000004 3.997916698455811 2.7459000349044804
decision_type=2 2 2 2 2 2 2 2 2 2 2 2 2 2 2 2 2 2 2 2 2 2 2 2 2 2 2 2 2 2
left_child=2 3 4 -2 5 8 -3 28 12 -4 11 20 18 15 -15 16 -10 -18 19 -1 21 22 23 -11 25 -14 -12 -5 29 -7
right_child=1 6 9 27 -6 7 -8 -9 13 10 26 -13 24 14 -16 -17 17 -19 -20 -21 -22 -23 -24 -25 -26 -27 -28 -29 -30 -31
leaf_value=-0.023805473188310864 -0.0048212101816958522 0.015521879163187534 0.011164887034361238 -0.00025101424151737444 0.021997774928163454 -0.0052810068244178747 0.033186667241667973 -0.043264140064793614 -0.03079283531035942 -0.02782256133052018 0.030662598618729549 0.0011638188939541579 -0.057388094395399103 -0.095616172563030649 -0.028250413547270002 -0.023263827363381284 -0.095333027052382655 -0.042270702597374719 -0.0075795098468661318 -0.076223658902477481 0.017074741993866421 -0.015128565881507105 -0.018562424435770435 -0.11380124376714232 0.0042153494996018713 -0.0083559032962299325 -0.0024132044456480072 0.0090189924979477889 -0.019148241097480062 0.036381066318895476
leaf_weight=19 776 651 68 284 25 86 130 26 64 12.000000000000002 21 98 12.999999999999998 21 27 159 20 23 20 19 15.999999999999998 287 37 11.999999999999998 55 25 99 1079 69 18
leaf_count=19 776 651 68 284 25 86 130 26 64 12 21 98 13 21 27 159 20 23 20 19 16 287 37 12 55 25 99 1079 69 18
internal_value=-0.000282918 0.0069807 -0.0161176 0.00276607 -0.0236253 -0.0253762 0.0185032 -0.0113923 -0.0313196 -0.0081327 -0.0104057 -0.0140384 -0.0194055 -0.0369637 -0.0591085 -0.0327546 -0.0464956 -0.0685964 -0.0366653 -0.0513419 -0.018128 -0.0197959 -0.0411287 -0.0737144 -0.0083471 -0.0262163 0.00356617 0.00708741 -0.00637117 0.00219088
internal_weight=4259 2920 1339 2139 689 664 781 199 465 650 582 462 151 314 48 266 107 43 58 38 364 348 61 24 93 38 120 1363 173 104
internal_count=4259 2920 1339 2139 689 664 781 199 465 650 582 462 151 314 48 266 107 43 58 38 364 348 61 24 93 38 120 1363 173 104
is_linear=0
shrinkage=0.035


Tree=45
num_leaves=31
num_cat=0
split_feature=5 3 3 8 3 10 0 8 0 5 57 0 0 10 0 5 8 3 0 8 3 62 54 5 10 10 8 0 5 20
split_gain=331.105 109.778 63.9079 63.427 36.0274 27.4002 25.9593 25.8714 34.186 22.9953 33.7129 26.299 20.864 20.3867 19.5949 19.5592 35.5793 32.9689 25.0179 24.5696 19.287 16.4889 20.7515 16.8226 16.8431 16.3731 23.0899 16.0713 16.0024 15.6359
threshold=13650000.000000002 1.0103999972343447 5.2458999156951913 6.5000000000000009 0.31299999356269842 1.0625000000000002 2016.5000000000002 5.5000000000000009 2006.5000000000002 2650000.0000000005 1.0000000180025095e-35 1993.5000000000002 1991.5000000000002 3.8131127357482915 1984.5000000000002 5550000.0000000009 3.5000000000000004 0.69154998660087597 2005.5000000000002 1.5000000000000002 2.3021999597549443 1.0000000180025095e-35 1.0000000180025095e-35 6950000.0000000009 3.1215692758560185 2.9309524297714238 21.500000000000004 2001.5000000000002 179000000.00000003 1.0000000180025095e-35
decision_type=2 2 2 2 2 2 2 2 2 2 2 2 2 2 2 2 2 2 2 2 2 2 2 2 2 2 2 2 2 2
left_child=1 4 7 5 -1 20 9 8 -2 10 -7 -12 -6 -9 -11 16 17 18 -14 -19 -3 22 -16 24 -24 -5 27 29 -4 -27
right_child=2 3 28 25 12 6 -8 13 -10 14 11 -13 15 -15 21 -17 -18 19 -20 -21 -22 -23 23 -25 -26 26 -28 -29 -30 -31
leaf_value=-0.083328501952687914 -0.0060484535579242117 -0.065890155868310679 0.017017513153565623 0.015758409755542192 -0.010145397231529933 -0.012205960378155765 0.027231173764575612 0.011733423013223903 0.0092940516960904468 0.0082685653038546535 -0.013706413253362096 -0.05129291102198779 0.012238121757050977 -0.011442527885884046 0.0017022784228126208 -0.0058041707329452045 -0.077173464300110947 -0.053414385895151649 -0.038481819071267784 -0.014827560042421665 -0.0082525197450931276 -0.037813672157652356 -0.048364685901460765 -0.0060536159637438903 -0.01517711756463652 -0.036167174754234463 0.0087884958278492947 0.0078075665968398641 0.037796213237345222 -0.0073287727746493593
leaf_weight=13.999999999999998 395 18.000000000000004 634 94 69 558 21 689 322 100 42 52 31 49 173 29 23 69 18 30 11.999999999999998 22 28 118 58 25 216 77 49 215
leaf_count=14 395 18 634 94 69 558 21 689 322 100 42 52 31 49 173 29 23 69 18 30 12 22 28 118 58 25 216 77 49 215
internal_value=2.97363e-05 -0.00979662 0.00973745 -0.00664763 -0.030047 -0.0113522 -0.0104808 0.00558309 0.000842676 -0.0111934 -0.01552 -0.0348384 -0.0269691 0.0101789 -0.0055171 -0.0326852 -0.0371736 -0.0304694 -0.00675569 -0.0420041 -0.0439015 -0.00898856 -0.00720624 -0.014741 -0.0264342 0.00237226 -1.03327e-05 -0.00602004 0.0185639 -0.0104776
internal_weight=4250 2112 2138 1829 283 1202 1172 1455 717 1151 652 94 269 738 499 200 171 148 49 99 30 399 377 204 86 627 533 317 683 240
internal_count=4250 2112 2138 1829 283 1202 1172 1455 717 1151 652 94 269 738 499 200 171 148 49 99 30 399 377 204 86 627 533 317 683 240
is_linear=0
shrinkage=0.035


Tree=46
num_leaves=31
num_cat=0
split_feature=5 8 3 3 3 51 2 53 5 2 2 5 1 51 8 0 0 5 8 64 2 51 10 47 2 2 8 0 0 52
split_gain=349.881 104.615 59.5166 57.2214 36.5112 29.4229 27.8054 27.7239 25.1842 33.7777 28.6714 39.1054 19.7978 19.386 21.4891 18.4528 30.8951 20.7501 20.7301 18.1418 17.8851 25.2839 19.1546 23.5086 20.9721 17.4372 24.5224 23.0403 38.705 19.3277
threshold=16020385.000000002 5.5000000000000009 0.31299999356269842 4.5040500164031991 2.1090999841690068 1.0000000180025095e-35 107.50000000000001 1.0000000180025095e-35 2520400.0000000005 90.500000000000014 86.500000000000014 210000.00000000003 32.500000000000007 1.0000000180025095e-35 22.500000000000004 2006.5000000000002 2002.5000000000002 17500.000000000004 3.5000000000000004 1.0000000180025095e-35 83.500000000000014 1.0000000180025095e-35 3.7920082807540898 1.0000000180025095e-35 94.500000000000014 94.500000000000014 1.5000000000000002 2010.5000000000002 2008.5000000000002 1.0000000180025095e-35
decision_type=2 2 2 2 2 2 2 2 2 2 2 2 2 2 2 2 2 2 2 2 2 2 2 2 2 2 2 2 2 2
left_child=1 2 -1 13 5 6 15 19 9 10 12 -12 -3 14 -2 16 17 18 -4 -8 21 -6 -22 24 -24 26 -7 28 29 -27
right_child=3 8 4 -5 20 25 7 -9 -10 -11 11 -13 -14 -15 -16 -17 -18 -19 -20 -21 22 -23 23 -25 -26 27 -28 -29 -30 -31
leaf_value=-0.084381609437863048 -0.00060814955410155977 0.020463658531436519 -0.050165665911265506 0.018070320538314571 0.0017458532173186541 -0.032242033096030361 -0.006479705253013654 -0.062734400910325352 0.0052984436815966419 -0.001522870210147275 -0.092764269977807998 -0.0082561088674343551 -0.033814610655255178 0.010906103840549268 0.018652377114665733 -0.042356089933243184 -0.00027258672523829673 -0.020553004760582881 -0.0020345374867320062 -0.043403638341981507 -0.00025673393245172828 -0.059557901352230047 -0.05494842164968386 0.019244984172284606 -0.014793987624812873 -0.0018402389913353128 -0.0042693937964737418 0.018972155934426846 -0.068248437119218019 -0.036697272653606804
leaf_weight=13.999999999999998 571 15.000000000000002 75 777 14.999999999999998 87 183 11.999999999999998 521 232 15.000000000000002 11.999999999999998 15.999999999999998 508 80 97 53 122 12.999999999999998 17 335 17 18 20 111 173 69 40 11.999999999999998 21
leaf_count=14 571 15 75 777 15 87 183 12 521 232 15 12 16 508 80 97 53 122 13 17 335 17 18 20 111 173 69 40 12 21
internal_value=-0.000251502 -0.00943255 -0.0148932 0.0107252 -0.014183 -0.0181704 -0.0232741 -0.0131107 0.000697933 -0.00755092 -0.0311989 -0.0569038 -0.0076775 0.00578809 0.00178103 -0.0292014 -0.024201 -0.0302019 -0.0431778 -0.00982727 -0.00663235 -0.0315866 -0.00491714 -0.015312 -0.02079 -0.0108643 -0.0199867 -0.00501483 -0.0097501 -0.00579124
internal_weight=4251 2315 1504 1936 1490 974 572 212 811 290 58 27 31 1159 651 360 263 210 88 200 516 32 484 149 129 402 156 246 206 194
internal_count=4251 2315 1504 1936 1490 974 572 212 811 290 58 27 31 1159 651 360 263 210 88 200 516 32 484 149 129 402 156 246 206 194
is_linear=0
shrinkage=0.035


Tree=47
num_leaves=31
num_cat=0
split_feature=6 6 3 8 3 8 10 0 0 20 62 3 2 6 2 2 10 20 2 3 0 2 54 2 6 11 2 3 51 2
split_gain=324.135 103.512 46.3854 40.9386 36.4845 32.3858 26.117 25.789 38.2542 28.1418 24.6087 21.505 20.6085 20.577 18.6454 38.391 20.5329 18.4552 27.6966 24.6849 23.5025 21.0483 18.1634 24.8575 21.834 18.6829 18.7594 16.9778 18.3802 16.5714
threshold=14.789892673492433 17.067752838134769 0.71780002117156994 2.5000000000000004 6.4911499023437509 10.500000000000002 3.1005952358245854 1994.5000000000002 1996.5000000000002 1.0000000180025095e-35 1.0000000180025095e-35 2.3170499801635747 96.500000000000014 10.175685882568361 93.500000000000014 85.500000000000014 3.4985954761505131 1.0000000180025095e-35 98.500000000000014 2.7459000349044804 2008.5000000000002 111.50000000000001 1.0000000180025095e-35 105.50000000000001 16.297492027282718 3.1250000000000004 94.500000000000014 1.0438999533653261 1.0000000180025095e-35 104.50000000000001
decision_type=2 2 2 2 2 2 2 2 2 2 2 2 2 2 2 2 2 2 2 2 2 2 2 2 2 2 2 2 2 2
left_child=2 5 13 7 -3 10 -5 9 -9 11 22 -4 -8 14 15 -1 -16 18 -10 20 -19 -20 -2 24 25 26 -24 -14 -29 -11
right_child=1 4 3 6 -6 -7 12 8 17 29 -12 -13 27 -15 16 -17 -18 19 21 -21 -22 -23 23 -25 -26 -27 -28 28 -30 -31
leaf_value=-0.023114581255351797 0.0023438870861080389 0.008791634357947907 -0.06000462711354098 0.0058294144964604472 0.021236388404830817 0.0068823264004220759 -0.023703349143111462 -0.087460734320374656 0.018593871312284911 -0.014153650508470835 -0.022567315177608852 -0.0049003366510073356 -0.042671173252662023 -0.008220428434511028 0.001876394970342517 -0.096415211845485682 -0.051508858278083311 -0.02300499132969662 -0.058449777912348511 -0.0020090725551726242 -0.048856974666548335 -0.0062286017286777504 -0.075640401503071206 -0.00080763304784583557 -0.0042857589159160858 -0.015608005738489937 -0.025237502354627048 -0.0096858460282936154 0.012116621547896002 0.0077576477909024107
leaf_weight=15.999999999999998 525 1000 23 134 407 508 125 11.999999999999998 26 124 78 13.999999999999998 13.999999999999998 20 14.999999999999998 21 20 94 14.999999999999998 32 85 24 14.999999999999998 341 104 73 25 190 62 63
leaf_count=16 525 1000 23 134 407 508 125 12 26 124 78 14 14 20 15 21 20 94 15 32 85 24 15 341 104 73 25 190 62 63
internal_value=-0.000470994 0.00541604 -0.0165026 -0.0143587 0.0124053 -0.000478867 -0.00746458 -0.021396 -0.0283264 -0.0123915 -0.00370444 -0.0398781 -0.0120283 -0.0402352 -0.0488698 -0.0662061 -0.0291643 -0.0254426 -0.00892238 -0.0304574 -0.035494 -0.0273165 -0.00232472 -0.00671669 -0.015948 -0.0265343 -0.0455652 -0.0064671 -0.00428814 -0.00676046
internal_weight=4205 3076 1129 1037 1407 1669 525 512 288 224 1161 37 391 92 72 37 35 276 65 211 179 39 1083 558 217 113 40 266 252 187
internal_count=4205 3076 1129 1037 1407 1669 525 512 288 224 1161 37 391 92 72 37 35 276 65 211 179 39 1083 558 217 113 40 266 252 187
is_linear=0
shrinkage=0.035


Tree=48
num_leaves=31
num_cat=0
split_feature=5 2 3 5 50 51 3 3 3 52 12 10 3 0 0 54 51 8 10 3 3 5 11 0 2 3 8 1 10 8
split_gain=279.402 70.6191 69.9784 68.3485 60.0673 39.1464 35.8675 35.2067 29.5198 25.6671 28.2165 46.5677 34.6676 28.0027 39.0253 23.2715 22.0389 21.9418 24.4414 24.5893 20.6862 18.931 17.7851 17.756 17.4477 16.6869 26.4446 20.7268 16.5891 15.8302
threshold=11600000.000000002 95.500000000000014 0.47145000100135809 51250000.000000007 1.0000000180025095e-35 1.0000000180025095e-35 3.376350045204163 3.4138000011444096 1.3716999888420107 1.0000000180025095e-35 1.0000000180025095e-35 4.051119565963746 1.5552499890327456 2011.5000000000002 2009.5000000000002 1.0000000180025095e-35 1.0000000180025095e-35 1.5000000000000002 2.8309522867202763 2.0076498985290532 1.2120999693870547 149500000.00000003 3.8750000000000004 1993.5000000000002 105.50000000000001 0.85545000433921825 1.5000000000000002 17.500000000000004 4.6287877559661874 8.5000000000000018
decision_type=2 2 2 2 2 2 2 2 2 2 2 2 2 2 2 2 2 2 2 2 2 2 2 2 2 2 2 2 2 2
left_child=1 2 -1 6 7 8 16 9 24 10 11 13 -13 14 15 -4 -2 -17 -19 -20 -11 -5 -9 -22 25 -3 27 -27 29 -7
right_child=3 5 4 21 -6 28 -8 22 -10 20 -12 12 -14 -15 -16 17 -18 18 19 -21 23 -23 -24 -25 -26 26 -28 -29 -30 -31
leaf_value=-0.08516516241627306 -0.0056247833469043043 -0.0080791438779105329 -0.012625455438577642 0.014525934518038335 0.020499795328559622 -0.0014868488060809407 0.0099409507505925001 0.012502632788594878 -0.0057132527552758933 -0.0064794541929776867 0.0019347253555587187 -0.096661179050596235 -0.026706480809627103 -0.042434378379482336 0.032779572333944476 -0.056869435679731954 0.0054932738567978426 0.02061008529108949 -0.012767073343778331 -0.066125569471103318 -0.030772296631501782 0.029247127287545062 -0.020100388682963967 -0.082022244105736428 -0.012092673611863017 -0.03440005698800086 -0.021557453701573037 -0.10295146128649897 0.041499599844217305 0.014234669447084456
leaf_weight=18 473 22 215 574 48 293 744 56 674 11.999999999999998 59 17 19 58 18 32 404 12.999999999999998 30 15.999999999999998 17 133 31 20 103 12.000000000000002 30 11.999999999999998 12.999999999999998 106
leaf_count=18 473 22 215 574 48 293 744 56 674 12 59 17 19 58 18 32 404 13 30 16 17 133 31 20 103 12 30 12 13 106
internal_value=8.2645e-05 -0.00970939 -0.0188077 0.00826091 -0.0168721 -0.00481342 0.00429386 -0.01983 -0.00908958 -0.0232353 -0.0206677 -0.0238592 -0.0615076 -0.0201553 -0.0160434 -0.0190184 -0.000500708 -0.0338023 -0.0205229 -0.0323758 -0.047282 0.0173351 0.000769178 -0.0599505 -0.0216906 -0.0343496 -0.0446791 -0.0714928 0.00403625 0.00271057
internal_weight=4272 1944 679 2328 661 1265 1621 613 853 526 477 418 36 382 324 306 877 91 59 46 49 707 87 37 179 76 54 24 412 399
internal_count=4272 1944 679 2328 661 1265 1621 613 853 526 477 418 36 382 324 306 877 91 59 46 49 707 87 37 179 76 54 24 412 399
is_linear=0
shrinkage=0.035


Tree=49
num_leaves=31
num_cat=0
split_feature=5 3 8 0 3 0 3 0 20 0 5 8 10 10 11 3 2 10 11 0 3 49 0 62 0 8 5 2 8 62
split_gain=273.264 95.9879 65.3193 48.9646 40.5948 45.5346 35.3637 21.7972 21.772 43.4709 20.8805 17.0111 16.586 16.417 16.2922 16.0209 15.8784 20.8915 15.6767 21.4797 26.9608 15.4198 14.8012 14.6729 14.2163 13.3638 13.0054 13.5361 12.723 12.6946
threshold=10891086.500000002 1.1281999945640566 12.500000000000002 2009.5000000000002 3.4138000011444096 2013.5000000000002 0.31299999356269842 1984.5000000000002 1.0000000180025095e-35 2001.5000000000002 106000000.00000001 161.50000000000003 3.7211111783981328 4.0388386249542245 1.1250000000000002 3.3237498998641972 79.500000000000014 1.9494949579238894 3.6250000000000004 1999.5000000000002 0.95569998025894176 1.0000000180025095e-35 1942.5000000000002 1.0000000180025095e-35 1995.5000000000002 1.5000000000000002 115000.00000000001 106.50000000000001 1.5000000000000002 1.0000000180025095e-35
decision_type=2 2 2 2 2 2 2 2 2 2 2 2 2 2 2 2 2 2 2 2 2 2 2 2 2 2 2 2 2 2
left_child=1 6 3 23 5 14 -1 -8 9 26 11 12 -4 -10 -3 22 -9 -18 -19 20 24 -11 -16 28 -20 -5 -6 -28 -2 -24
right_child=2 4 10 25 8 -7 7 16 13 21 -12 -13 -14 -15 15 -17 17 18 19 -21 -22 -23 29 -25 -26 -27 27 -29 -30 -31
leaf_value=-0.081306544050574317 -0.009342114426548016 -0.034716274665525328 0.015097780673100709 0.0031554507735729693 -0.053853702465693168 -0.032712654434421916 -0.0037479701573029166 0.010620964981042423 0.01270469676857377 0.0007806227532846312 0.028258995490369056 0.042204473743059981 0.0030191612841192895 -0.010219270240515471 -0.028792087136548669 -0.039406922975348105 0.0036530867340889852 -0.040710821749249268 -0.030357213478535407 -0.010336442691338663 -0.0065412753765520309 0.045353725731372835 -0.0041416067842745099 -0.01554215389100352 -0.082969886980950841 0.015960845838809037 0.0095372804598882789 -0.036652910318639542 0.0019031381410545972 -0.018858670234739878
leaf_weight=12.999999999999998 147 25 565 141 20 93 55 11.999999999999998 230 30 130 23 186 45 33 17 21 134 13.000000000000002 71 18 12.999999999999998 937 80 15.999999999999998 349 13.000000000000002 17 736 77
leaf_count=13 147 25 565 141 20 93 55 12 230 30 130 23 186 45 33 17 21 134 13 71 18 13 937 80 16 349 13 17 736 77
internal_value=-6.37121e-05 -0.00992669 0.00789958 0.0032981 -0.00616504 -0.00932411 -0.0263748 -0.0240371 0.00397477 -0.0105799 0.0152818 0.0130662 0.0121166 0.00892373 -0.00729696 -0.00661907 -0.0279196 -0.0296527 -0.0324386 -0.0227668 -0.0409015 0.0150205 -0.00604793 -0.0012852 -0.0612413 0.0122935 -0.0324933 -0.0169187 2.0622e-05 -0.00527838
internal_weight=4260 1903 2357 1453 1550 1182 353 340 368 93 904 774 751 275 1089 1064 285 273 252 118 47 43 1047 963 29 490 50 30 883 1014
internal_count=4260 1903 2357 1453 1550 1182 353 340 368 93 904 774 751 275 1089 1064 285 273 252 118 47 43 1047 963 29 490 50 30 883 1014
is_linear=0
shrinkage=0.035


Tree=50
num_leaves=31
num_cat=0
split_feature=5 9 2 3 50 9 0 31 52 2 0 0 0 51 3 3 3 3 62 64 9 3 20 0 5 3 11 0 11 0
split_gain=247.431 95.9083 41.5255 40.1854 43.9383 33.9206 43.2222 32.4443 30.0922 25.8046 58.8261 21.8871 21.795 21.0215 19.0977 19.4156 18.7788 18.1706 23.777 16.9589 18.038 16.3586 16.3073 16.0255 15.1139 14.9483 22.216 15.5376 14.2243 18.0899
threshold=20750000.000000004 1.4978661537170412 103.50000000000001 2.0588999986648564 1.0000000180025095e-35 2.8029010295867924 2006.5000000000002 1.0000000180025095e-35 1.0000000180025095e-35 101.50000000000001 2000.5000000000002 1958.5000000000002 2014.5000000000002 1.0000000180025095e-35 2.0076498985290532 1.7074999809265139 7.2281000614166269 5.3059499263763437 1.0000000180025095e-35 1.0000000180025095e-35 2.6020033359527592 0.53374999761581432 1.0000000180025095e-35 1992.5000000000002 834863.50000000012 2.6042500734329228 4.1250000000000009 2010.5000000000002 3.6250000000000004 1991.5000000000002
decision_type=2 2 2 2 2 2 2 2 2 2 2 2 2 2 2 2 2 2 2 2 2 2 2 2 2 2 2 2 2 2
left_child=1 2 3 4 9 6 -2 11 13 12 -11 24 14 25 15 21 -5 18 19 28 -21 -1 -15 -20 -3 27 -27 -4 29 -13
right_child=5 7 8 16 -6 -7 -8 -9 -10 10 -12 17 -14 22 -16 -17 -18 -19 23 20 -22 -23 -24 -25 -26 26 -28 -29 -30 -31
leaf_value=0.0019904341743937856 -0.00059449694414934564 -0.038008128994041018 -0.0077642645882680843 -0.0045949652606859176 0.02847195963953671 0.017007096315761597 0.013637658674027577 -0.037958307877734861 -0.029042642435719895 -0.086912365599632432 0.0050388115569949161 0.01489631176398196 -0.055883313402831564 0.033759272801080861 -0.061173425240317984 -0.0031016350915272013 -0.046386679743416613 0.01159891948582412 -0.0059680639362894002 -0.049688124665291974 0.0043229745755592984 -0.02568574406970758 0.002682737435258997 -0.041692509603292613 -0.0060323627952743189 0.01234474882690045 -0.03181483891781639 -0.030084105849701996 -0.0030574010306836635 0.0011119196812622249
leaf_weight=28 520 26 214 234 18 600 524 26 61 23 12.999999999999998 185 24 25 13.999999999999998 67 12.999999999999998 202 39 15.000000000000002 13.999999999999998 349 103 25 57 77 15.999999999999998 46 336 314
leaf_count=28 520 26 214 234 18 600 524 26 61 23 13 185 24 25 14 67 13 202 39 15 14 349 103 25 57 77 16 46 336 314
internal_value=-0.000217269 -0.00701269 -0.0135548 -0.0187076 -0.0240857 0.0103777 0.00655339 -9.8055e-06 -0.0060868 -0.0259667 -0.0544217 0.000832756 -0.0237296 -0.00311771 -0.0219228 -0.0205465 -0.00697976 0.00211367 3.68475e-05 0.00157279 -0.0242805 -0.0236258 0.00898059 -0.0203766 -0.0164029 -0.00752255 0.00447115 -0.01182 0.00250075 0.00624544
internal_weight=4208 2564 1325 783 536 1644 1044 1239 542 518 36 1213 482 481 458 444 247 1130 928 864 29 377 128 64 83 353 93 260 835 499
internal_count=4208 2564 1325 783 536 1644 1044 1239 542 518 36 1213 482 481 458 444 247 1130 928 864 29 377 128 64 83 353 93 260 835 499
is_linear=0
shrinkage=0.035


Tree=51
num_leaves=31
num_cat=0
split_feature=5 3 5 8 2 3 50 3 0 20 51 62 51 2 10 1 62 0 2 0 3 5 11 2 8 10 0 5 10 10
split_gain=244.158 65.3229 64.0636 44.9855 39.0262 39.128 33.7304 31.9009 31.7556 45.3646 29.9439 24.0793 22.6798 22.5737 20.7345 20.2546 19.6293 16.9867 16.9261 16.6286 16.5842 15.0928 15.0001 25.5555 16.6635 14.4493 22.1544 14.1472 21.3415 41.6171
threshold=6950000.0000000009 1.0103999972343447 53500000.000000007 3.5000000000000004 93.500000000000014 0.47145000100135809 1.0000000180025095e-35 2.4974000453948979 1993.5000000000002 1.0000000180025095e-35 1.0000000180025095e-35 1.0000000180025095e-35 1.0000000180025095e-35 116.50000000000001 4.6287877559661874 79.500000000000014 1.0000000180025095e-35 2001.5000000000002 94.500000000000014 1975.5000000000002 2.2779500484466557 157500000.00000003 3.6250000000000004 103.50000000000001 61.500000000000007 3.8992187976837163 1997.5000000000002 17500.000000000004 3.997916698455811 2.9978448152542119
decision_type=2 2 2 2 2 2 2 2 2 2 2 2 2 2 2 2 2 2 2 2 2 2 2 2 2 2 2 2 2 2
left_child=1 4 7 6 5 -1 8 12 9 20 25 -9 -2 14 -10 16 17 22 -14 -11 -3 -4 -5 -24 -25 -6 -27 28 29 -7
right_child=2 3 21 15 10 27 -8 11 13 19 -12 -13 18 -15 -16 -17 -18 -19 -20 -21 -22 -23 23 24 -26 26 -28 -29 -30 -31
leaf_value=-0.096928713200489694 -0.0079883305295481606 -0.0598790837408354 0.013426065908359219 0.0062248385164033271 -0.016573396772286801 -0.062483368890529342 0.025994907786995172 0.008515981959161284 -0.026763756304449531 -0.011878595393024461 0.0043388674612108036 -0.0067848362480778688 -0.0064489177531359019 -0.00074639708426865671 0.018768354537395334 -0.036711119282402491 -0.023393844885524456 0.013826266888582637 0.0092231325346961504 0.0064342501641100128 -0.010849257228771846 0.028459629654221857 -0.020895855080136767 -0.0018306317044782543 0.036800042443474137 -0.08278034060104536 -0.022243327841162685 -0.018698534646381933 -0.084738361874595297 0.012336555081303232
leaf_weight=13.999999999999998 413 23 580 187 52 21 24 1065 333 102 56 142 127 54 11.999999999999998 18 40 112 247 147 13.999999999999998 96 97 154 13.999999999999998 11.999999999999998 20 41 12.999999999999998 14.999999999999998
leaf_count=14 413 23 580 187 52 21 24 1065 333 102 56 142 127 54 12 18 40 112 247 147 14 96 97 154 14 12 20 41 13 15
internal_value=-0.000147187 -0.0110726 0.00629863 -0.00800631 -0.0276905 -0.0438701 -0.0140269 0.00313735 -0.0154675 -0.00652548 -0.0154332 0.00671031 -0.00234174 -0.0218404 -0.0251253 -0.00112931 -7.10895e-06 0.0016869 0.00389367 -0.00107791 -0.042147 0.0156025 -0.00134111 -0.00669 0.00157694 -0.0285311 -0.0468183 -0.0346228 -0.0472717 -0.0317702
internal_weight=4245 1575 2670 1331 244 104 709 1994 685 286 140 1207 787 399 345 622 604 564 374 249 37 676 452 265 168 84 32 90 49 36
internal_count=4245 1575 2670 1331 244 104 709 1994 685 286 140 1207 787 399 345 622 604 564 374 249 37 676 452 265 168 84 32 90 49 36
is_linear=0
shrinkage=0.035


Tree=52
num_leaves=31
num_cat=0
split_feature=5 5 8 2 50 8 3 0 0 8 0 0 20 0 10 5 2 3 0 5 0 62 0 48 8 5 5 10 10 57
split_gain=230.984 57.7536 57.495 32.8174 38.3007 32.6637 30.2004 26.4466 25.7307 24.7491 24.6834 49.2439 24.4663 19.9224 18.7581 18.5483 18.6704 16.6636 20.0668 23.9226 22.5 20.3857 20.1118 20.4745 18.567 19.6771 16.6574 16.4565 15.9215 16.1151
threshold=8022880.0000000009 51250000.000000007 2.5000000000000004 106.50000000000001 1.0000000180025095e-35 1.5000000000000002 0.76764997839927684 2013.5000000000002 2002.5000000000002 85.000000000000014 1993.5000000000002 1996.5000000000002 1.0000000180025095e-35 1992.5000000000002 3.4985954761505131 4045000.0000000005 92.500000000000014 8.3196997642517108 1957.5000000000002 309000.00000000006 1988.5000000000002 1.0000000180025095e-35 2002.5000000000002 1.0000000180025095e-35 15.500000000000002 154.00000000000003 5009885.0000000009 3.769889354705811 3.997916698455811 1.0000000180025095e-35
decision_type=2 2 2 2 2 2 2 2 2 2 2 2 2 2 2 2 2 2 2 2 2 2 2 2 2 2 2 2 2 2
left_child=2 5 3 4 10 14 -4 -5 9 13 12 -12 -1 -7 -2 -13 26 18 19 -8 28 22 23 24 25 -22 -17 -19 29 -20
right_child=1 -3 6 7 -6 8 17 -9 -10 -11 11 15 -14 -15 -16 16 -18 27 20 -21 21 -23 -24 -25 -26 -27 -28 -29 -30 -31
leaf_value=-0.045727579324245454 -0.013396071897553884 0.015349520363727331 -0.051529478410258893 -0.0023994917760208024 0.025034258236487705 0.0064154858028380845 -0.060378563645482067 -0.037893565979497189 0.01097351871733305 0.022936315033998757 -0.081331186103324113 -0.029440825896984577 -0.008534512380763434 -0.0044027340742792678 0.0047469702193500586 0.00010723939939187121 0.010913624591426923 0.045779249927029017 0.013325874158990895 -0.011522113312941951 -0.002417076345431902 -0.038841420848543445 0.0045814820348673707 -0.051252221309145293 0.0083920852966779241 -0.024962500789230693 -0.056923650667071342 0.0029666786431460771 -0.010404008448900035 -0.0092955903726009027
leaf_weight=24 197 686 14.999999999999998 230 20 362 13.999999999999998 28 628 62 20 261 171 489 107 12.000000000000002 31 14.999999999999998 198 73 91 23 150 13.999999999999998 57 99 11.999999999999998 36 65 47
leaf_count=24 197 686 15 230 20 362 14 28 628 62 20 261 171 489 107 12 31 15 198 73 91 23 150 14 57 99 12 36 65 47
internal_value=-2.23823e-05 0.0066855 -0.00997322 -0.0167342 -0.0215543 0.00345656 -0.00386176 -0.00638975 0.00552566 0.00176857 -0.0233561 -0.0291123 -0.013331 0.000199216 -0.00700983 -0.0255556 -0.00689067 -0.00299166 -0.00419155 -0.0200007 -0.00231618 -0.00745472 -0.00560403 -0.0114596 -0.00899952 -0.0142428 -0.0294745 0.0162305 0.00487298 0.00895899
internal_weight=4237 2531 1706 809 551 1845 897 258 1541 913 531 336 195 851 304 316 55 882 831 87 744 434 411 261 247 190 24 51 310 245
internal_count=4237 2531 1706 809 551 1845 897 258 1541 913 531 336 195 851 304 316 55 882 831 87 744 434 411 261 247 190 24 51 310 245
is_linear=0
shrinkage=0.035


Tree=53
num_leaves=31
num_cat=0
split_feature=5 3 3 0 3 10 3 0 10 3 5 3 0 20 3 0 0 2 50 51 48 0 5 5 52 10 5 5 0 10
split_gain=244.205 60.2935 58.5344 34.6126 29.7886 28.7093 20.8676 20.2498 37.7331 28.624 19.987 17.5457 18.601 46.1551 17.0051 15.9835 15.3762 15.318 21.6025 15.2679 21.2784 18.3003 16.6656 18.8901 14.6976 25.9711 14.1723 13.3936 13.2558 22.1663
threshold=8022880.0000000009 1.1281999945640566 4.5399000644683847 2013.5000000000002 2.8739500045776372 1.9494949579238894 0.80965000391006481 1990.5000000000002 4.2886903285980233 0.47145000100135809 26500000.000000004 3.4518500566482548 2004.5000000000002 1.0000000180025095e-35 9.9084000587463397 2014.5000000000002 1988.5000000000002 95.500000000000014 1.0000000180025095e-35 1.0000000180025095e-35 1.0000000180025095e-35 1964.5000000000002 1.0000000180025095e-35 951000.00000000012 1.0000000180025095e-35 3.7427625656127934 102500000.00000001 115000.00000000001 2010.5000000000002 3.8744747638702397
decision_type=2 2 2 2 2 2 2 2 2 2 2 2 2 2 2 2 2 2 2 2 2 2 2 2 2 2 2 2 2 2
left_child=1 5 10 11 15 6 -1 -7 9 -9 -2 17 13 27 -4 -5 -15 18 24 20 -19 -22 -21 -24 -3 -26 -12 -13 29 -11
right_child=2 3 14 4 -6 7 -8 8 -10 28 26 12 -14 16 -16 -17 -18 19 -20 22 21 -23 23 -25 25 -27 -28 -29 -30 -31
leaf_value=-0.020539346516132352 -0.0012624374359322314 -0.013747146066159257 0.010426935817162617 -0.059085484909762953 -0.0011528154688538053 -0.011896588695909958 0.038958424203594529 -0.074966342830522517 0.010190655513356132 -0.027060133826305593 0.0055644229461568277 -0.051828420153226376 0.020475760000999332 0.012614809205828354 0.021119439708103802 -0.024752573956797523 -0.011381755054843698 -0.0061813433039611902 0.017364356171730908 0.014190907302803524 -0.0021587405581958595 -0.055314252011477959 -0.041093686556443576 -5.7920853240471909e-05 -0.011223414063453676 -0.072961857287089038 0.030571788773839845 -0.015487814306606059 -0.0066087868471319481 -0.05580031274408976
leaf_weight=13.000000000000002 872 273 669 29 39 86 13.999999999999998 21 23 122 712 21 53 127 253 44 43 390 24 91 12.999999999999998 20 14.999999999999998 98 20 13.999999999999998 28 32 23 47
leaf_count=13 872 273 669 29 39 86 14 21 23 122 712 21 53 127 253 44 43 390 24 91 13 20 15 98 20 14 28 32 23 47
internal_value=-0.000524088 -0.0108045 0.00635337 -0.0074307 -0.0259827 -0.023753 0.0105384 -0.0266575 -0.0319561 -0.0365417 0.00232604 -0.0057258 0.00203887 -0.00240703 0.0133826 -0.0390295 0.00650379 -0.00796442 -0.0140496 -0.00473192 -0.0085194 -0.035105 0.00311625 -0.00583319 -0.0165595 -0.0380534 0.00655299 -0.0306125 -0.0319633 -0.0353445
internal_weight=4229 1695 2534 1346 112 349 27 322 236 213 1612 1234 276 223 922 73 170 958 331 627 423 33 204 113 307 34 740 53 192 169
internal_count=4229 1695 2534 1346 112 349 27 322 236 213 1612 1234 276 223 922 73 170 958 331 627 423 33 204 113 307 34 740 53 192 169
is_linear=0
shrinkage=0.035


Tree=54
num_leaves=31
num_cat=0
split_feature=3 8 0 20 3 2 8 0 10 50 3 2 7 0 0 8 3 51 62 57 10 10 0 3 0 3 0 8 0 10
split_gain=215.86 57.7451 38.7266 39.3034 31.9102 30.5921 21.6387 47.9771 20.0434 19.1324 20.4169 19.5718 22.6801 18.4018 30.0078 18.3757 31.2879 16.6462 14.0984 13.9406 17.722 29.089 32.884 23.2195 15.1896 13.5927 12.9188 14.2671 11.6121 14.187
threshold=2.3948500156402592 2.5000000000000004 1961.5000000000002 1.0000000180025095e-35 5.3059499263763437 103.50000000000001 2.5000000000000004 2010.5000000000002 3.4384469985961919 1.0000000180025095e-35 1.1281999945640566 99.500000000000014 1.0000000180025095e-35 2006.5000000000002 2010.5000000000002 38.500000000000007 0.71780002117156994 1.0000000180025095e-35 1.0000000180025095e-35 1.0000000180025095e-35 2.9978448152542119 1.9494949579238894 1993.5000000000002 0.78949999809265148 1998.5000000000002 6.7208499908447275 2011.5000000000002 134.00000000000003 1992.5000000000002 2.9978448152542119
decision_type=2 2 2 2 2 2 2 2 2 2 2 2 2 2 2 2 2 2 2 2 2 2 2 2 2 2 2 2 2 2
left_child=1 5 3 -2 8 9 7 25 -4 10 13 -12 -13 19 -15 16 -3 -7 -18 20 21 -1 -23 24 -22 -6 27 -8 -20 -30
right_child=2 15 4 -5 6 17 26 -9 -10 -11 11 12 -14 14 -16 -17 18 -19 28 -21 23 22 -24 -25 -26 -27 -28 -29 29 -31
leaf_value=-0.0018952559605240824 -0.072143312701812165 -0.043941747745741971 0.0076258361150613836 -0.0062650182085830864 -0.011466850347816946 -0.012336594104805261 0.010571886173254934 0.015939009374305771 -0.00072422617018536625 0.01386242176886452 -0.012609784722675254 -0.061362940306154398 -0.018300398752207143 -0.078520931805173569 -0.022322193384457095 0.027383592843078078 -0.0014034888318083672 0.0037787284053661906 -0.001159473335991303 0.0091052558070514357 -0.015085335254669187 -0.025180056416895236 -0.099795273407828081 -0.033936692141165792 0.032973454270511869 -0.057707988706333313 0.022944327868270473 0.030776384076698034 -0.0079703296246723485 -0.060789859380573033
leaf_weight=12.999999999999998 11.999999999999998 22 908 78 14.999999999999998 296 546 56 574 18 266 23 44 23 25 23 769 106 20 12.999999999999998 18.000000000000004 15.000000000000002 14.999999999999998 43 12.999999999999998 17 181 46 12.000000000000002 12.999999999999998
leaf_count=13 12 22 908 78 15 296 546 56 574 18 266 23 44 23 25 23 769 106 20 13 18 15 15 43 13 17 181 46 12 13
internal_value=-0.00014147 -0.00936444 0.00664437 -0.0157643 0.00751224 -0.0153987 0.0128692 -0.00352461 0.00439225 -0.0209281 -0.0221817 -0.0169657 -0.0337938 -0.0317807 -0.0503394 -0.00281211 -0.00367666 -0.00808411 -0.00253369 -0.024583 -0.0283864 -0.0461282 -0.0645598 -0.0175761 0.00541428 -0.0370898 0.0147399 0.012194 -0.0213592 -0.0367855
internal_weight=4223 1790 2433 90 2343 931 861 88 1482 529 511 333 67 178 48 859 836 402 814 130 117 43 30 74 31 32 773 592 45 25
internal_count=4223 1790 2433 90 2343 931 861 88 1482 529 511 333 67 178 48 859 836 402 814 130 117 43 30 74 31 32 773 592 45 25
is_linear=0
shrinkage=0.035


Tree=55
num_leaves=31
num_cat=0
split_feature=5 5 3 0 62 8 0 3 0 20 51 2 20 3 0 0 3 5 5 2 11 11 20 0 57 8 3 2 3 8
split_gain=210.651 69.6482 35.9374 28.6787 29.4023 27.6652 29.5516 26.6732 29.8596 28.7037 24.8928 30.8169 32.8732 31.8101 23.0177 27.8412 22.2611 21.6936 22.9992 21.393 28.8681 20.3603 20.1883 19.2291 17.6936 28.7764 16.95 21.2506 16.5575 16.5409
threshold=1974325.0000000002 27250000.000000004 0.31299999356269842 1984.5000000000002 1.0000000180025095e-35 25.500000000000004 2007.5000000000002 2.7826499938964848 1993.5000000000002 1.0000000180025095e-35 1.0000000180025095e-35 98.500000000000014 1.0000000180025095e-35 0.80965000391006481 1998.5000000000002 2006.5000000000002 1.4468499422073366 1.0000000180025095e-35 147812.50000000003 100.50000000000001 3.8750000000000004 2.3750000000000004 1.0000000180025095e-35 1962.5000000000002 1.0000000180025095e-35 6.5000000000000009 1.1281999945640566 93.500000000000014 1.5443000197410586 3.5000000000000004
decision_type=2 2 2 2 2 2 2 2 2 2 2 2 2 2 2 2 2 2 2 2 2 2 2 2 2 2 2 2 2 2
left_child=2 3 -1 -2 16 6 -3 8 9 -4 14 12 -12 -14 19 -16 22 -11 -19 28 -21 -15 -5 -9 -25 -26 27 -17 -10 -24
right_child=1 5 7 4 -6 -7 -8 23 10 17 11 -13 13 21 15 26 -18 18 -20 20 -22 -23 29 24 25 -27 -28 -29 -30 -31
leaf_value=-0.06978862981498242 0.0088136104795605175 0.0016388224435265066 -0.036662175785463595 0.014702372860908508 -0.019468827647622679 0.018386006047867769 0.013540604505838529 -0.024982356117670673 -0.0097556485274376773 0.0032840866918453955 0.025075560102115077 0.0062946190219110168 -0.078091262348492951 0.010394508358679321 -0.007928172455898122 -0.084799031627364477 0.0012065824921774055 -0.059761386838096842 -0.010519574384530238 -0.095372932261542268 -0.024909772697836164 -0.031421779314880494 -0.020054557911690793 0.0074468264670839047 -0.050788794363124508 0.014041692503262313 -0.024528499626213826 -0.028216056908791268 -0.05791386357462034 0.00041615434400737289
leaf_weight=12.999999999999998 344 552 38 34 113 365 476 37 25 176 13.999999999999998 70 13.999999999999998 18 91 14.999999999999998 1107 11.999999999999998 120 18.000000000000004 12.999999999999998 60 159 150 17 14.999999999999998 81 20 12.999999999999998 69
leaf_count=13 344 552 38 34 113 365 476 37 25 176 14 70 14 18 91 15 1107 12 120 18 13 60 159 150 17 15 81 20 13 69
internal_value=-0.000186367 0.00422191 -0.0139557 -0.000274561 -0.0023898 0.0101133 0.00715927 -0.0131725 -0.0161391 -0.00835752 -0.0220604 -0.0116613 -0.0234833 -0.0310817 -0.0286194 -0.0225736 -0.0009656 -0.00475237 -0.0154249 -0.0461502 -0.0675804 -0.0217403 -0.0101198 -0.00233018 0.00237672 -0.0208419 -0.0338817 -0.0541964 -0.0273382 -0.0138771
internal_weight=4249 3219 1030 1826 1482 1393 1028 1017 798 346 452 176 106 92 276 207 1369 308 132 69 31 78 262 219 182 32 116 35 38 228
internal_count=4249 3219 1030 1826 1482 1393 1028 1017 798 346 452 176 106 92 276 207 1369 308 132 69 31 78 262 219 182 32 116 35 38 228
is_linear=0
shrinkage=0.035


Tree=56
num_leaves=31
num_cat=0
split_feature=5 5 8 50 3 2 52 3 0 62 5 3 2 3 0 52 8 54 20 5 52 2 0 3 2 2 8 3 62 3
split_gain=189.105 61.5208 33.2365 30.9127 28.7079 26.2234 35.4254 24.6603 21.9277 21.091 20.8514 19.1411 17.5548 16.7588 23.1217 21.6327 21.6905 15.9052 15.9523 15.8628 17.5782 16.0193 27.5763 19.5224 17.8054 45.5662 14.7634 14.1726 13.5612 13.5127
threshold=3002500.0000000005 36500000.000000007 2.5000000000000004 1.0000000180025095e-35 0.71780002117156994 106.50000000000001 1.0000000180025095e-35 2.0940999984741215 2012.5000000000002 1.0000000180025095e-35 102500000.00000001 2.2383500337600712 101.50000000000001 3.376350045204163 2005.5000000000002 1.0000000180025095e-35 4.5000000000000009 1.0000000180025095e-35 1.0000000180025095e-35 94000.000000000015 1.0000000180025095e-35 91.500000000000014 1987.5000000000002 0.90344998240470897 101.50000000000001 103.50000000000001 1.5000000000000002 1.6935999989509585 1.0000000180025095e-35 1.078500032424927
decision_type=2 2 2 2 2 2 2 2 2 2 2 2 2 2 2 2 2 2 2 2 2 2 2 2 2 2 2 2 2 2
left_child=2 7 3 5 -4 11 8 9 -7 17 26 19 -13 15 -15 -6 -17 18 -2 20 21 22 -1 -24 27 -26 -3 29 -9 -23
right_child=1 10 4 -5 13 6 -8 28 -10 -11 -12 12 -14 14 -16 16 -18 -19 -20 -21 -22 24 23 -25 25 -27 -28 -29 -30 -31
leaf_value=-0.090483837017556662 0.034443266978771946 -0.0091380313620551164 -0.049220731298128768 0.022781213980654014 -0.0047746994242761362 0.0033058110325093291 -0.044617725961492403 0.0047921481780631063 -0.030505336333066228 -0.031996013392553188 0.020733551385181796 -0.00059782076802323853 -0.045078272380937749 0.0012395233843085726 0.047197592216730123 -0.060044206650306783 -0.012191856056400057 -0.0087840721725111429 0.00045308887704243432 -0.016075705652938047 -0.0023401088030381208 -0.012027934270600478 -0.057833960713818675 -0.016313197904566847 -0.093923349495045855 -0.016013898621623713 0.0099943002254816414 0.011837851718564829 -0.0067155121548101316 -0.039796815912064631
leaf_weight=14.999999999999998 17 52 17 22 373 145 27 1206 27 32 229 67 11.999999999999998 128 13.999999999999998 17 35 311 283 113 22 47 27 30 14.999999999999998 23 756 13.999999999999998 139 41
leaf_count=15 17 52 17 22 373 145 27 1206 27 32 229 67 12 128 14 17 35 311 283 113 22 47 27 30 15 23 756 14 139 41
internal_value=-0.000196372 0.00450965 -0.0117564 -0.0172174 -0.00568428 -0.0186622 -0.00810399 0.000902141 -0.00213729 -0.00472996 0.0114163 -0.0235598 -0.00785524 -0.00429151 0.00608121 -0.00776747 -0.0287067 -0.00324914 0.00249304 -0.0270973 -0.0323212 -0.0353986 -0.0489904 -0.0366691 -0.0280982 -0.0484322 0.00875107 -0.0201091 0.00359747 -0.0252872
internal_weight=4256 3025 1231 647 584 625 199 1988 172 643 1037 426 79 567 142 425 52 611 300 347 234 212 72 57 140 38 808 102 1345 88
internal_count=4256 3025 1231 647 584 625 199 1988 172 643 1037 426 79 567 142 425 52 611 300 347 234 212 72 57 140 38 808 102 1345 88
is_linear=0
shrinkage=0.035


Tree=57
num_leaves=31
num_cat=0
split_feature=5 3 3 3 8 62 8 10 8 0 0 62 10 0 20 0 57 5 3 54 10 10 2 8 62 2 5 3 0 10
split_gain=162.846 60.9536 24.7126 23.836 17.9532 17.6702 16.9162 18.2695 13.8168 20.6534 17.2546 13.7359 15.8087 13.3936 43.2694 35.8498 26.3123 33.6645 27.0576 24.4218 17.652 15.1555 14.9825 15.4383 13.8462 13.1297 13.7029 11.6244 23.6061 15.3385
threshold=3830000.0000000005 2.7640999555587773 0.31299999356269842 10.178250312805178 41.500000000000007 1.0000000180025095e-35 35.500000000000007 3.8526501655578618 1.5000000000000002 2003.5000000000002 1992.5000000000002 1.0000000180025095e-35 2.9978448152542119 1968.5000000000002 1.0000000180025095e-35 1990.5000000000002 1.0000000180025095e-35 883950.00000000012 3.0185999870300297 1.0000000180025095e-35 4.8750000000000009 4.0437979698181161 114.50000000000001 2.5000000000000004 1.0000000180025095e-35 124.50000000000001 8022880.0000000009 1.1281999945640566 2000.5000000000002 4.2886903285980233
decision_type=2 2 2 2 2 2 2 2 2 2 2 2 2 2 2 2 2 2 2 2 2 2 2 2 2 2 2 2 2 2
left_child=2 4 -1 5 8 -3 13 -8 11 10 25 12 -2 14 -4 21 18 -18 20 -20 24 -15 23 -21 27 -10 -27 29 -29 -17
right_child=1 3 6 -5 -6 -7 7 -9 9 -11 -12 -13 -14 15 -16 16 17 -19 19 22 -22 -23 -24 -25 -26 26 -28 28 -30 -31
leaf_value=-0.052034205328015719 -0.01565143114266046 0.0089399153626229418 -0.058241215038916168 0.018832466405452025 0.030904438236107432 -0.0016832878663949667 0.028080503149827324 -0.010920340823716132 0.0078059508670587103 0.0092484132263942909 -0.0075028512085521604 -0.037938025343749258 0.0010517308500159204 0.0060328907857571433 -0.011826546728485729 -0.023194049198910618 -0.053640290376253251 -0.0054832349376978751 0.028163845922141217 -0.043540982267094991 0.027096477183011863 -0.017622778765415438 0.019074925476478207 -0.00017891957610845569 -0.041671207404864789 -0.043650717429243605 0.00028241062219496133 -0.018976367385106406 -0.00051685453875206463 0.014066281237204872
leaf_weight=15.999999999999998 123 1311 28 261 20 224 29 28 209 238 381 17 157 221 170 168 40 32 38 17 11.999999999999998 38 17 23 21 11.999999999999998 26 160 180 13.999999999999998
leaf_count=16 123 1311 28 261 20 224 29 28 209 238 381 17 157 221 170 168 40 32 38 17 12 38 17 23 21 12 26 160 180 14
internal_value=0.000548797 0.0050005 -0.0100377 0.00906207 -0.00116664 0.00738846 -0.00945101 0.00903406 -0.00174574 0.000488693 -0.00283772 -0.00824661 -0.00630909 -0.0103531 -0.0186587 -0.00865762 -0.0126609 -0.0326294 -0.0103995 0.00679122 -0.0133522 0.00250101 -0.00766695 -0.019263 -0.0142974 0.00435248 -0.0143099 -0.0131153 -0.00923899 -0.0202571
internal_weight=4231 2979 1252 1796 1183 1535 1236 57 1163 866 628 297 280 1179 198 981 722 72 650 95 555 259 57 40 543 247 38 522 340 182
internal_count=4231 2979 1252 1796 1183 1535 1236 57 1163 866 628 297 280 1179 198 981 722 72 650 95 555 259 57 40 543 247 38 522 340 182
is_linear=0
shrinkage=0.035


Tree=58
num_leaves=31
num_cat=0
split_feature=5 8 0 3 8 0 2 8 2 0 57 20 3 0 8 2 54 3 0 0 62 11 8 2 5 57 2 0 8 51
split_gain=156.957 52.4309 27.563 26.6046 45.7454 34.5339 31.9392 35.6458 45.1769 28.7679 22.4118 31.8399 22.7917 20.9454 20.5592 20.0438 24.6307 19.4135 18.9857 18.6348 18.5487 16.3243 14.6324 14.3127 13.7614 16.7299 16.9025 13.7195 16.1688 13.6162
threshold=4045000.0000000005 9.5000000000000018 2009.5000000000002 0.87884998321533214 4.5000000000000009 2013.5000000000002 93.500000000000014 1.5000000000000002 89.500000000000014 2002.5000000000002 1.0000000180025095e-35 1.0000000180025095e-35 4.759700059890748 2002.5000000000002 80.500000000000014 111.50000000000001 1.0000000180025095e-35 3.6006000041961674 1965.5000000000002 2009.5000000000002 1.0000000180025095e-35 3.8750000000000004 26.500000000000004 87.500000000000014 14550000.000000002 1.0000000180025095e-35 92.500000000000014 1992.5000000000002 35.500000000000007 1.0000000180025095e-35
decision_type=2 2 2 2 2 2 2 2 2 2 2 2 2 2 2 2 2 2 2 2 2 2 2 2 2 2 2 2 2 2
left_child=3 2 20 4 5 6 7 8 9 -1 15 -12 19 14 21 16 17 29 -17 -13 -2 27 -18 -9 25 26 -4 -3 -29 -5
right_child=1 13 24 10 -6 -7 -8 23 -10 -11 11 12 -14 -15 -16 18 22 -19 -20 -21 -22 -23 -24 -25 -26 -27 -28 28 -30 -31
leaf_value=0.012933038649956383 -0.00090956958768399461 0.016862029858562028 -0.039141893032280835 -0.01424275809391512 -0.085500113044793796 -0.072130671198551474 0.00031272397192252667 -0.023175295130564613 -0.097070613422431062 -0.057200685173273091 -0.055528592951882352 -0.010846250549789115 0.019804775471587412 0.016540343649479972 0.020573506176131576 -0.013845959186679057 -0.016607200977577199 0.017427480683257838 0.007601004575157666 -0.044639274694853369 -0.017453319792718525 -0.0042183288357782855 0.014302304189093411 0.028758263774789298 0.010744732774815432 0.032381958179672557 -0.0013276670449227095 -0.0012820843491407874 0.015328636424553893 0.00087244144790692688
leaf_weight=14.000000000000002 1077 146 15.999999999999998 126 11.999999999999998 11.999999999999998 96 12.000000000000002 14.999999999999998 12.999999999999998 25 82 21 431 114 66 357 52 205 26 89 187 19 11.999999999999998 392 13.999999999999998 99 226 104 171
leaf_count=14 1077 146 16 126 12 12 96 12 15 13 25 82 21 431 114 66 357 52 205 26 89 187 19 12 392 14 99 226 104 171
internal_value=0.000210623 0.00479029 0.000801935 -0.00970799 -0.0219678 -0.0171127 -0.0126091 -0.0311547 -0.0502313 -0.0216094 -0.00770622 -0.0200986 -0.0128446 0.0103534 0.00690244 -0.00577013 -0.00880296 -0.00209033 0.00233962 -0.0193326 -0.00218772 0.00452168 -0.0150068 0.00283314 0.00748751 -0.00240346 -0.00689594 0.00796057 0.00397802 -0.00556047
internal_weight=4231 2895 1687 1336 186 174 162 66 42 27 1150 154 129 1208 777 996 725 349 271 108 1166 663 376 24 521 129 115 476 330 297
internal_count=4231 2895 1687 1336 186 174 162 66 42 27 1150 154 129 1208 777 996 725 349 271 108 1166 663 376 24 521 129 115 476 330 297
is_linear=0
shrinkage=0.035


Tree=59
num_leaves=31
num_cat=0
split_feature=5 8 3 0 8 50 3 2 13 10 11 3 62 10 51 3 2 0 3 2 8 56 54 0 51 8 13 8 64 10
split_gain=161.743 47.5014 38.9107 32.3927 38.1326 26.7739 25.1955 23.0709 21.7142 25.9811 21.9654 38.6596 21.1025 19.7146 18.8591 24.2213 18.5322 16.5305 16.361 26.2498 16.3422 15.466 14.6181 14.5601 14.1328 13.1019 13.0003 13.6808 14.9503 19.5572
threshold=16020385.000000002 3.5000000000000004 0.78949999809265148 2006.5000000000002 44.500000000000007 1.0000000180025095e-35 1.1281999945640566 105.50000000000001 1.0000000180025095e-35 1.9494949579238894 2.8750000000000004 0.87884998321533214 1.0000000180025095e-35 3.8175730705261235 1.0000000180025095e-35 0.69154998660087597 93.500000000000014 2016.5000000000002 0.87884998321533214 92.500000000000014 1.5000000000000002 1.0000000180025095e-35 1.0000000180025095e-35 1997.5000000000002 1.0000000180025095e-35 4.5000000000000009 1.2424533367156985 41.500000000000007 1.0000000180025095e-35 3.7427625656127934
decision_type=2 2 2 2 2 2 2 2 2 2 2 2 2 2 2 2 2 2 2 2 2 2 2 2 2 2 2 2 2 2
left_child=1 5 -3 4 13 6 7 8 9 -1 11 16 21 25 15 -12 -11 -8 19 -16 22 26 -17 -15 -9 -2 27 28 -4 -30
right_child=3 2 12 -5 -6 -7 17 24 -10 10 14 -13 -14 23 18 20 -18 -19 -20 -21 -22 -23 -24 -25 -26 -27 -28 -29 29 -31
leaf_value=0.0042924332278966911 -0.0046067006932669569 -0.059279400102794172 0.0020896504509368436 0.012749952907538378 0.015948504454948127 0.01686292058946565 -0.0098568938272275974 -0.014536715345270932 0.014387000777324042 -0.057067222175995497 -0.0067814702798019762 -0.097811053139321966 -0.017399715623197459 -0.03526900976337493 -0.062091473972424871 -0.036786333110402608 -0.0018003699665423483 0.028532090030610562 0.0065742151270930969 -0.002375171840614216 -0.021599600009206271 -0.028852662165959678 -0.086010657164175081 0.00069549651927780368 0.016364886462258605 0.0044752485755879248 -0.015028562121228739 0.015294735122795989 -0.051470899277863406 -2.4177142108480134e-05
leaf_weight=24 284 12.999999999999998 797 756 239 39 863 59 13.999999999999998 14.000000000000002 21 15.999999999999998 83 31 14.999999999999998 15.999999999999998 14.999999999999998 12.999999999999998 29 21 17 20 19 24 25 612 54 91 13.999999999999998 23
leaf_count=24 284 13 797 756 239 39 863 59 14 14 21 16 83 31 15 16 15 13 29 21 17 20 19 24 25 612 54 91 14 23
internal_value=-0.000347149 -0.00659827 -0.00130219 0.00708798 0.00348181 -0.0113453 -0.0122918 -0.0209543 -0.0268707 -0.0297252 -0.0341952 -0.0554587 -0.000549898 0.000333452 -0.0268997 -0.0390381 -0.0295521 -0.00925331 -0.0128559 -0.0283099 -0.051658 0.000864286 -0.0652036 -0.019812 -0.00523489 0.00159272 0.00150198 0.00248409 0.00106754 -0.0203788
internal_weight=4261 2315 1095 1946 1190 1220 1181 305 221 207 183 45 1082 951 138 73 29 876 65 36 52 999 35 55 84 896 979 925 834 37
internal_count=4261 2315 1095 1946 1190 1220 1181 305 221 207 183 45 1082 951 138 73 29 876 65 36 52 999 35 55 84 896 979 925 834 37
is_linear=0
shrinkage=0.035


Tree=60
num_leaves=31
num_cat=0
split_feature=5 8 3 5 3 2 50 5 3 2 3 2 0 0 3 0 0 0 3 3 8 52 51 62 10 3 0 3 10 0
split_gain=147.321 61.7587 49.7973 32.4067 28.0845 20.7971 22.9566 26.1931 18.8754 20.5027 18.1389 21.7124 19.4323 28.5199 17.205 16.8838 16.3216 23.8411 24.6588 24.6133 20.9685 15.9263 15.0511 14.8702 13.8131 13.7755 17.1346 13.6959 13.4887 14.9935
threshold=17950000.000000004 2.5000000000000004 0.71780002117156994 102500000.00000001 0.47145000100135809 106.50000000000001 1.0000000180025095e-35 94000.000000000015 0.64110001921653759 99.500000000000014 1.1281999945640566 95.500000000000014 2001.5000000000002 1994.5000000000002 2.1090999841690068 1988.5000000000002 2010.5000000000002 1992.5000000000002 0.76764997839927684 1.1281999945640566 1.5000000000000002 1.0000000180025095e-35 1.0000000180025095e-35 1.0000000180025095e-35 4.4645111560821542 3.4822499752044682 2004.5000000000002 1.2962499856948855 3.997916698455811 2006.5000000000002
decision_type=2 2 2 2 2 2 2 2 2 2 2 2 2 2 2 2 2 2 2 2 2 2 2 2 2 2 2 2 2 2
left_child=1 4 -3 14 -1 6 7 8 -6 10 28 12 13 15 -2 -12 17 -9 -19 20 -20 22 -7 25 27 -4 -27 -24 29 -10
right_child=3 2 23 -5 5 21 -8 16 9 -11 11 -13 -14 -15 -16 -17 -18 18 19 -21 -22 -23 24 -25 -26 26 -28 -29 -30 -31
leaf_value=-0.050029460519552239 -0.0023407552374669783 -0.058941439777612688 -0.0017710606038007016 0.019371342557080919 0.0067042830471288079 -0.0063980211372943003 0.01652756620226083 -0.0032184227186013016 -0.03276306414129513 -0.044770338281930895 -0.041581383640774419 0.011181725523462801 -0.0065364400648644993 -0.082739623381541338 0.0068763910707176018 0.0100419614110142 0.0018374852037190328 0.01794196797348559 -0.080741444841027285 -0.020070806730305778 -0.022426323498832064 -0.024695333888884202 0.024584139705420689 -0.012756531527652881 0.044273405743333008 0.0018201150984736162 0.018660970597882933 -0.0077435713857412335 -0.013831025121733547 -0.080394231545810518
leaf_weight=23 302 17 809 224 21 234 26 124 30 63 17.000000000000004 32 48 11.999999999999998 1371 12.999999999999998 97 14.999999999999998 17 111 14.999999999999998 42 25 107 11.999999999999998 279 100 41 23 11.999999999999998
leaf_count=23 302 17 809 224 21 234 26 124 30 63 17 32 48 12 1371 13 97 15 17 111 15 42 25 107 12 279 100 41 23 12
internal_value=-0.000369825 -0.00619697 -0.00112629 0.00689342 -0.0125061 -0.0116188 -0.0152161 -0.016512 -0.0248182 -0.0274893 -0.0214508 -0.0132909 -0.0220388 -0.039151 0.00521112 -0.0195525 -0.0105184 -0.0147662 -0.0237407 -0.0282194 -0.0549672 -0.00472091 -0.00195614 -0.000321084 0.0112596 0.000807259 0.00630563 0.00465982 -0.0363064 -0.0479658
internal_weight=4262 2365 1312 1897 1053 1030 676 650 271 250 187 122 90 42 1673 30 379 282 158 143 32 354 312 1295 78 1188 379 66 65 42
internal_count=4262 2365 1312 1897 1053 1030 676 650 271 250 187 122 90 42 1673 30 379 282 158 143 32 354 312 1295 78 1188 379 66 65 42
is_linear=0
shrinkage=0.035


Tree=61
num_leaves=31
num_cat=0
split_feature=6 8 0 8 0 0 10 0 20 0 57 10 2 54 61 3 0 8 3 0 20 10 10 6 0 2 10 8 2 6
split_gain=122.537 50.8991 35.1176 18.6771 28.2808 20.9589 19.5483 16.835 42.2294 26.63 24.4594 25.8078 21.2757 29.0513 35.2352 33.9818 28.0263 27.2731 24.5675 22.7806 21.5936 19.3699 28.548 15.7343 14.6359 19.2308 16.2907 14.6218 17.6408 17.7589
threshold=15.212930679321291 8.5000000000000018 2010.5000000000002 85.000000000000014 1999.5000000000002 1992.5000000000002 3.7240869998931889 1990.5000000000002 1.0000000180025095e-35 1971.5000000000002 1.0000000180025095e-35 4.5227272510528573 125.50000000000001 1.0000000180025095e-35 1.0000000180025095e-35 0.57864999771118175 2001.5000000000002 1.5000000000000002 2.9141999483108525 2012.5000000000002 1.0000000180025095e-35 3.1595455408096318 3.4985954761505131 11.75568723678589 1966.5000000000002 93.500000000000014 3.9128715991973881 1.5000000000000002 86.500000000000014 16.627881050109867
decision_type=2 2 2 2 2 2 2 2 2 2 2 2 2 2 2 2 2 2 2 2 2 2 2 2 2 2 2 2 2 2
left_child=7 2 27 4 5 6 -3 8 9 23 11 12 13 15 16 -9 17 -15 -16 -18 -17 -19 -23 -1 -10 26 -26 28 29 -2
right_child=1 3 -4 -5 -6 -7 -8 10 24 -11 -12 -13 -14 14 18 20 19 21 -20 -21 -22 22 -24 -25 25 -27 -28 -29 -30 -31
leaf_value=-0.06744536854241355 -0.063240590550502129 0.01433322050943971 0.0076056474653531372 0.021927373113079875 0.012740638590640821 -0.0043645772831271794 -0.0074658536638286133 -0.042687186382710934 -0.0086216121609189872 -0.0045000977823510769 -0.031472440518316276 0.026872764990411024 0.010324017646452414 -0.068597378373506573 0.0066389668409630089 0.022258899718523024 -0.0090830648451159582 0.009541219241917134 -0.039740349766962675 -0.039555769997217306 -0.0053340314217375142 -0.081085235599428429 -0.023248725847341126 -0.01764746803045273 -0.0027640548800541599 0.0099584111941914116 -0.04275329084806144 -0.0015966820325855908 -0.0078726510984726116 -0.005446791716779655
leaf_weight=23 14.000000000000002 204 468 120 604 306 66 25 183 27 75 21 49 30 78 41 117 12.999999999999998 15.999999999999998 40 200 12.999999999999998 48 12.999999999999998 76 202 13.999999999999998 895 239 11.999999999999998
leaf_count=23 14 204 468 120 604 306 66 25 183 27 75 21 49 30 78 41 117 13 16 40 200 13 48 13 76 202 14 895 239 12
internal_value=-0.000327149 0.00364691 -0.000476324 0.0088082 0.00745513 0.00189718 0.00899021 -0.00924779 -0.00448554 -0.0311759 -0.0125801 -0.0104845 -0.0116963 -0.0134504 -0.0199923 -0.00467091 -0.0265884 -0.0406578 -0.00157218 -0.0170591 -0.000559986 -0.0285441 -0.0367118 -0.0504731 -0.000883825 0.00397244 -0.00940529 -0.00374223 -0.0109487 -0.037821
internal_weight=4232 2928 1628 1300 1180 576 270 1304 538 63 766 691 670 621 355 266 261 104 94 157 241 74 61 36 475 292 90 1160 265 26
internal_count=4232 2928 1628 1300 1180 576 270 1304 538 63 766 691 670 621 355 266 261 104 94 157 241 74 61 36 475 292 90 1160 265 26
is_linear=0
shrinkage=0.035


Tree=62
num_leaves=31
num_cat=0
split_feature=5 5 0 5 8 0 0 2 0 0 3 11 0 3 62 8 0 10 0 3 3 10 10 0 2 0 0 3 3 8
split_gain=123.81 45.2858 25.1423 20.995 20.4812 19.3886 36.9804 26.6029 31.5176 32.9223 29.63 30.7639 28.0319 28.495 27.2043 24.8004 25.4071 17.4568 17.4554 17.353 16.3315 19.5407 28.8319 16.0183 15.6936 20.5842 15.2176 13.3286 23.4137 12.9424
threshold=25848694.000000004 905000.00000000012 1984.5000000000002 102500000.00000001 3.5000000000000004 1975.5000000000002 1991.5000000000002 81.500000000000014 2001.5000000000002 2008.5000000000002 0.76764997839927684 2.1250000000000004 2010.5000000000002 1.8826500177383425 1.0000000180025095e-35 1.5000000000000002 1995.5000000000002 3.3765244483947758 1971.5000000000002 3.1338999271392827 2.1652499437332158 3.1005952358245854 3.5633013248443608 2009.5000000000002 92.500000000000014 1985.5000000000002 2011.5000000000002 1.7641500234603884 1.587650001049042 44.500000000000007
decision_type=2 2 2 2 2 2 2 2 2 2 2 2 2 2 2 2 2 2 2 2 2 2 2 2 2 2 2 2 2 2
left_child=1 5 18 29 -4 -1 24 -8 10 -10 17 -12 13 -11 19 16 -13 -9 -3 26 27 -22 -23 -6 25 -7 -14 28 -17 -2
right_child=3 2 4 -5 23 6 7 8 9 12 11 15 14 -15 -16 20 -18 -19 -20 -21 21 22 -24 -25 -26 -27 -28 -29 -30 -31
leaf_value=-0.023382226180995967 0.004988432148746412 -0.0017752677452701948 -0.0081136500194309829 0.01787805981994706 -0.0016579154291348425 -0.039816775757623345 0.018511000104008184 -0.026401138819180998 0.0044751191181194505 -0.072090693483750024 0.014767006909819665 -0.0093961052242666505 0.019739092908407512 -0.012042339705768974 -0.047476665208488707 -0.005175643757078797 -0.070305863723731973 -0.087414830207824729 0.012196744990538898 0.033455021047964689 -0.00037521257239083458 -0.090581840652685888 -0.021203357601212336 0.013462551831171763 0.011825617532607998 0.01004174684292891 -0.015365393777787688 0.017096862230155812 -0.054772685260077322 0.015822322487741569
leaf_weight=132 1037 198 671 234 744 18 30 12.000000000000002 145 20 26 12.999999999999998 18 19 19 54 25 12.999999999999998 243 12.999999999999998 13.999999999999998 12.000000000000002 19 96 125 21 74 18 13.999999999999998 155
leaf_count=132 1037 198 671 234 744 18 30 12 145 20 26 13 18 19 19 54 25 13 243 13 14 12 19 96 125 21 74 18 14 155
internal_value=-8.8888e-05 -0.00435666 -0.00141266 0.00830492 -0.00355929 -0.0110742 -0.00879235 -0.0130824 -0.0149124 -0.00763725 -0.025009 -0.020186 -0.0183843 -0.0439125 -0.0100542 -0.0256289 -0.0502884 -0.0603374 0.00592981 -0.002882 -0.0181358 -0.0350165 -0.0501057 8.20101e-05 0.00578441 -0.0133463 -0.00833991 -0.00898173 -0.016058 0.00641075
internal_weight=4232 2806 1952 1426 1511 854 722 558 528 308 220 195 163 39 124 169 38 25 441 105 131 45 31 840 164 39 92 86 68 1192
internal_count=4232 2806 1952 1426 1511 854 722 558 528 308 220 195 163 39 124 169 38 25 441 105 131 45 31 840 164 39 92 86 68 1192
is_linear=0
shrinkage=0.035


Tree=63
num_leaves=31
num_cat=0
split_feature=5 5 3 51 50 20 0 0 0 0 0 9 47 0 9 10 0 0 3 3 25 63 10 0 10 0 3 51 0 0
split_gain=118.382 32.6643 32.268 24.6617 23.3744 20.9005 47.3385 24.7437 23.7853 22.394 20.0714 19.9839 16.3116 15.0251 72.6932 18.3018 19.2934 18.6781 15.8075 15.0209 14.8352 14.1681 13.906 13.5779 13.4688 12.9615 12.5979 12.3802 13.6206 11.9776
threshold=8022880.0000000009 102500000.00000001 1.7074999809265139 1.0000000180025095e-35 1.0000000180025095e-35 1.0000000180025095e-35 1960.5000000000002 2013.5000000000002 2014.5000000000002 2004.5000000000002 1993.5000000000002 1.8688347935676577 1.0000000180025095e-35 1996.5000000000002 1.8688347935676577 3.6231060028076176 1999.5000000000002 2013.5000000000002 0.57864999771118175 0.76764997839927684 1.0000000180025095e-35 1.0000000180025095e-35 3.9790209531784062 2007.5000000000002 3.3908729553222661 2008.5000000000002 3.4822499752044682 1.0000000180025095e-35 1990.5000000000002 2001.5000000000002
decision_type=2 2 2 2 2 2 2 2 2 2 2 2 2 2 2 2 2 2 2 2 2 2 2 2 2 2 2 2 2 2
left_child=2 3 4 11 10 6 -4 22 -9 -8 20 -2 13 14 24 16 -15 -17 -18 -20 21 -1 26 -13 -12 -5 29 -24 -29 -7
right_child=1 -3 5 25 -6 7 9 8 -10 -11 12 23 -14 15 -16 17 18 -19 19 -21 -22 -23 27 -25 -26 -27 -28 28 -30 -31
leaf_value=-0.0012317538842738121 -0.0040028712394666079 0.017096154510283047 -0.067609407388915632 0.0054960084265408644 0.015999290791066257 -0.0026223277255433592 -0.01774457840979449 -0.047959343803226959 -0.0038332892526418741 0.0099655670213202648 -0.039958746743388465 0.0024053043368949438 -0.041374898624420176 0.0039646854593473327 0.010161277141560008 0.00022822789574572207 -0.057576527839197839 -0.035983264843374496 0.012390425853927932 -0.024815726766913713 -0.041104873150587085 -0.029023290697410702 -0.0027198442072798108 0.015180864346553346 -0.090728687572710728 0.014774229376199179 0.012408387724685358 -0.0070036280238069603 -0.053067008249461652 0.010867323918699255
leaf_weight=225 619 244 17 687 33 317 95 24 38 56 15.000000000000002 626 34 33 26 136 15.999999999999998 19 13.999999999999998 141 12.999999999999998 24 128 121 15.999999999999998 253 156 19 12.999999999999998 107
leaf_count=225 619 244 17 687 33 317 95 24 38 56 15 626 34 33 26 136 16 19 14 141 13 24 128 121 16 253 156 19 13 107
internal_value=0.000159911 0.00494164 -0.00694767 0.00364795 -0.0124217 -0.00273314 -0.0139196 -0.000373244 -0.0214323 -0.0074585 -0.013762 0.000642583 -0.0182431 -0.0162536 -0.0328857 -0.013524 -0.0203914 -0.00440159 -0.0250975 -0.0213861 -0.00601873 -0.00402283 0.00141534 0.00449457 -0.0682337 0.00800814 0.00393784 -0.00768553 -0.0268109 0.000795343
internal_weight=4265 2550 1715 2306 745 970 168 802 62 151 712 1366 450 416 57 359 204 155 171 155 262 249 740 747 31 940 580 160 32 424
internal_count=4265 2550 1715 2306 745 970 168 802 62 151 712 1366 450 416 57 359 204 155 171 155 262 249 740 747 31 940 580 160 32 424
is_linear=0
shrinkage=0.035


Tree=64
num_leaves=31
num_cat=0
split_feature=5 8 2 3 54 51 8 0 5 0 0 20 5 5 3 2 0 0 2 10 3 56 5 3 0 10 0 1 2 12
split_gain=104.722 45.8138 23.1448 33.0785 33.8306 30.0139 21.7134 27.3832 19.892 23.1334 20.7623 20.6109 19.4116 33.4599 32.6129 17.8378 20.1955 24.5452 21.0564 15.345 17.41 14.724 14.1721 13.1251 20.3437 25.8016 19.4549 14.994 21.6489 12.6195
threshold=27250000.000000004 1.5000000000000002 94.500000000000014 0.90344998240470897 1.0000000180025095e-35 1.0000000180025095e-35 25.500000000000004 2007.5000000000002 883950.00000000012 1968.5000000000002 1984.5000000000002 1.0000000180025095e-35 1.0000000180025095e-35 55000.000000000007 0.57864999771118175 78.500000000000014 2009.5000000000002 1995.5000000000002 87.500000000000014 3.7211111783981328 3.8745501041412358 1.0000000180025095e-35 260000.00000000003 3.0185999870300297 2008.5000000000002 3.1595455408096318 2001.5000000000002 11.500000000000002 124.50000000000001 1.0000000180025095e-35
decision_type=2 2 2 2 2 2 2 2 2 2 2 2 2 2 2 2 2 2 2 2 2 2 2 2 2 2 2 2 2 2
left_child=1 2 3 4 22 -4 7 19 9 11 -11 -3 14 -14 -12 -5 17 18 -17 -2 -21 -10 -1 24 27 -26 -25 -16 29 -29
right_child=6 8 5 15 -6 -7 -8 -9 21 10 12 -13 13 -15 23 16 -18 -19 -20 20 -22 -23 -24 26 25 -27 -28 28 -30 -31
leaf_value=-0.037306277895346289 0.0016553675366369849 -0.057436156422537021 -0.011935591465407104 0.024542240473628043 -0.082274539315866105 0.0065514740942295624 0.015383729439776573 0.011543612849082743 0.0012362938880575334 0.015294144820140932 -0.051195848028011186 -0.013567664525134767 -0.073397263690829273 -0.0096985719366811021 0.034406614091247324 -0.028673531092295892 -0.0010694871698506178 -0.039490228136220294 0.010913757837103572 -0.004339285202048444 -0.054221470621629408 -0.028980550117173699 0.0045143178669114917 -0.007465078230947257 -0.066208974525332462 -0.0060395798373222356 0.033218825454451144 -0.0032111601699815273 -0.037616834604553881 0.021929967997146065
leaf_weight=31 509 18 362 13.999999999999998 17 152 359 471 1591 57 15.999999999999998 46 12.999999999999998 38 12.999999999999998 31 78 61 33 26 11.999999999999998 19 13.999999999999998 27 12.999999999999998 24 29 155 19 28
leaf_count=31 509 18 362 14 17 152 359 471 1591 57 16 46 13 38 13 31 78 61 33 26 12 19 14 27 13 24 29 155 19 28
internal_value=4.46473e-05 -0.00372973 -0.0108945 -0.019 -0.0413814 -0.0064631 0.00798906 0.00536706 -0.00102715 -0.00714845 -0.00420396 -0.0266264 -0.00720512 -0.0270684 -0.00399944 -0.0124369 -0.0151035 -0.0237689 -0.00838054 3.41198e-05 -0.0211228 0.000860843 -0.0244421 -0.00138427 -0.00480348 -0.0284122 0.0137858 -0.00061975 -0.00304093 0.000724337
internal_weight=4276 2899 793 279 62 514 1377 1018 2106 496 432 64 375 51 324 217 203 125 64 547 38 1610 45 308 252 37 56 215 202 183
internal_count=4276 2899 793 279 62 514 1377 1018 2106 496 432 64 375 51 324 217 203 125 64 547 38 1610 45 308 252 37 56 215 202 183
is_linear=0
shrinkage=0.035


Tree=65
num_leaves=31
num_cat=0
split_feature=5 8 0 8 10 49 2 5 2 0 5 0 62 0 0 8 10 10 8 11 47 0 2 8 5 8 5 2 10 54
split_gain=91.1083 34.9439 24.3403 30.3498 27.7645 17.899 30.0804 18.6013 23.8144 16.7464 22.1546 16.5093 18.5988 18.5048 17.0435 15.2254 13.2225 22.7018 13.4538 12.9733 12.9191 16.9853 21.5169 12.0542 11.6265 14.1779 14.3127 11.4562 11.2142 12.4557
threshold=17950000.000000004 2.5000000000000004 2002.5000000000002 44.500000000000007 3.8526501655578618 1.0000000180025095e-35 93.500000000000014 210000.00000000003 82.500000000000014 1958.5000000000002 127500.00000000001 1981.5000000000002 1.0000000180025095e-35 1975.5000000000002 2001.5000000000002 4.5000000000000009 3.3765244483947758 3.4254524707794194 3.5000000000000004 2.3750000000000004 1.0000000180025095e-35 1974.5000000000002 101.50000000000001 1.5000000000000002 1.0000000180025095e-35 9.5000000000000018 6644000.0000000009 78.500000000000014 2.7474489212036137 1.0000000180025095e-35
decision_type=2 2 2 2 2 2 2 2 2 2 2 2 2 2 2 2 2 2 2 2 2 2 2 2 2 2 2 2 2 2
left_child=1 5 3 4 -2 6 7 27 -9 10 -3 13 14 20 16 -16 18 -18 19 -13 21 22 -11 -4 -19 26 -26 -1 -10 -30
right_child=2 9 23 -5 -6 -7 -8 8 28 11 -12 12 -14 -15 15 -17 17 24 -20 -21 -22 -23 -24 -25 25 -27 -28 -29 29 -31
leaf_value=0.0017066887319087982 -0.00063957186622777768 -0.05699436192959547 0.00051354258782911782 0.014057675194603624 -0.034082379169063648 0.017735411729920526 -0.0063801467111423756 -0.043355374976061289 0.008892947379354801 -0.029554313044185224 -0.0080890227917419302 0.0089831363074481512 -0.01804689928164515 0.021263239930540828 -0.0023215755659103808 0.012916769881096956 -0.051084378326187535 0.0064657669562535984 0.0051137845634591011 -0.024322372122687133 0.018621357401744844 -0.042876666707488208 0.0093973249163622902 0.010891112402921429 -0.037316864150762567 -0.0043517177946552996 -0.0050679782248672948 -0.032601796351892295 -0.0024532348114298659 -0.030006592754885788
leaf_weight=12.999999999999998 616 11.999999999999998 163 176 31 28 727 23 44 22 95 21 77 88 143 181 13.999999999999998 62 240 41 36 11.999999999999998 70 878 39 145 30 121 55 31
leaf_count=13 616 12 163 176 31 28 727 23 44 22 95 21 77 88 143 181 14 62 240 41 36 12 70 878 39 145 30 121 55 31
internal_value=-7.10898e-05 -0.00462391 0.00571607 0.00121293 -0.00229476 -0.00941863 -0.0101869 -0.0197681 -0.0112967 -0.000856205 -0.0140669 0.000310619 -0.00164 0.00878377 -0.000240729 0.00619937 -0.00377284 -0.00909813 0.00134822 -0.0130502 0.000831946 -0.00542796 -0.000116012 0.00926992 -0.00678534 -0.0106448 -0.0235933 -0.0292724 -0.00532374 -0.0126361
internal_weight=4234 2370 1864 823 647 1042 1014 287 153 1328 107 1221 993 228 916 324 592 290 302 62 140 104 92 1041 276 214 69 134 130 86
internal_count=4234 2370 1864 823 647 1042 1014 287 153 1328 107 1221 993 228 916 324 592 290 302 62 140 104 92 1041 276 214 69 134 130 86
is_linear=0
shrinkage=0.035


Tree=66
num_leaves=31
num_cat=0
split_feature=8 5 0 2 0 50 8 10 0 54 48 53 8 4 5 4 5 8 10 0 0 2 8 5 62 2 4 2 1 0
split_gain=87.9635 43.0795 24.5274 23.6424 23.0988 22.6293 21.1582 24.5761 17.9581 16.2995 14.8612 14.4919 13.7201 26.3128 20.0147 15.4679 14.7798 32.3415 20.8075 17.3488 13.5582 14.87 12.8532 14.0712 12.7147 13.6309 11.0248 11.0126 13.2789 10.9416
threshold=9.5000000000000018 16020385.000000002 2002.5000000000002 106.50000000000001 2002.5000000000002 1.0000000180025095e-35 59.500000000000007 3.7240869998931889 1992.5000000000002 1.0000000180025095e-35 1.0000000180025095e-35 1.0000000180025095e-35 2.5000000000000004 1.1550398468971255 10891086.500000002 0.59313336014747631 260000.00000000003 1.5000000000000002 3.2475490570068364 1986.5000000000002 1978.5000000000002 93.500000000000014 35.500000000000007 1196000.0000000002 1.0000000180025095e-35 83.500000000000014 1.9423609375953677 85.500000000000014 10.500000000000002 1975.5000000000002
decision_type=2 2 2 2 2 2 2 2 2 2 2 2 2 2 2 2 2 2 2 2 2 2 2 2 2 2 2 2 2 2
left_child=1 3 -3 5 6 9 7 8 -2 12 -9 29 13 16 -15 -14 17 20 -19 -18 -1 27 23 -10 25 -17 -27 -22 -29 -5
right_child=4 2 -4 11 -6 -7 -8 10 22 -11 -12 -13 15 14 -16 24 19 18 -20 -21 21 -23 -24 -25 -26 26 -28 28 -30 -31
leaf_value=-0.049088631338798087 0.012923195085304394 -0.0055278336723534518 0.0060264383025052078 -0.009525370743030722 0.013650293861986188 0.012506343468351083 0.014730369454261384 -0.0048281758394204182 -0.028936832418277242 -0.015873122037523814 -0.031914266051403406 -0.031090826897685858 0.036117003142260594 0.0095178785454281562 -0.029902091663428828 -0.025835497497864394 0.01050192706926893 -0.083534598927835324 -0.024430661497637632 -0.017133574481419472 -0.0017500738617446689 0.0050101202973505355 0.01191406959588122 -0.00085689217237036608 -0.024846094618968924 0.00047378349649682269 0.033765534515564258 -0.010702564448118209 -0.060232643353939061 0.0024267268847888695
leaf_weight=11.999999999999998 232 330 702 117 472 53 189 178 23 446 28 18 11.999999999999998 92 18 22 38 16.000000000000004 14.999999999999998 97 17 40 89 248 28 197 11.999999999999998 13.000000000000002 13.999999999999998 457
leaf_count=12 232 330 702 117 472 53 189 178 23 446 28 18 12 92 18 22 38 16 15 97 17 40 89 248 28 197 12 13 14 457
internal_value=0.000336197 -0.00333099 0.00232829 -0.00669955 0.00728724 -0.00964016 0.00423182 0.0017278 0.00535206 -0.0107301 -0.00865462 -0.00101733 -0.00714093 -0.0114961 0.0028403 -0.00113592 -0.0175097 -0.0260589 -0.0566478 -0.0093218 -0.0156811 -0.0103666 0.000445751 -0.00334412 -0.00300093 -0.000249808 0.00254529 -0.024185 -0.0376813 -1.87875e-05
internal_weight=4225 2766 1032 1734 1459 1142 987 798 592 1089 206 592 643 372 110 271 262 127 31 135 96 84 360 271 259 231 209 44 27 574
internal_count=4225 2766 1032 1734 1459 1142 987 798 592 1089 206 592 643 372 110 271 262 127 31 135 96 84 360 271 259 231 209 44 27 574
is_linear=0
shrinkage=0.035


Tree=67
num_leaves=31
num_cat=0
split_feature=5 8 50 3 0 2 8 0 48 53 2 2 10 2 0 0 3 5 52 5 0 0 20 0 2 10 2 51 10 10
split_gain=96.366 42.0408 31.5681 30.855 24.7756 25.1296 21.6915 26.8334 21.0799 20.9661 24.9615 20.6702 18.6047 17.3619 17.1337 34.1954 17.1155 16.573 18.7784 17.7484 20.3812 16.4313 15.6948 39.1981 17.0036 15.6063 15.3848 14.6335 29.3471 14.6069
threshold=4045000.0000000005 15.500000000000002 1.0000000180025095e-35 1.4142499566078188 2006.5000000000002 85.500000000000014 1.5000000000000002 2002.5000000000002 1.0000000180025095e-35 1.0000000180025095e-35 102.50000000000001 90.500000000000014 3.997916698455811 79.500000000000014 2001.5000000000002 1994.5000000000002 1.0103999972343447 1.0000000180025095e-35 1.0000000180025095e-35 602000.00000000012 1986.5000000000002 1991.5000000000002 1.0000000180025095e-35 2002.5000000000002 104.50000000000001 2.9978448152542119 110.50000000000001 1.0000000180025095e-35 4.0628955364227304 0.91666665673255932
decision_type=2 2 2 2 2 2 2 2 2 2 2 2 2 2 2 2 2 2 2 2 2 2 2 2 2 2 2 2 2 2
left_child=2 6 3 4 8 -6 25 21 13 10 16 14 17 -1 15 -5 -7 18 -13 20 -19 -8 23 24 -15 29 27 -14 -29 -2
right_child=1 -3 -4 11 5 9 7 -9 -10 -11 -12 12 26 22 -16 -17 -18 19 -20 -21 -22 -23 -24 -25 -26 -27 -28 28 -30 -31
leaf_value=0.02945292297234902 0.01593165557252036 0.0095658403316595704 0.016827594204379594 -0.013493970213597641 -0.071215736202457386 -0.023665555698176226 0.0036964878397947026 0.0064927304556513261 -0.051570749681442977 0.0081877769093494871 -0.0041679248186945921 0.012516989944503024 -0.0111141801626898 -0.065288988863680675 -0.0020817935564244792 -0.062351798247856409 -0.069914346945026656 0.0007492212411016225 -0.018234982244670395 -0.0012882448836022246 -0.058937820243835454 -0.0069758599408195118 -0.0084538672171028655 0.02386409022544439 -0.016202441223023927 -0.0008434813141438691 -0.00069454879452492688 -0.077733946323394781 -0.01210369301101436 -0.017393274506770112
leaf_weight=11.999999999999998 17 887 58 69 15.999999999999998 20 298 867 14.999999999999998 19 24 187 85 23 59 23 22 13.000000000000002 27 192 13.999999999999998 431 269 11.999999999999998 14.999999999999998 256 101 12.999999999999998 22 166
leaf_count=12 17 887 58 69 16 20 298 867 15 19 24 187 85 23 59 23 22 13 27 192 14 431 269 12 15 256 101 13 22 166
internal_value=-0.000324407 0.00321148 -0.00820909 -0.00938284 -0.0167497 -0.031957 0.000437592 0.00233398 -0.0122262 -0.0238046 -0.0330254 -0.00527431 -0.00256476 -0.0102879 -0.0169041 -0.0262664 -0.0489943 0.00165186 0.00856216 -0.00510095 -0.0311367 -0.00261174 -0.0118757 -0.0297243 -0.0468699 -0.00644246 -0.0108044 -0.019223 -0.0380114 -0.0142182
internal_weight=4232 2922 1310 1252 447 101 2035 1596 346 85 66 805 654 331 151 92 42 433 214 219 27 729 319 50 38 439 221 120 35 183
internal_count=4232 2922 1310 1252 447 101 2035 1596 346 85 66 805 654 331 151 92 42 433 214 219 27 729 319 50 38 439 221 120 35 183
is_linear=0
shrinkage=0.035


Tree=68
num_leaves=31
num_cat=0
split_feature=3 51 8 2 1 20 1 3 3 3 2 2 5 8 10 3 8 10 1 10 8 5 50 3 10 1 5 2 10 1
split_gain=95.9114 27.9294 30.0527 27.4699 26.2232 33.8654 19.8131 15.9292 15.7005 25.2587 15.6682 17.1536 19.6956 15.3549 15.366 14.6094 13.6251 17.0403 19.2869 13.6551 14.2536 19.654 13.3052 11.9929 11.5019 11.4771 17.4815 13.1601 11.4713 14.3305
threshold=2.4054000377655034 1.0000000180025095e-35 1.5000000000000002 95.500000000000014 16.500000000000004 1.0000000180025095e-35 57.500000000000007 14.878799915313722 4.1425499916076669 2.9141999483108525 81.500000000000014 108.50000000000001 154.00000000000003 22.500000000000004 1.5416666865348818 1.4142499566078188 131.50000000000003 4.0211939811706552 25.500000000000004 3.9012196063995366 36.500000000000007 1694000.0000000002 1.0000000180025095e-35 1.3479499816894533 4.8750000000000009 11.500000000000002 11965000.000000002 92.500000000000014 3.4101010560989384 9.5000000000000018
decision_type=2 2 2 2 2 2 2 2 2 2 2 2 2 2 2 2 2 2 2 2 2 2 2 2 2 2 2 2 2 2
left_child=1 2 10 15 7 6 8 22 9 -6 -1 12 -12 14 -4 23 17 18 19 20 21 -7 -2 -3 28 26 -14 -27 29 -5
right_child=4 3 13 24 5 16 -8 -9 -10 -11 11 -13 25 -15 -16 -17 -18 -19 -20 -21 -22 -23 -24 -25 -26 27 -28 -29 -30 -31
leaf_value=0.010679241279666515 0.0057640927305697143 -0.013158197359022936 0.028640241200164503 -0.011525403912955274 0.0020678610962170819 -0.036323553036898382 -0.058440378785133369 0.023653713392723055 -0.0013959457479560606 -0.066828123342245818 -0.03779969080765435 -0.010283147877665435 -0.047495349619675574 0.019709599862967074 -0.0072482681691488212 -0.0024397345517190054 0.022150505603268381 -0.013527431868637604 0.0078677106867771004 -0.037691011876440972 0.0072851404259650929 -0.0031195866932501519 0.018277644021946777 -0.042739697846956554 0.032493103749611799 0.01363348156400025 0.0016544178752228617 -0.017220333160575609 -0.0040126123745562944 0.010607158382597022
leaf_weight=22 1149 122 13.999999999999998 41 12.000000000000002 23 12.999999999999998 73 51 12.999999999999998 93 154 26 28 590 183 40 83 469 11.999999999999998 152 248 114 19 15.999999999999998 23 12.999999999999998 57 171 246
leaf_count=22 1149 122 14 41 12 23 13 73 51 13 93 154 26 28 590 183 40 83 469 12 152 248 114 19 16 23 13 57 171 246
internal_value=1.90864e-05 -0.00607054 -0.00990501 -0.00116089 0.0045355 0.000572359 -0.0200135 0.00784182 -0.0127442 -0.0348831 -0.0175636 -0.0192905 -0.0257463 -0.00518017 -0.00636756 -0.00900204 0.00237577 0.00155098 0.00295075 -0.00235241 -0.00125924 -0.00606725 0.00690853 -0.0174296 0.00420287 -0.0160753 -0.0314366 -0.00826945 0.00314212 0.00741025
internal_weight=4270 1818 1020 798 2452 1116 89 1336 76 25 388 366 212 632 604 324 1027 987 904 435 423 271 1263 141 474 119 39 80 458 287
internal_count=4270 1818 1020 798 2452 1116 89 1336 76 25 388 366 212 632 604 324 1027 987 904 435 423 271 1263 141 474 119 39 80 458 287
is_linear=0
shrinkage=0.035


Tree=69
num_leaves=31
num_cat=0
split_feature=3 8 5 62 51 2 25 3 0 3 8 3 3 5 10 2 0 5 2 19 56 2 0 61 8 10 5 0 8 3
split_gain=68.5329 24.987 20.8084 18.5153 16.7771 18.4367 21.3281 16.56 19.977 16.3691 16.3608 14.2496 22.8962 16.1353 19.2119 18.0612 18.8643 15.1668 14.3926 13.7311 13.9549 12.0601 14.2939 11.9127 10.687 11.3805 9.44226 10.9174 9.59433 10.6809
threshold=2.4054000377655034 5.5000000000000009 54500000.000000007 1.0000000180025095e-35 1.0000000180025095e-35 84.500000000000014 1.0000000180025095e-35 1.4578999876976015 1992.5000000000002 0.87884998321533214 1.5000000000000002 1.3318499922752383 1.3862500190734866 1325000.0000000002 3.997916698455811 106.50000000000001 2000.5000000000002 6950000.0000000009 92.500000000000014 1.0000000180025095e-35 1.0000000180025095e-35 91.500000000000014 1976.5000000000002 1.0000000180025095e-35 59.500000000000007 3.6846978664398198 1196000.0000000002 1984.5000000000002 4.5000000000000009 2.0588999986648564
decision_type=2 2 2 2 2 2 2 2 2 2 2 2 2 2 2 2 2 2 2 2 2 2 2 2 2 2 2 2 2 2
left_child=1 4 3 19 26 10 7 8 21 -3 -6 13 -13 15 17 16 -10 -15 -18 20 -2 -7 -23 -11 25 -5 28 -28 29 -1
right_child=2 9 -4 24 5 6 -8 -9 11 23 -12 12 -14 14 -16 -17 18 -19 -20 -21 -22 22 -24 -25 -26 -27 27 -29 -30 -31
leaf_value=-0.011161826761862772 0.0038240365010784056 0.032248666666448121 0.0094920081469293503 -0.0055503173693721222 -0.045993312696672305 -0.02120280043726885 0.032682951000773099 0.0037267606725626804 0.018771163270249965 -0.0026754113538122247 -0.0025792822676964783 -0.068920107736438516 -0.012966008104309439 -0.061828374043572699 0.012086131940782072 0.037377973712980746 0.0022816130444407458 -0.018726541977608577 -0.04635009386346621 -0.03266035828223595 -0.025596984133496883 -0.01278620919942235 0.019643457395075399 0.011201278094807875 0.013314622399508952 -0.025522909204874725 0.0031071635596121531 -0.010026356741520267 -0.036951859396113007 -0.031480990875098445
leaf_weight=307 1572 20 589 126 21 18 21 258 19 322 21 13.999999999999998 24 14.999999999999998 13.999999999999998 12.999999999999998 13.000000000000002 31 15.999999999999998 11.999999999999998 19 23 54 98 24 48 97 374 22 35
leaf_count=307 1572 20 589 126 21 18 21 258 19 322 21 14 24 15 14 13 13 31 16 12 19 23 54 98 24 48 97 374 22 35
internal_value=-0.000127623 -0.00518413 0.00378621 0.00191498 -0.0074554 -0.00284354 -0.00105952 -0.00250791 -0.00883741 0.00209068 -0.0248918 -0.0163904 -0.0348641 -0.0103361 -0.023069 0.00232993 -0.00769563 -0.0338352 -0.025142 0.00316408 0.00345573 0.00382467 0.0098945 0.000577241 -0.00815401 -0.0111844 -0.0106219 -0.00731702 -0.0148618 -0.0133321
internal_weight=4240 1850 2390 1801 1410 575 533 512 254 440 42 159 38 121 60 61 48 46 29 1603 1591 95 77 420 198 174 835 471 364 342
internal_count=4240 1850 2390 1801 1410 575 533 512 254 440 42 159 38 121 60 61 48 46 29 1603 1591 95 77 420 198 174 835 471 364 342
is_linear=0
shrinkage=0.035


Tree=70
num_leaves=31
num_cat=0
split_feature=5 8 0 50 10 3 8 0 64 0 0 0 8 0 20 20 51 0 10 10 3 3 3 8 8 5 5 3 3 0
split_gain=74.4362 30.6444 26.2857 19.0465 17.9241 16.0046 15.4012 22.9206 14.4787 22.4797 17.0379 27.0166 24.9243 22.9274 28.5357 19.9625 40.4701 21.3834 19.3035 23.4362 25.618 25.3427 31.0053 20.4164 16.6138 16.3985 15.6613 13.525 13.4949 12.1436
threshold=22850000.000000004 10.500000000000002 2016.5000000000002 1.0000000180025095e-35 3.0843495130538945 0.31299999356269842 18.500000000000004 2007.5000000000002 1.0000000180025095e-35 1997.5000000000002 1991.5000000000002 2001.5000000000002 2.5000000000000004 1968.5000000000002 1.0000000180025095e-35 1.0000000180025095e-35 1.0000000180025095e-35 2007.5000000000002 4.2449998855590829 3.5566239356994633 0.80965000391006481 0.95569998025894176 3.185250043869019 5.5000000000000009 1.5000000000000002 14550000.000000002 3420000.0000000005 1.6665999889373782 1.3716999888420107 1982.5000000000002
decision_type=2 2 2 2 2 2 2 2 2 2 2 2 2 2 2 2 2 2 2 2 2 2 2 2 2 2 2 2 2 2
left_child=1 2 3 5 -3 -1 7 -2 10 27 13 18 15 14 -7 16 26 -18 19 20 -12 -21 23 -23 -22 -17 -13 -10 -26 -15
right_child=6 4 -4 -5 -6 8 -8 -9 9 -11 11 12 -14 29 -16 25 17 -19 -20 21 24 22 -24 -25 28 -27 -28 -29 -30 -31
leaf_value=-0.041955540583468974 -0.001460450406856802 0.017567206990957429 0.02665996697942416 0.010613211602611373 0.00058032981402653388 -0.048881689140330198 0.010669935366137933 0.0088847920654521566 -0.0671913300531988 0.0076830033908287694 0.020423822026252748 -0.028129566854486865 0.0030277595115879865 0.010398273925651401 -0.0067968258441273317 -0.016018078970686331 0.0012304716110229494 0.059127135752141485 0.011787739587947727 -0.063745254321095471 -0.033477532336039048 0.0093855277661594651 -0.068946314944670753 -0.039322704180260189 0.0031607262282804765 0.00074746828648365206 0.0060443750432494919 -0.023457588698276702 -0.017558636864265949 -0.0015223754286743066
leaf_weight=14.999999999999998 565 88 29 77 527 22 527 488 11.999999999999998 20 24 32 299 156 144 356 12.999999999999998 19 27 25 56 30 11.999999999999998 14.999999999999998 53 89 32 33 136 313
leaf_count=15 565 88 29 77 527 22 527 488 12 20 24 32 299 156 144 356 13 19 27 25 56 30 12 15 53 89 32 33 136 313
internal_value=-0.000223427 -0.00380404 -0.00586918 -0.0063524 0.00303839 -0.00703426 0.0057886 0.00333615 -0.00673852 -0.0228743 -0.00615953 -0.00858159 -0.00507122 -0.00150482 -0.0126441 -0.00954792 0.00487328 0.0364097 -0.0163438 -0.0185401 -0.0134471 -0.0348631 -0.0212847 -0.00731439 -0.0168418 -0.0126669 -0.0111856 -0.0363651 -0.0117532 0.00245267
internal_weight=4234 2654 2039 2010 615 1933 1580 1053 1918 65 1853 1218 840 635 166 541 96 32 378 351 269 82 57 45 245 445 64 45 189 469
internal_count=4234 2654 2039 2010 615 1933 1580 1053 1918 65 1853 1218 840 635 166 541 96 32 378 351 269 82 57 45 245 445 64 45 189 469
is_linear=0
shrinkage=0.035


Tree=71
num_leaves=31
num_cat=0
split_feature=3 8 3 2 5 0 2 51 3 0 10 0 20 8 0 64 10 3 3 10 3 5 8 0 62 5 51 57 0 0
split_gain=57.4456 27.2727 25.7008 23.8389 24.5217 25.2747 22.6301 25.1005 20.1768 16.3042 14.4609 17.9458 13.0857 18.6441 13.0646 12.0786 11.4888 10.0656 17.2518 11.0573 23.8695 14.7184 15.6903 14.3533 9.81853 9.62221 9.56761 9.49229 8.83976 11.2337
threshold=2.4054000377655034 15.500000000000002 10.178250312805178 79.500000000000014 2931025.5000000005 2013.5000000000002 93.500000000000014 1.0000000180025095e-35 0.47145000100135809 1981.5000000000002 3.8131127357482915 2009.5000000000002 1.0000000180025095e-35 1.5000000000000002 2003.5000000000002 1.0000000180025095e-35 3.7781505584716801 0.57864999771118175 0.80965000391006481 2.1076922416687016 2.1894999742507939 115000.00000000001 2.5000000000000004 2000.5000000000002 1.0000000180025095e-35 14100000.000000002 1.0000000180025095e-35 1.0000000180025095e-35 1970.5000000000002 1983.5000000000002
decision_type=2 2 2 2 2 2 2 2 2 2 2 2 2 2 2 2 2 2 2 2 2 2 2 2 2 2 2 2 2 2
left_child=1 3 10 -1 5 6 8 27 -5 -6 26 -12 14 -14 -11 -15 -3 -10 -19 -20 21 22 23 -21 -13 -16 -2 -8 -9 -30
right_child=2 16 -4 4 9 -7 7 28 17 12 11 24 13 15 25 -17 -18 18 19 20 -22 -23 -24 -25 -26 -27 -28 -29 29 -31
leaf_value=0.023227568755671384 0.0020883650391936835 0.017885858474178423 0.014099801207014174 -0.060679238871886185 0.011983899223105983 -0.033613257525835868 -0.0092068184028752543 -0.012126755775883794 0.012512655196587246 -0.013807630688390313 -0.0073222035457095394 0.013213561577999846 -0.01320060587097923 -0.00047194320958303854 0.034527717769145969 -0.032325178699754181 -0.010409551266580823 -0.049318650582903314 0.0064425445264205345 -0.063753604396301164 -0.063136013917159298 -0.0022651238214887988 -0.0035269435297411228 -0.019409886224762255 -0.019311530410097196 -0.00083154141952594132 0.007464321304291568 -0.036356934139066759 0.03377252126010135 0.0054747098010749775
leaf_weight=34 1074 90 273 11.999999999999998 89 54 267 27 13.999999999999998 15.999999999999998 313 93 231 532 27 13.999999999999998 21 18 27 15.999999999999998 11.999999999999998 72 25 22 11.999999999999998 13.999999999999998 653 15.999999999999998 19 129
leaf_count=34 1074 90 273 12 89 54 267 27 14 16 313 93 231 532 27 14 21 18 27 16 12 72 25 22 12 14 653 16 19 129
internal_value=0.000480462 -0.00425556 0.00400314 -0.00536395 -0.00596679 -0.0107565 -0.00888109 -0.00443983 -0.0181409 -0.0021692 0.00271133 -0.00312207 -0.00369418 -0.00488749 0.0123461 -0.00134949 0.0124719 -0.0153734 -0.0174701 -0.0139024 -0.0176693 -0.0131805 -0.0253975 -0.0392818 0.00933278 0.0226798 0.00412524 -0.0108706 0.00595235 0.00932156
internal_weight=4216 1798 2418 1687 1653 730 676 458 218 923 2145 418 834 777 57 546 111 206 192 174 147 135 63 38 105 41 1727 283 175 148
internal_count=4216 1798 2418 1687 1653 730 676 458 218 923 2145 418 834 777 57 546 111 206 192 174 147 135 63 38 105 41 1727 283 175 148
is_linear=0
shrinkage=0.035


Tree=72
num_leaves=31
num_cat=0
split_feature=5 8 50 2 3 2 10 3 10 0 5 3 10 3 20 0 0 61 8 10 10 5 2 10 62 3 2 3 0 0
split_gain=66.4916 29.3547 18.7648 24.6378 43.1982 21.9063 15.9898 30.0794 15.9841 15.9602 15.1083 20.1222 34.1628 19.1121 13.3969 34.2839 21.475 19.47 17.4027 18.2762 17.2783 13.1249 12.2935 12.2371 12.1275 13.1654 11.4791 11.3697 10.8357 19.3099
threshold=3420000.0000000005 8.5000000000000018 1.0000000180025095e-35 93.500000000000014 0.47145000100135809 108.50000000000001 4.0115790367126474 0.69154998660087597 4.4645111560821542 2010.5000000000002 55000.000000000007 1.0103999972343447 3.328355193138123 2.0588999986648564 1.0000000180025095e-35 2004.5000000000002 2012.5000000000002 1.0000000180025095e-35 9.5000000000000018 4.2449998855590829 3.1005952358245854 182500000.00000003 87.500000000000014 3.8131127357482915 1.0000000180025095e-35 1.3716999888420107 102.50000000000001 12.551199913024904 1985.5000000000002 1975.5000000000002
decision_type=2 2 2 2 2 2 2 2 2 2 2 2 2 2 2 2 2 2 2 2 2 2 2 2 2 2 2 2 2 2
left_child=2 9 3 4 -1 -4 7 22 -8 24 11 -9 -13 -14 15 17 28 18 19 20 -5 23 -6 -3 25 -2 -18 -25 29 -16
right_child=1 21 5 14 6 -7 8 10 -10 -11 -12 12 13 -15 16 -17 26 -19 -20 -21 -22 -23 -24 27 -26 -27 -28 -29 -30 -31
leaf_value=-0.073878182081381485 -0.010006541325751208 0.0077375840361147193 0.02169727351499471 -0.013241064568981529 0.0015041394829750059 -0.027707560874521732 -0.056128423210605988 -0.052002719655632981 -0.011048130549490455 0.0051576415401919642 -0.0056566426952637423 0.00081417566204838691 -0.01515210296690464 -0.060303784385876504 -0.00089040436990478131 0.010369502540604742 -0.005708177939540259 0.002174814616226488 0.0063220409510227364 -0.010978066889164242 -0.061102322563715283 0.026404180840775372 0.049901524321391034 -0.0048172660297941183 -0.014422284584148052 0.00023725441698678777 -0.037830561550582453 0.012443120440162842 -0.0040568825516252311 0.021594835547702109
leaf_weight=13.999999999999998 183 1011 51 12.999999999999998 13.000000000000002 12.999999999999998 19 22 20 462 145 65 24 23 160 50 26 26 11.999999999999998 22 39 39 11.999999999999998 199 95 931 29 60 370 65
leaf_count=14 183 1011 51 13 13 13 19 22 20 462 145 65 24 23 160 50 26 26 12 22 39 39 12 199 95 931 29 60 370 65
internal_value=-0.000121693 0.00270624 -0.00695451 -0.0079677 -0.0156215 0.0113631 -0.0130308 -0.0102443 -0.0339082 -0.000367753 -0.0135635 -0.0220013 -0.0156846 -0.0380801 -0.00458542 -0.0135611 -0.00232832 -0.0242571 -0.0322015 -0.0384728 -0.0496456 0.00662895 0.025828 0.00600001 -0.00248316 -0.00145142 -0.0230498 -0.000779511 -0.000374496 0.0056644
internal_weight=4213 2980 1233 1169 357 64 343 304 39 1671 279 134 112 47 812 162 650 112 86 74 52 1309 25 1270 1209 1114 55 259 595 225
internal_count=4213 2980 1233 1169 357 64 343 304 39 1671 279 134 112 47 812 162 650 112 86 74 52 1309 25 1270 1209 1114 55 259 595 225
is_linear=0
shrinkage=0.035


Tree=73
num_leaves=31
num_cat=0
split_feature=5 9 0 20 0 47 2 5 0 5 62 5 5 10 10 11 62 0 5 0 0 53 55 25 0 2 3 0 10 10
split_gain=57.0313 29.429 20.8952 18.851 41.2414 45.3927 32.8019 31.6799 29.0766 21.9736 25.5116 20.2226 16.459 15.4602 17.6319 15.3299 15.3071 13.5083 19.9704 18.6682 14.0771 25.6929 12.6449 12.437 15.0296 14.2317 12.1752 12.1244 16.0756 41.7877
threshold=4045000.0000000005 3.1984648704528813 2010.5000000000002 1.0000000180025095e-35 2000.5000000000002 1.0000000180025095e-35 90.500000000000014 55000.000000000007 2008.5000000000002 115000.00000000001 1.0000000180025095e-35 1974325.0000000002 883950.00000000012 2.9978448152542119 4.1654000282287607 2.1250000000000004 1.0000000180025095e-35 1985.5000000000002 1252500.0000000002 1972.5000000000002 2000.5000000000002 1.0000000180025095e-35 1.0000000180025095e-35 1.0000000180025095e-35 2010.5000000000002 107.50000000000001 1.6935999989509585 1993.5000000000002 3.3765244483947758 3.5397225618362431
decision_type=2 2 2 2 2 2 2 2 2 2 2 2 2 2 2 2 2 2 2 2 2 2 2 2 2 2 2 2 2 2
left_child=3 2 16 4 5 6 -1 22 15 10 13 -9 -8 -10 -15 -5 -2 19 20 -17 21 27 23 24 25 -6 -22 -19 -29 -30
right_child=1 -3 -4 8 7 -7 12 11 9 -11 -12 -13 -14 14 -16 17 -18 18 -20 -21 26 -23 -24 -25 -26 -27 -28 28 29 -31
leaf_value=-0.084511182280147784 0.0001978942743922909 0.0096193355100074769 0.0070036057144346204 0.010257598212370498 -0.034801288837939495 0.014318027755866448 -0.040254572441801438 -0.04851932469258706 -0.039229040569992692 0.00024054157259243152 -0.07028352189529688 -0.00089521767699625345 -0.0052772290068864832 -0.0014009651983377793 -0.045225312874652451 -0.003993660765645681 -0.011763907730333522 -0.0024414319806428776 -0.020643388263239228 0.012720599386651885 -0.0025158217543852519 0.032748591998920724 0.04374358604848385 0.030381042140094856 0.026869896382093431 0.012522461340404476 0.01937856144122049 -0.0052971568101578782 -0.080799561653286237 -0.013801367785305132
leaf_weight=15.999999999999998 1565 639 556 121 19.000000000000004 23 55 20 32 61 12.999999999999998 23 24 58 12.999999999999998 226 142 88 102 127 79 15.999999999999998 12.999999999999998 18 12.999999999999998 11.999999999999998 50 50 14.999999999999998 42
leaf_count=16 1565 639 556 121 19 23 55 20 32 61 13 23 24 58 13 226 142 88 102 127 79 16 13 18 13 12 50 50 15 42
internal_value=0.000242199 0.00299235 0.0011169 -0.00575944 -0.0147133 -0.0292521 -0.0398581 -3.61031e-05 -0.00381286 -0.016758 -0.0256375 -0.023685 -0.0298492 -0.0193641 -0.00996613 -0.001294 -0.000802451 -0.00306504 -0.00713645 0.00203369 -0.00303058 -0.00858711 0.0136328 0.00669737 -0.00341234 -0.0166089 0.0060407 -0.0121375 -0.0199991 -0.0325518
internal_weight=4231 2902 2263 1329 236 118 95 118 1093 177 116 43 79 103 71 916 1707 795 442 353 340 211 75 62 44 31 129 195 107 57
internal_count=4231 2902 2263 1329 236 118 95 118 1093 177 116 43 79 103 71 916 1707 795 442 353 340 211 75 62 44 31 129 195 107 57
is_linear=0
shrinkage=0.035


Tree=74
num_leaves=31
num_cat=0
split_feature=3 3 8 3 10 2 12 2 3 62 64 0 8 62 11 0 3 10 0 31 0 8 55 2 8 8 0 0 10 11
split_gain=57.4659 19.3957 17.6733 17.8368 29.3787 19.8689 58.1307 28.4971 18.4313 16.6097 15.3527 15.1083 17.5331 14.3527 13.9263 13.3895 12.8892 12.6803 12.2967 22.6128 16.5144 18.2963 12.4922 11.4399 11.3759 11.3059 10.9335 18.977 19.0654 10.8661
threshold=2.2779500484466557 9.7010498046875018 15.500000000000002 1.1281999945640566 1.9494949579238894 93.500000000000014 1.0000000180025095e-35 90.500000000000014 0.69154998660087597 1.0000000180025095e-35 1.0000000180025095e-35 1985.5000000000002 2.5000000000000004 1.0000000180025095e-35 3.1250000000000004 2010.5000000000002 1.0598499774932864 3.8459624052047734 2001.5000000000002 1.0000000180025095e-35 1991.5000000000002 6.5000000000000009 1.0000000180025095e-35 86.500000000000014 2.5000000000000004 25.500000000000004 1987.5000000000002 1997.5000000000002 3.8992187976837163 3.8750000000000004
decision_type=2 2 2 2 2 2 2 2 2 2 2 2 2 2 2 2 2 2 2 2 2 2 2 2 2 2 2 2 2 2
left_child=2 13 3 4 -1 6 7 8 -6 10 -5 -11 -13 18 -12 16 26 25 19 20 22 -22 -2 -10 -20 -15 -7 28 -28 -4
right_child=1 -3 29 9 5 15 -8 -9 23 11 14 12 -14 17 -16 -17 -18 -19 24 -21 21 -23 -24 -25 -26 -27 27 -29 -30 -31
leaf_value=0.02104335972070694 0.0076680802452231914 0.01156294232446377 0.019855164684490726 -0.0018922544387494447 -0.048081591359500242 0.0082808867508727246 0.040408087011426688 -0.070643224799114737 0.0018608509543662272 0.0043557365016546109 -0.044530188091471794 -0.052759109937585896 -0.0071993043258786211 -0.0069193654591793606 -0.005353350475430489 0.015564061920274982 -0.028545149975699256 -0.025794941737782212 0.00064081245774903631 -0.040840636145323517 -0.017908306238691461 -0.00017029997529293358 -0.010213037158183363 -0.030693975027650595 0.0085102111765227792 0.009284494548933965 -0.015507818190330589 -0.0024931956350259235 -0.064433446407318115 -0.0051549693688750274
leaf_weight=29 423 310 54 1096 28 40 12.999999999999998 22 29 19 19 23 19 189 26 23 45 31 334 14.999999999999998 88 358 53 23 693 72 36 88 12.999999999999998 34
leaf_count=29 423 310 54 1096 28 40 13 22 29 19 19 23 19 189 26 23 45 31 334 15 88 358 53 23 693 72 36 88 13 34
internal_value=7.26898e-05 0.0033667 -0.00495948 -0.00580624 -0.0123141 -0.0150569 -0.0270196 -0.0359392 -0.0256197 -0.00369018 -0.00272719 -0.0213402 -0.0328362 0.00223504 -0.0225412 -0.00934766 -0.0119947 -0.00499095 0.00331226 0.000409739 0.00112626 -0.00370632 0.00565621 -0.0128128 0.00595575 -0.00242428 -0.00764037 -0.0123279 -0.0295522 0.0102231
internal_weight=4245 2566 1679 1591 389 360 115 102 80 1202 1141 61 42 2256 45 245 222 292 1964 937 922 446 476 52 1027 261 177 137 49 88
internal_count=4245 2566 1679 1591 389 360 115 102 80 1202 1141 61 42 2256 45 245 222 292 1964 937 922 446 476 52 1027 261 177 137 49 88
is_linear=0
shrinkage=0.035


Tree=75
num_leaves=31
num_cat=0
split_feature=6 0 20 0 3 20 3 47 6 3 2 2 0 50 2 10 9 0 10 0 0 57 10 0 10 0 47 3 10 6
split_gain=61.0328 26.0396 62.1706 26.9173 19.1062 19.2148 22.0929 23.3949 26.1081 22.3106 32.5012 37.3269 21.7801 19.7559 17.575 18.1809 17.443 22.7681 23.8682 17.4129 23.0896 15.3591 17.8038 12.9211 12.6075 14.6327 17.2737 16.5358 16.4773 16.0792
threshold=16.627881050109867 1990.5000000000002 1.0000000180025095e-35 1960.5000000000002 0.31299999356269842 1.0000000180025095e-35 1.7641500234603884 1.0000000180025095e-35 1.0000000180025095e-35 1.6155499815940859 100.50000000000001 106.50000000000001 1999.5000000000002 1.0000000180025095e-35 93.500000000000014 4.1443452835083017 4.2696731090545663 1999.5000000000002 3.7679487466812138 1971.5000000000002 1981.5000000000002 1.0000000180025095e-35 2.9309524297714238 1992.5000000000002 4.3660714626312265 2001.5000000000002 1.0000000180025095e-35 3.3537499904632573 3.769889354705811 11.90359687805176
decision_type=2 2 2 2 2 2 2 2 2 2 2 2 2 2 2 2 2 2 2 2 2 2 2 2 2 2 2 2 2 2
left_child=1 2 3 -1 -3 12 7 9 -9 13 -11 -12 -6 -7 -5 -16 17 18 23 -4 -21 22 -14 -2 25 -8 28 -28 -27 -30
right_child=16 4 19 14 5 6 24 8 -10 10 11 -13 21 -15 15 -17 -18 -19 -20 20 -22 -23 -24 -25 -26 26 27 -29 29 -31
leaf_value=-0.067086329011540671 0.006599699858921948 -0.049238470205893892 -0.0040497896025358388 0.018300824203170266 -0.016701963064229212 -0.010334617875167311 -0.010063984166438748 -0.070991668989261 -0.01131904379501939 -0.0053480209340491611 -0.10221508621940245 -0.022511896361057698 0.044835947101607043 0.029336970667965943 -0.04840584383742965 0.0019322532569368679 0.016541912444060978 0.0061321909578543714 -0.026765653682831264 0.017144633083214955 0.001848913160780533 -0.020965523540973665 0.0071205562488745886 -0.0045581163082158609 -0.029020654735815093 0.0073426596059763165 -0.042083225838219128 0.0075405898988246929 -0.043291102258364363 -0.0031084866428419075
leaf_weight=18 207 11.999999999999998 255 11.999999999999998 58 415 233 17 19 30 12.000000000000002 18 15.999999999999998 14.999999999999998 22 13.999999999999998 133 1231 44 182 358 20 167 326 23 276 20 12.999999999999998 13.999999999999998 67
leaf_count=18 207 12 255 12 58 415 233 17 19 30 12 18 16 15 22 14 133 1231 44 182 358 20 167 326 23 276 20 13 14 67
internal_value=-0.000220809 -0.00406979 0.000746405 -0.0316318 -0.00693925 -0.00654972 -0.00846128 -0.0137825 -0.0407022 -0.0117222 -0.0315707 -0.0567185 0.0020268 -0.00888181 -0.0172029 -0.0292595 0.0043508 0.00344438 -0.00228758 0.00347297 0.00702953 0.0074421 0.0106533 -0.000217259 -0.00411124 -0.0031438 0.00100126 -0.0228362 0.00326724 -0.0105182
internal_weight=4247 2306 861 66 1445 1433 1172 526 36 490 60 30 261 430 48 36 1941 1808 577 795 540 203 183 533 646 623 390 33 357 81
internal_count=4247 2306 861 66 1445 1433 1172 526 36 490 60 30 261 430 48 36 1941 1808 577 795 540 203 183 533 646 623 390 33 357 81
is_linear=0
shrinkage=0.035


Tree=76
num_leaves=31
num_cat=0
split_feature=9 0 50 58 9 10 2 5 9 0 0 0 5 25 5 2 4 54 64 0 4 10 10 4 25 0 4 9 0 4
split_gain=58.4583 28.2778 27.0848 26.2276 19.9552 16.6803 17.8414 14.8195 25.9655 13.6927 13.2474 33.2119 17.4903 21.3313 22.7822 23.4298 29.9984 21.0637 15.4265 15.0221 14.4536 23.0872 27.1901 20.5818 14.3794 14.2622 17.1945 16.7294 11.6308 11.4536
threshold=1.8688347935676577 2001.5000000000002 1.0000000180025095e-35 1.0000000180025095e-35 4.1026091575622567 3.1005952358245854 103.50000000000001 127500.00000000001 2.5249279737472539 2016.5000000000002 1984.5000000000002 1971.5000000000002 14550000.000000002 1.0000000180025095e-35 13100000.000000002 108.50000000000001 0.42771445214748388 1.0000000180025095e-35 1.0000000180025095e-35 2006.5000000000002 0.7552764117717744 2.3062499761581425 2.5732142925262456 0.80197915434837352 1.0000000180025095e-35 2007.5000000000002 0.56965085864067089 0.89587974548339855 1982.5000000000002 0.89480146765708934
decision_type=2 2 2 2 2 2 2 2 2 2 2 2 2 2 2 2 2 2 2 2 2 2 2 2 2 2 2 2 2 2
left_child=2 4 3 9 5 -2 7 8 -7 10 11 24 13 14 15 16 -12 -15 -17 -14 21 -18 -23 -22 -1 27 -27 -24 -8 -25
right_child=1 -3 -4 -5 -6 6 28 -9 -10 -11 12 -13 19 17 -16 18 20 -19 -20 -21 23 22 25 29 -26 26 -28 -29 -30 -31
leaf_value=-0.0069891245271258883 0.0051980922458602172 0.009661781789163602 0.011583116594930429 0.032407349192091955 0.012214097068168445 -0.01098816547288249 0.0088257273960074319 -0.0075732827545944032 -0.069618970464915039 0.011025477047405027 0.02287141115742701 0.012228132700199063 -0.0078164254861312274 0.035329925124645237 -0.045415383674852233 0.0013146705475183692 0.00018696700838895946 -0.0093469570010762532 -0.032272835786143941 0.0028093313798568638 0.011707020666450263 -0.068678071817755704 -0.047655556584894669 -0.02569527190132067 -0.044214528903365136 -0.035329213711074919 0.015889528103172779 -0.014798479552799837 -0.0036673713644303999 -0.011301564849207942
leaf_weight=150 371 781 131 22 169 29 132 195 12.999999999999998 61 26 158 320 24 22 240 38 26 17 330 41 19 39 83 12.999999999999998 11.999999999999998 20 39 290 382
leaf_count=150 371 781 131 22 169 29 132 195 13 61 26 158 320 24 22 240 38 26 17 330 41 19 39 83 13 12 20 39 290 382
internal_value=0.00011522 0.00448349 -0.0037926 -0.00476598 0.00110377 -0.000727563 -0.00406903 -0.0117318 -0.0303735 -0.00517936 -0.00567999 0.000827366 -0.00692564 -0.00976575 -0.0109089 -0.0100664 -0.0133849 0.0123359 -0.00101677 -0.00242309 -0.0148201 -0.0237606 -0.0307756 -0.0118249 -0.0102202 -0.0236533 -0.00375302 -0.0316444 0.000247912 -0.0139241
internal_weight=4193 1980 2213 2082 1199 1030 659 237 42 2060 1999 321 1678 1028 978 956 699 50 257 650 673 167 129 506 163 110 32 78 422 465
internal_count=4193 1980 2213 2082 1199 1030 659 237 42 2060 1999 321 1678 1028 978 956 699 50 257 650 673 167 129 506 163 110 32 78 422 465
is_linear=0
shrinkage=0.035


Tree=77
num_leaves=31
num_cat=0
split_feature=9 3 0 9 50 58 11 55 64 0 2 2 3 5 0 9 0 0 25 0 2 5 5 0 20 5 0 47 51 0
split_gain=42.7924 30.4441 25.2628 17.4486 17.4012 19.4366 15.9803 18.9578 15.4043 36.8879 18.6705 17.4791 16.5741 18.9412 13.3585 13.2578 11.4762 12.3884 21.0006 20.2795 15.5376 23.4597 15.3462 15.1547 15.7661 18.7921 23.0711 24.6239 14.2816 13.8089
threshold=1.8688347935676577 0.31299999356269842 2001.5000000000002 4.1026091575622567 1.0000000180025095e-35 1.0000000180025095e-35 3.3750000000000004 1.0000000180025095e-35 1.0000000180025095e-35 1999.5000000000002 131.50000000000003 83.500000000000014 0.87884998321533214 9902345.0000000019 1992.5000000000002 3.5972183942794804 2016.5000000000002 1990.5000000000002 1.0000000180025095e-35 1975.5000000000002 114.50000000000001 5976000.0000000009 951000.00000000012 2003.5000000000002 1.0000000180025095e-35 14550000.000000002 2008.5000000000002 1.0000000180025095e-35 1.0000000180025095e-35 2007.5000000000002
decision_type=2 2 2 2 2 2 2 2 2 2 2 2 2 2 2 2 2 2 2 2 2 2 2 2 2 2 2 2 2 2
left_child=1 -1 3 6 5 8 14 -8 11 10 -10 12 -3 -14 -2 -16 17 19 23 22 21 -20 -13 -19 29 26 -26 -28 -21 -25
right_child=2 4 -4 -5 -6 -7 7 -9 9 -11 -12 16 13 -15 15 -17 -18 18 20 28 -22 -23 -24 24 25 -27 27 -29 -30 -31
leaf_value=-0.054215997561812404 0.011143091044140359 -0.050256243653595448 0.0093143656441063913 0.011034025865834842 0.010311889508620822 0.027499240667670968 -0.0026390155756931492 -0.025671272249465502 -0.05885259345753327 0.0055804462932981559 -0.0082206649350623304 -0.019167623318769041 0.0001121014088326902 -0.037579863044635765 -0.0035846193176096767 0.016584555856209805 0.012124006238624906 -0.010040209564052915 0.062089390482753519 0.0012634419854148293 -0.011825148918231328 0.0035229253400313226 0.0021794876771644976 -0.01233058951298396 0.0028414023462246408 0.0015407779052701142 -0.012066021732798931 -0.051783959078292058 0.017074953265441971 0.020680665238348193
leaf_weight=12.999999999999998 194 14.999999999999998 758 187 123 24 506 47 26 39 13.999999999999998 74 56 22 264 46 65 494 14.999999999999998 167 13.999999999999998 18 91 20 127 390 238 20 120 60
leaf_count=13 194 15 758 187 123 24 506 47 26 39 14 74 56 22 264 46 65 494 15 167 14 18 91 20 127 390 238 20 120 60
internal_value=0.000562086 -0.00275457 0.0042817 0.00120875 -0.00242991 -0.00317839 -0.000536625 -0.00464251 -0.00354537 -0.0186139 -0.0418068 -0.00294209 -0.0176814 -0.0108379 0.00396525 -0.000542444 -0.00221577 -0.00272738 -0.00435768 0.00230247 0.0183956 0.0312387 -0.00744162 -0.00516476 -0.00233735 -0.00387029 -0.00934597 -0.0153397 0.00791694 0.0123559
internal_weight=4247 2245 2002 1244 2232 2109 1057 553 2085 79 40 2006 93 78 504 310 1913 1848 1396 452 47 33 165 1349 855 775 385 258 287 80
internal_count=4247 2245 2002 1244 2232 2109 1057 553 2085 79 40 2006 93 78 504 310 1913 1848 1396 452 47 33 165 1349 855 775 385 258 287 80
is_linear=0
shrinkage=0.035


Tree=78
num_leaves=31
num_cat=0
split_feature=8 50 58 3 0 0 3 51 57 59 10 51 10 10 10 10 10 10 10 10 5 5 0 20 10 12 8 5 3 8
split_gain=46.0272 24.6543 19.5679 19.3729 14.969 14.8379 14.1218 11.2551 14.9944 12.0374 11.6845 10.9377 15.2577 15.2172 10.9111 10.646 10.5206 10.4924 10.3461 11.4877 10.7395 10.4335 9.74829 19.26 15.7341 14.3659 14.2698 12.3142 26.8524 27.6465
threshold=9.5000000000000018 1.0000000180025095e-35 1.0000000180025095e-35 1.1281999945640566 2000.5000000000002 2016.5000000000002 1.1057000160217287 1.0000000180025095e-35 1.0000000180025095e-35 1.0000000180025095e-35 1.5416666865348818 1.0000000180025095e-35 2.5732142925262456 2.4895833730697636 4.8750000000000009 3.4985954761505131 2.9978448152542119 3.9128715991973881 4.8750000000000009 3.3908729553222661 1.0000000180025095e-35 3950000.0000000005 1992.5000000000002 1.0000000180025095e-35 4.0437979698181161 1.0000000180025095e-35 36.500000000000007 5275000.0000000009 2.8519499301910405 12.500000000000002
decision_type=2 2 2 2 2 2 2 2 2 2 2 2 2 2 2 2 2 2 2 2 2 2 2 2 2 2 2 2 2 2
left_child=1 2 3 6 22 7 11 9 10 14 -9 13 -13 -1 -5 -14 -4 -15 19 20 -12 -22 23 -2 -25 -26 27 28 29 -24
right_child=4 -3 16 5 -6 -7 -8 8 -10 -11 18 12 15 17 -16 -17 -18 -19 -20 -21 21 -23 26 24 25 -27 -28 -29 -30 -31
leaf_value=0.0044694239536337069 -0.028487557547657114 0.010261056840211738 0.00076026928977807994 -0.0052080605612266351 0.0095426927729147116 0.013098182101432288 -0.047317275216373113 -0.015105144531660094 -0.018854665797302859 0.017272076486658048 0.018575279859224195 -0.018522595344779066 0.018749219789355995 -0.027679313604063113 -0.037488725087103936 -0.0039486155545986872 0.04014388380758465 -0.0089167927023437298 0.033709220081567765 -0.0044345805650551082 -0.019203854246996343 0.0046655992885424324 -0.0029963014572858809 0.010482772232446334 -0.038508332230647403 0.00078176866621167097 0.0058254914088076669 -0.0031203411940315907 0.011830435029334493 -0.070364793435980885
leaf_weight=37 18 168 14.999999999999998 1334 555 70 11.999999999999998 47 46 28 64 52 39 94 11.999999999999998 68 18 62 11.999999999999998 215 23 342 13.000000000000002 344 13.999999999999998 47 189 208 17 17
leaf_count=37 18 168 15 1334 555 70 12 47 46 28 64 52 39 94 12 68 18 62 12 215 23 342 13 344 14 47 189 208 17 17
internal_value=-5.38168e-05 -0.00269122 -0.00353567 -0.00388559 0.00505854 -0.00264053 -0.0113541 -0.00316621 0.000283247 -0.00504671 0.001563 -0.0099926 -0.00315115 -0.0155745 -0.00552477 0.00440523 0.0228426 -0.0203379 0.00278105 0.00215067 0.00545768 0.00310836 0.00217836 0.0059751 0.00757748 -0.00868307 -0.00144017 -0.00683386 -0.0228243 -0.0422666
internal_weight=4180 2758 2590 2557 1422 2193 364 2123 749 1374 703 352 159 193 1346 107 33 156 656 644 429 365 867 423 405 61 444 255 47 30
internal_count=4180 2758 2590 2557 1422 2193 364 2123 749 1374 703 352 159 193 1346 107 33 156 656 644 429 365 867 423 405 61 444 255 47 30
is_linear=0
shrinkage=0.035


Tree=79
num_leaves=31
num_cat=0
split_feature=5 8 0 31 0 10 3 1 2 2 64 0 0 25 0 2 51 0 8 0 0 0 5 5 0 3 5 0 2 3
split_gain=44.5986 18.9151 17.4189 23.6451 24.3213 15.7644 13.9037 21.4512 12.9214 11.4441 11.335 10.2302 23.6129 15.6885 15.5139 13.6463 13.6936 11.8718 9.88623 15.4472 9.45188 9.17319 16.2703 20.3581 15.0137 12.642 12.3093 14.2401 18.4657 10.7482
threshold=33250000.000000004 2.5000000000000004 2001.5000000000002 1.0000000180025095e-35 1991.5000000000002 3.8402127027511601 7.2281000614166269 7.5000000000000009 76.500000000000014 102.50000000000001 1.0000000180025095e-35 1984.5000000000002 1974.5000000000002 1.0000000180025095e-35 2012.5000000000002 82.500000000000014 1.0000000180025095e-35 2016.5000000000002 39.500000000000007 2003.5000000000002 1985.5000000000002 1995.5000000000002 1.0000000180025095e-35 5976000.0000000009 1991.5000000000002 4.801650047302247 14550000.000000002 2013.5000000000002 95.500000000000014 0.76764997839927684
decision_type=2 2 2 2 2 2 2 2 2 2 2 2 2 2 2 2 2 2 2 2 2 2 2 2 2 2 2 2 2 2
left_child=1 6 3 4 5 -3 8 -8 -1 -5 -6 12 -10 15 -15 16 -13 20 19 -2 -17 22 -22 24 -24 26 27 29 -29 -23
right_child=18 2 -4 9 10 -7 7 -9 11 -11 -12 13 -14 14 -16 17 -18 -19 -20 -21 21 25 23 -25 -26 -27 -28 28 -30 -31
leaf_value=0.0251622613019803 -0.0019304105851407232 0.0057689420464236973 0.0047975448017399201 -0.0084239869026037344 -0.0063729622036289308 -0.0056211851469099615 0.0033126766905188557 -0.056854839188046756 -0.0077565278612265632 -0.055306692131360372 -0.037298048433413111 -0.0063457253742963083 0.016282140255112341 0.02363625863033372 -0.020933326749847488 -0.033201214694314536 -0.053526243875268852 0.014399917825683952 0.012601157185032243 0.0074895456584856204 0.011379572942014785 0.0047556547493326903 -0.012224938851983651 0.00073698315441142774 -0.059477669887244705 0.013247830257927678 -0.0024088755516822442 -0.047811451176001184 -0.0144558752231873 -0.012568261899581136
leaf_weight=15.999999999999998 329 516 593 12.000000000000002 546 208 13.000000000000002 14.999999999999998 130 13.999999999999998 13.999999999999998 15 80 36 11.999999999999998 17 15 29 208 602 79 50 22 79 12.999999999999998 28 173 30 64 325
leaf_count=16 329 516 593 12 546 208 13 15 130 14 14 15 80 36 12 17 15 29 208 602 79 50 22 79 13 28 173 30 64 325
internal_value=-0.000217388 -0.00236752 -0.000173654 -0.00242725 -0.00174281 0.00249099 -0.00572742 -0.0297086 -0.0051484 -0.0348467 -0.00721432 -0.00557568 0.00142653 -0.00706722 0.0122583 -0.00806896 -0.0309581 -0.00727843 0.00571298 0.00416031 -0.00801035 -0.00747424 -0.000736013 -0.00917306 -0.0309892 -0.00940866 -0.0104186 -0.013358 -0.0255109 -0.0102472
internal_weight=4283 3144 1903 1310 1284 724 1241 28 1213 26 560 1197 210 987 48 939 30 909 1139 931 880 863 193 114 35 670 642 469 94 375
internal_count=4283 3144 1903 1310 1284 724 1241 28 1213 26 560 1197 210 987 48 939 30 909 1139 931 880 863 193 114 35 670 642 469 94 375
is_linear=0
shrinkage=0.035


Tree=80
num_leaves=31
num_cat=0
split_feature=5 3 0 0 57 3 20 9 0 50 61 0 10 0 0 3 0 9 0 3 10 52 1 10 51 10 5 3 62 10
split_gain=46.6912 24.1578 18.2119 22.6036 28.5526 37.463 21.5265 20.5107 19.2403 18.1632 19.005 23.1659 27.2693 21.2067 22.5948 17.8798 17.3254 17.1279 19.246 16.6879 16.2538 22.3388 20.1333 14.3068 12.914 12.7235 17.0231 12.6552 12.3851 16.7756
threshold=905000.00000000012 6.1027500629425058 1972.5000000000002 1993.5000000000002 1.0000000180025095e-35 2.81784999370575 1.0000000180025095e-35 2.6020033359527592 2009.5000000000002 1.0000000180025095e-35 1.0000000180025095e-35 1998.5000000000002 3.5457535982131962 2008.5000000000002 2010.5000000000002 1.3111499547958376 2012.5000000000002 0.89587974548339855 1984.5000000000002 1.6935999989509585 2.6680108308792119 1.0000000180025095e-35 15.500000000000002 4.1594209671020517 1.0000000180025095e-35 3.997916698455811 2350000.0000000005 1.2459999918937685 1.0000000180025095e-35 3.8526501655578618
decision_type=2 2 2 2 2 2 2 2 2 2 2 2 2 2 2 2 2 2 2 2 2 2 2 2 2 2 2 2 2 2
left_child=2 17 6 23 5 7 -1 9 -6 10 11 12 15 20 -15 -5 -16 18 -2 -17 22 24 -13 -4 -22 26 -20 -14 -19 -30
right_child=1 -3 3 4 8 -7 -8 -9 -10 -11 -12 13 27 14 16 19 -18 28 25 -21 21 -23 -24 -25 -26 -27 -28 -29 29 -31
leaf_value=-0.044448695074653995 0.010480054394808414 0.007614966085514146 0.0061687345230125009 0.01116688855619807 -0.012615944645678003 0.016423308760111395 -0.010343045015226713 -0.050076287978328769 -0.058715501410157793 0.025934344361810122 0.0043314888976418824 0.007401515701642403 -0.086415059495430727 -0.052360717224827776 0.014948794737458228 -0.061538527066890995 -0.022250245855286205 0.002441828201752289 -0.045018478220535653 -0.0037968911465543968 0.0056201864560482219 -0.027680569853074852 -0.053726871471852067 -0.019963442384169021 0.037295670976241431 0.0019945857955886207 -0.0098622135288105959 -0.033861711621781192 -0.0036499287945218387 -0.042019033618768055
leaf_weight=32 77 672 222 18 23 70 76 14.999999999999998 22 15.999999999999998 77 12.000000000000002 12.000000000000002 22 20 12.000000000000002 57 1965 17 11.999999999999998 66 19 12.999999999999998 28 20 108 311 13.999999999999998 209 13.999999999999998
leaf_count=32 77 672 222 18 23 70 76 15 22 16 77 12 12 22 20 12 57 1965 17 12 66 19 13 28 20 108 311 14 209 14
internal_value=-0.000189594 0.00168183 -0.00737475 -0.00546781 -0.00962067 -0.00704964 -0.0207796 -0.0111415 -0.035978 -0.00951525 -0.0111016 -0.0151097 -0.0329277 -0.00969105 -0.0218089 -0.0148184 -0.0124979 0.000202766 -0.00554619 -0.0340444 -0.000353483 0.0057184 -0.0251618 0.00316708 0.0133507 -0.00839802 -0.011821 -0.0604841 0.00155339 -0.0062434
internal_weight=4251 3373 878 770 520 475 108 405 45 390 374 297 68 229 99 42 77 2701 513 24 130 105 25 250 86 436 328 26 2188 223
internal_count=4251 3373 878 770 520 475 108 405 45 390 374 297 68 229 99 42 77 2701 513 24 130 105 25 250 86 436 328 26 2188 223
is_linear=0
shrinkage=0.035


Tree=81
num_leaves=31
num_cat=0
split_feature=5 3 2 62 0 0 0 8 0 51 0 52 2 0 0 8 48 3 64 0 3 3 61 5 0 0 0 5 2 12
split_gain=37.3166 21.5548 18.0597 17.3791 19.8908 15.2106 11.6713 13.6997 11.0053 14.5527 15.4776 10.0158 10.7356 10.5628 13.6493 10.5288 14.6083 27.3956 12.3643 11.6403 10.5356 9.88696 16.5097 13.0666 9.21346 13.0563 9.37447 24.3207 8.55953 13.1214
threshold=26500000.000000004 1.0904499888420107 79.500000000000014 1.0000000180025095e-35 1992.5000000000002 2016.5000000000002 2007.5000000000002 27.500000000000004 2013.5000000000002 1.0000000180025095e-35 2006.5000000000002 1.0000000180025095e-35 94.500000000000014 1989.5000000000002 1970.5000000000002 9.5000000000000018 1.0000000180025095e-35 2.8361999988555913 1.0000000180025095e-35 1997.5000000000002 8.4818501472473162 0.90344998240470897 1.0000000180025095e-35 655000.00000000012 2000.5000000000002 1997.5000000000002 1993.5000000000002 1.0000000180025095e-35 116.50000000000001 1.0000000180025095e-35
decision_type=2 2 2 2 2 2 2 2 2 2 2 2 2 2 2 2 2 2 2 2 2 2 2 2 2 2 2 2 2 2
left_child=1 2 -1 5 -5 11 7 -2 9 21 24 15 -13 14 -14 18 20 -18 -3 -20 -17 28 23 -23 25 26 -11 -28 29 -4
right_child=6 3 8 4 -6 -7 -8 -9 -10 10 -12 12 13 -15 -16 16 17 -19 19 -21 -22 22 -24 -25 -26 -27 27 -29 -30 -31
leaf_value=0.027392785974343619 -0.00081758661084958243 -0.00025924500654921187 -0.012403895282738463 -0.00084997650566583636 -0.023085321667530901 0.023964784260257149 0.0089458066741344329 0.0084474802365561499 -0.039509079395409895 0.00010310486497283059 0.02560392089234665 -0.018702346112550453 -0.014532200812168109 -0.0073321571617387246 0.016882620437183127 0.0049648654362946052 -0.05232319564235708 0.0016714441200345756 -0.026416994475954497 0.0055964268694321329 0.021166417933302005 -0.058217024397951643 0.0071885340212521943 -0.020161453106337126 -0.025881568707823755 0.026956422583782114 0.0081218169182538987 -0.058936197933096152 -0.035545500629146895 0.023259044903516771
leaf_weight=13.999999999999998 560 1302 80 111 88 31 550 299 15.999999999999998 60 20 64 23 189 57 421 13.999999999999998 49 42 20 55 21 11.999999999999998 26 24 14.999999999999998 13.000000000000002 11.999999999999998 13.999999999999998 13.999999999999998
leaf_count=14 560 1302 80 111 88 31 550 299 16 60 20 64 23 189 57 421 14 49 42 20 55 21 12 26 24 15 13 12 14 14
internal_value=0.00032186 -0.00201057 -0.0102454 -0.000867449 -0.0107577 4.31867e-06 0.00496788 0.00241143 -0.0119408 -0.0103948 -0.00219986 -0.000337652 -0.00592842 -0.00282478 0.00776135 0.00064234 0.00477957 -0.0109301 -0.000993555 -0.0161374 0.00688101 -0.0173955 -0.0288614 -0.0380601 -0.0068673 -0.00207548 -0.00747297 -0.0250275 -0.0109084 -0.00688505
internal_weight=4216 2807 341 2466 199 2267 1409 859 327 311 144 2236 333 269 80 1903 539 63 1364 62 476 167 59 47 124 100 85 25 108 94
internal_count=4216 2807 341 2466 199 2267 1409 859 327 311 144 2236 333 269 80 1903 539 63 1364 62 476 167 59 47 124 100 85 25 108 94
is_linear=0
shrinkage=0.035


Tree=82
num_leaves=31
num_cat=0
split_feature=8 58 50 2 3 3 3 0 0 10 2 3 8 8 51 10 0 0 3 0 62 8 2 3 3 0 54 2 0 0
split_gain=37.2752 21.8436 22.4953 16.0398 17.1736 14.5446 13.3946 13.0382 14.2646 17.2487 13.7702 11.8684 11.3954 17.3079 11.3229 10.5942 10.144 23.9997 14.2049 11.7097 10.3586 9.60733 18.9495 15.0965 9.79433 11.2359 10.3165 22.9524 13.3542 9.57567
threshold=9.5000000000000018 1.0000000180025095e-35 1.0000000180025095e-35 82.500000000000014 0.31299999356269842 2.1090999841690068 1.7641500234603884 1999.5000000000002 1992.5000000000002 3.7094297409057622 103.50000000000001 5.3059499263763437 36.500000000000007 33.500000000000007 1.0000000180025095e-35 4.6833331584930429 2002.5000000000002 1991.5000000000002 3.3237498998641972 1975.5000000000002 1.0000000180025095e-35 1.5000000000000002 88.500000000000014 1.8826500177383425 0.69154998660087597 1993.5000000000002 1.0000000180025095e-35 105.50000000000001 2007.5000000000002 1990.5000000000002
decision_type=2 2 2 2 2 2 2 2 2 2 2 2 2 2 2 2 2 2 2 2 2 2 2 2 2 2 2 2 2 2
left_child=1 2 3 6 -5 14 -1 8 9 -2 -11 -3 13 -10 21 29 17 18 -7 -20 -18 22 -6 24 -24 -26 -27 28 -28 -16
right_child=7 11 -4 4 5 16 -8 -9 12 10 -12 -13 -14 -15 15 -17 20 -19 19 -21 -22 -23 23 -25 25 26 27 -29 -30 -31
leaf_value=-0.0043915435146631267 0.012502453890885227 0.039535614921346954 0.0098868090914219966 -0.04011651921073596 -0.042053429957032207 0.0079451002950735594 -0.033402311335484956 0.0086897652258134585 -0.0053599952037048327 -0.01609760568640195 0.0043348944032948625 0.0044079203107752485 0.0041191267393501192 -0.044340842903157082 0.0049619066735220726 0.0242564938608557 0.0039522254450035758 -0.013336076419364113 -0.030643568355914044 -0.0011474229275268348 -0.0089160807349307602 -0.0044674819076075583 0.018589820177398745 -0.031734560158848762 0.0010499643409328367 0.0015527135625959853 -0.052084992310392771 -0.0064592909709933928 -0.012405938496192297 -0.0053952974565305211
leaf_weight=40 244 22 169 13.999999999999998 24 191 38 623 212 55 144 25 164 13.999999999999998 154 18 701 194 22 59 85 389 15.999999999999998 34 87 36 30 67 17 370
leaf_count=40 244 22 169 14 24 191 38 623 212 55 144 25 164 14 154 18 701 194 22 59 85 389 16 34 87 36 30 67 17 370
internal_value=0.000321735 -0.00203833 -0.00244589 -0.00325604 -0.0027649 -0.00253853 -0.0187911 0.00486306 0.00199198 0.00628422 -0.00135578 0.0213682 -0.0028827 -0.00796714 -0.00522051 -0.00141471 0.000122671 -0.00396247 0.00274107 -0.00945607 0.00254883 -0.00815858 -0.0127407 -0.0101459 -0.00712421 -0.00893835 -0.0147117 -0.0198319 -0.0383269 -0.0023444
internal_weight=4258 2802 2755 2586 2508 2494 78 1456 833 443 199 47 390 226 1242 542 1252 466 272 81 786 700 311 287 253 237 150 114 47 524
internal_count=4258 2802 2755 2586 2508 2494 78 1456 833 443 199 47 390 226 1242 542 1252 466 272 81 786 700 311 287 253 237 150 114 47 524
is_linear=0
shrinkage=0.035


Tree=83
num_leaves=31
num_cat=0
split_feature=8 50 5 57 5 3 8 1 2 3 1 1 2 1 8 2 10 3 10 3 65 3 3 5 5 62 3 55 3 3
split_gain=50.1234 32.5513 32.2041 16.4488 20.484 16.1056 29.257 25.284 34.4498 32.003 16.0514 14.8535 11.7864 11.6033 12.6777 15.8203 10.5179 12.2943 10.9836 9.79898 11.3495 9.58602 15.0102 21.0714 14.9399 9.13941 9.85429 9.84757 9.07707 10.0714
threshold=18.500000000000004 1.0000000180025095e-35 2931025.5000000005 1.0000000180025095e-35 94000.000000000015 0.78949999809265148 3.5000000000000004 13.500000000000002 96.500000000000014 0.64110001921653759 7.5000000000000009 8.5000000000000018 91.500000000000014 33.500000000000007 1.5000000000000002 85.500000000000014 2.9978448152542119 7.6045999526977548 3.7211111783981328 4.9095499515533456 1.0000000180025095e-35 1.3716999888420107 0.85545000433921825 5550000.0000000009 24250000.000000004 1.0000000180025095e-35 2.2779500484466557 1.0000000180025095e-35 10.178250312805178 1.3716999888420107
decision_type=2 2 2 2 2 2 2 2 2 2 2 2 2 2 2 2 2 2 2 2 2 2 2 2 2 2 2 2 2 2
left_child=1 2 3 5 11 6 7 8 -1 -9 -4 -5 -6 14 15 -12 -16 25 -19 20 -15 22 -17 -24 -23 26 -18 -28 29 -2
right_child=28 -3 10 4 12 -7 -8 9 -10 -11 13 -13 -14 19 16 21 17 18 -20 -21 -22 24 23 -25 -26 -27 27 -29 -30 -31
leaf_value=-0.067622037397501514 0.032684858495369555 0.010445916971912212 0.0045991723024480739 -0.0630402276813984 0.0061824348485349009 -0.004935180359920582 -0.068859704515681824 0.025787415579339723 -0.00083305169865489014 -0.027677223494897287 -0.042782777419934678 -0.022574958131441638 -0.02110052443996481 0.0095568926734086439 0.0015267872624006933 0.0072794469129294171 -0.0081488618771167007 -0.0087735626240260899 -0.051254126271626989 -0.024334756242541167 -0.020366245425361043 0.0048689339902840169 -0.06860246993945196 -0.014701330444309862 -0.017674497285311848 -0.020030583632473901 0.0028953120643540439 -0.020876863077606844 0.013940595052464578 0.0045527953567527386
leaf_weight=18 14.999999999999998 227 514 17 36 793 11.999999999999998 31 19 23 17 35 40 182 516 17 245 19.000000000000004 11.999999999999998 11.999999999999998 15.999999999999998 94 11.999999999999998 31 57 40 295 22 182 706
leaf_count=18 15 227 514 17 36 793 12 31 19 23 17 35 40 182 516 17 245 19 12 12 16 94 12 31 57 40 295 22 182 706
internal_value=-0.000348781 -0.00232108 -0.00325208 -0.00833833 -0.020043 -0.00664381 -0.0196078 -0.0124162 -0.0342955 0.00289444 -0.000769484 -0.0367768 -0.00824184 -0.0025112 -0.00368096 -0.0112037 -0.00217822 -0.00519882 -0.0263602 0.00513191 0.00703988 -0.0084614 -0.0201843 -0.0310006 -0.00368962 -0.00406431 -0.00289125 0.00117954 0.00696506 0.00518495
internal_weight=4255 3352 3125 1024 128 896 103 91 37 54 2101 52 76 1587 1377 228 1149 633 31 210 198 211 60 43 151 602 562 317 903 721
internal_count=4255 3352 3125 1024 128 896 103 91 37 54 2101 52 76 1587 1377 228 1149 633 31 210 198 211 60 43 151 602 562 317 903 721
is_linear=0
shrinkage=0.035


Tree=84
num_leaves=31
num_cat=0
split_feature=8 0 3 58 0 8 50 0 0 64 25 54 0 50 3 5 3 61 0 2 47 10 2 5 48 2 5 0 5 3
split_gain=39.2708 19.9894 24.7876 15.8193 15.9523 13.8421 13.432 13.0627 12.4415 14.9888 12.0788 18.6321 11.7547 11.6924 11.777 20.8933 22.2775 12.9652 10.9021 78.2984 10.6107 9.88146 20.2824 11.0808 9.63157 9.3364 16.9551 9.42321 13.3406 11.9162
threshold=2.5000000000000004 2001.5000000000002 0.71780002117156994 1.0000000180025095e-35 2016.5000000000002 21.500000000000004 1.0000000180025095e-35 1993.5000000000002 1991.5000000000002 1.0000000180025095e-35 1.0000000180025095e-35 1.0000000180025095e-35 1942.5000000000002 1.0000000180025095e-35 2.2081500291824345 15750000.000000002 2.3686999082565312 1.0000000180025095e-35 1996.5000000000002 103.50000000000001 1.0000000180025095e-35 3.8084077835083012 102.50000000000001 4489125.0000000009 1.0000000180025095e-35 91.500000000000014 17500.000000000004 1977.5000000000002 352500.00000000006 1.6033499836921694
decision_type=2 2 2 2 2 2 2 2 2 2 2 2 2 2 2 2 2 2 2 2 2 2 2 2 2 2 2 2 2 2
left_child=3 2 -2 4 6 8 7 20 12 13 18 -12 -4 14 17 16 -16 -10 19 -9 24 23 -23 -7 25 26 -1 28 -27 -29
right_child=1 -3 5 -5 -6 21 -8 10 9 -11 11 -13 -14 -15 15 -17 -18 -19 -20 -21 -22 22 -24 -25 -26 27 -28 29 -30 -31
leaf_value=-0.041584169728122657 -0.039242007600516084 0.0054327781922971731 -0.021577171639897502 0.029416728567332032 0.014235959980636835 0.023251396978947712 0.0086251273447647703 -0.080777346003800654 -0.0060238507678784898 -0.038619973659953656 0.028658844764828686 -0.014098588513135911 0.0025568029711482134 0.012101927592630754 -0.062825970708392562 -0.003440145346908658 -0.017056593669578436 0.012800986846412222 -0.0096598938476892948 0.022864033499525656 0.010647898910918099 -0.025734519977449771 0.003537689139635594 0.0051446002190144047 -0.02866373938228935 -0.033270694664369029 -0.002465221059085294 0.014567390893160073 -0.0013593240378191698 -0.0048114023941971769
leaf_weight=19 19 1193 25 14.999999999999998 47 46 69 17 176 15.999999999999998 24 24 500 43 14.999999999999998 134 80 59 785 17 68 36 133 364 18 20 43 81 69 73
leaf_count=19 19 1193 25 15 47 46 69 17 176 16 24 24 500 43 15 134 80 59 785 17 68 36 133 364 18 20 43 81 69 73
internal_value=-0.00037394 0.00198499 -0.000514637 -0.00519462 -0.00559486 -3.74795e-05 -0.00630875 -0.00713544 -0.00243754 -0.0062537 -0.00952893 0.00739299 0.0013654 -0.00515482 -0.00678039 -0.0124118 -0.0248807 -0.00125598 -0.0105306 -0.029734 -0.00181292 0.00430038 -0.00280222 0.00723198 -0.00446642 -0.00294365 -0.0149508 0.000161455 -0.00883986 0.00539827
internal_weight=4228 2839 1646 1389 1374 1627 1327 1258 1048 523 867 48 525 507 464 229 95 235 819 34 391 579 169 410 323 305 62 243 89 154
internal_count=4228 2839 1646 1389 1374 1627 1327 1258 1048 523 867 48 525 507 464 229 95 235 819 34 391 579 169 410 323 305 62 243 89 154
is_linear=0
shrinkage=0.035


Tree=85
num_leaves=31
num_cat=0
split_feature=9 5 0 0 20 20 0 25 47 5 0 9 3 0 0 0 0 10 3 10 12 0 3 0 9 10 57 55 5 3
split_gain=36.3635 21.4408 17.2419 18.4436 20.7009 20.3008 28.0813 19.7981 20.0462 18.86 18.367 17.8797 28.894 16.9666 15.9718 15.4574 14.9232 13.1831 13.166 12.2606 12.7866 12.4583 11.8187 11.7684 11.7301 23.0418 11.4893 11.4442 10.4594 10.2977
threshold=2.9700856208801274 8022880.0000000009 2013.5000000000002 2010.5000000000002 1.0000000180025095e-35 1.0000000180025095e-35 1975.5000000000002 1.0000000180025095e-35 1.0000000180025095e-35 94000.000000000015 2011.5000000000002 1.2424533367156985 2.9141999483108525 2016.5000000000002 2000.5000000000002 1993.5000000000002 1995.5000000000002 2.4895833730697636 4.4079999923706064 2.5732142925262456 1.5000000000000002 2004.5000000000002 1.2120999693870547 2012.5000000000002 1.8688347935676577 3.1005952358245854 1.0000000180025095e-35 1.0000000180025095e-35 7960000.0000000009 1.3716999888420107
decision_type=2 2 2 2 2 2 2 2 2 2 2 2 2 2 2 2 2 2 2 2 2 2 2 2 2 2 2 2 2 2
left_child=1 2 3 5 -5 6 -1 8 11 10 -6 12 -8 18 -9 27 24 22 26 21 -21 -19 -18 -3 -17 -26 -4 28 -7 -2
right_child=29 23 13 4 9 15 7 14 -10 -11 -12 -13 -14 -15 -16 16 17 19 -20 20 -22 -23 -24 -25 25 -27 -28 -29 -30 -31
leaf_value=-0.041991284267045563 0.036078116327524189 -0.00043624134685276957 -0.02040006823549894 0.039696542057330197 0.012048595607280733 0.0027370580249735993 -0.021157627690020341 -0.011433878875130582 0.010345158634955684 0.01618194501050927 -0.036135693631742315 -0.0064749664951648037 -0.081863317395632088 0.017436721728183332 0.033168073840439322 -0.036902951498329645 0.029354583775003756 -0.0073592897718772286 0.0078709263131570301 -0.0040361456687911419 -0.036149108004057781 -0.05490969339586222 -0.0030106560342070283 0.0067117035005090434 0.022927805793471631 -0.037472889605164532 -0.05348637888138183 -0.020914705631788821 -0.027884755127131941 0.0057566879900231337
leaf_weight=37 12.999999999999998 1489 87 22 15.999999999999998 563 42 17 29 51 22 48 11.999999999999998 14.999999999999998 21 34 23 15.000000000000002 15.999999999999998 319 14.999999999999998 11.999999999999998 32 347 15.000000000000002 13.999999999999998 14.999999999999998 27 12.999999999999998 903
leaf_count=37 13 1489 87 22 16 563 42 17 29 51 22 48 12 15 21 34 23 15 16 319 15 12 32 347 15 14 15 27 13 903
internal_value=4.80948e-05 -0.00163344 -0.00468932 -0.00353609 0.0100887 -0.00471856 -0.0147643 -0.00858107 -0.0150202 0.00239074 -0.016014 -0.0222794 -0.0359227 -0.0166899 0.0133881 -0.00279249 -0.00747963 -0.00503985 -0.0211528 -0.00747728 -0.00558717 -0.0297616 0.0107751 0.00091667 -0.0232321 -0.00644995 -0.0257547 0.00093411 0.00199578 0.0062278
internal_weight=4284 3368 1532 1399 111 1288 206 169 131 89 38 102 54 133 38 1082 479 416 118 361 334 27 55 1836 63 29 102 603 576 916
internal_count=4284 3368 1532 1399 111 1288 206 169 131 89 38 102 54 133 38 1082 479 416 118 361 334 27 55 1836 63 29 102 603 576 916
is_linear=0
shrinkage=0.035


Tree=86
num_leaves=31
num_cat=0
split_feature=5 0 50 0 20 62 0 4 10 4 4 52 8 8 54 5 2 5 55 2 0 0 0 8 4 5 2 2 4 5
split_gain=26.6697 17.4666 15.6953 17.1825 41.632 23.3474 17.8291 17.3144 17.588 26.0515 17.1794 15.3737 16.7936 29.3626 16.4305 34.0752 20.5964 19.5316 15.3719 14.2489 14.3151 14.2083 21.5351 13.9885 14.712 13.9131 13.9011 19.2948 13.5517 11.9262
threshold=25848694.000000004 2016.5000000000002 1.0000000180025095e-35 1991.5000000000002 1.0000000180025095e-35 1.0000000180025095e-35 2001.5000000000002 0.7552764117717744 3.503472208976746 0.71485963463783275 1.22225958108902 1.0000000180025095e-35 15.500000000000002 12.500000000000002 1.0000000180025095e-35 1.0000000180025095e-35 100.50000000000001 10891086.500000002 1.0000000180025095e-35 87.500000000000014 2006.5000000000002 1975.5000000000002 1980.5000000000002 1.5000000000000002 0.80915078520774852 26287.500000000004 89.500000000000014 96.500000000000014 1.0167331695556643 2350000.0000000005
decision_type=2 2 2 2 2 2 2 2 2 2 2 2 2 2 2 2 2 2 2 2 2 2 2 2 2 2 2 2 2 2
left_child=1 2 3 4 -1 6 11 8 9 19 25 12 13 14 15 -5 -17 -18 21 -8 -21 -6 -23 24 -9 -7 -10 -28 -27 -4
right_child=-2 -3 29 5 18 10 7 23 26 -11 -12 -13 -14 -15 -16 16 17 -19 -20 20 -22 22 -24 -25 -26 28 27 -29 -30 -31
leaf_value=-0.024708220453090866 0.0038892009109614098 0.022204866043188509 0.024045650847111313 0.021882018737045345 -0.0022386211260950464 -0.068435620993375787 -0.042418894795576735 0.020920881865235667 -0.029718869488686326 -0.061922168721170991 -0.0096412642793887761 -0.023326399692382 0.0052752190343708849 -0.058047992704312011 -0.014597604302897358 -0.0019859239654210601 -0.065780778924934571 -0.010479578666761517 -0.014849797223514895 -0.024307928341779517 0.013418730679899455 0.022689870893327604 0.004152534016615206 0.0041798998685232229 -0.0076906435055164772 0.0036724430242410068 0.043074479535718767 -0.0038620257428602172 -0.047499307973632741 0.0018879386794856856
leaf_weight=72 1402 35 44 57 299 12.999999999999998 13.999999999999998 23 12.999999999999998 15.999999999999998 58 77 113 13.999999999999998 214 91 12.999999999999998 19 56 21 27 91 471 535 267 12.000000000000002 13.999999999999998 37 11.999999999999998 89
leaf_count=72 1402 35 44 57 299 13 14 23 13 16 58 77 113 14 214 91 13 19 56 21 27 91 471 535 267 12 14 37 12 89
internal_value=-5.32438e-05 -0.00201667 -0.0023299 -0.0029206 0.000729535 -0.00509547 -0.00406347 -0.0011209 -0.0123651 -0.0234147 -0.0218587 -0.00880903 -0.00661954 -0.00992304 -0.00806596 -0.000253151 -0.0106188 -0.0343113 0.00275347 -0.0126243 -0.0032102 0.00391633 0.00719221 0.000824982 -0.00535134 -0.0402065 0.00122763 0.00956943 -0.02272 0.00935611
internal_weight=4219 2817 2782 2649 989 1660 1565 967 142 78 95 598 521 408 394 180 123 32 917 62 48 861 562 825 290 37 64 51 24 133
internal_count=4219 2817 2782 2649 989 1660 1565 967 142 78 95 598 521 408 394 180 123 32 917 62 48 861 562 825 290 37 64 51 24 133
is_linear=0
shrinkage=0.035


Tree=87
num_leaves=31
num_cat=0
split_feature=8 50 58 4 0 62 61 64 48 4 63 0 11 11 0 0 11 8 8 2 4 2 2 4 8 11 0 0 2 2
split_gain=25.4507 16.7485 14.648 14.0133 13.0159 11.4057 26.1825 12.9738 17.6529 12.8238 17.3398 13.5503 11.058 11.0305 10.4821 12.308 14.1396 10.9249 16.3741 9.43691 14.3449 8.66203 13.6705 10.1903 11.8993 20.5804 18.1799 29.6722 32.7066 37.0734
threshold=9.5000000000000018 1.0000000180025095e-35 1.0000000180025095e-35 1.7682008147239687 2016.5000000000002 1.0000000180025095e-35 1.0000000180025095e-35 1.0000000180025095e-35 1.0000000180025095e-35 0.89480146765708934 1.0000000180025095e-35 2007.5000000000002 2.1250000000000004 2.8750000000000004 2000.5000000000002 1992.5000000000002 3.8750000000000004 36.500000000000007 33.500000000000007 84.500000000000014 1.1656944751739504 118.50000000000001 115.50000000000001 0.52564522624015819 1.5000000000000002 2.3750000000000004 2007.5000000000002 1993.5000000000002 106.50000000000001 100.50000000000001
decision_type=2 2 2 2 2 2 2 2 2 2 2 2 2 2 2 2 2 2 2 2 2 2 2 2 2 2 2 2 2 2
left_child=1 2 4 -4 5 7 12 9 13 10 21 -12 -7 -9 15 16 -2 18 -17 20 -11 22 23 -1 26 -26 27 -25 29 -29
right_child=14 -3 3 -5 -6 6 -8 8 -10 19 11 -13 -14 -15 -16 17 -18 -19 -20 -21 -22 -23 -24 24 25 -27 -28 28 -30 -31
leaf_value=0.0074913561324141684 0.012560218846658457 0.0087248450615801509 0.049144277293091787 0.0026725000476633966 0.012020371930699235 0.0088926225673311796 -0.059225776474063213 0.021729656965686725 -0.048404859003378084 0.0054384028084816481 -0.014681942363213426 -0.054891776799869084 -0.012205286072636956 -0.013310749429756496 0.0078379028897459912 -0.0046983014734811165 -4.0992190521633765e-05 0.004132479624612437 -0.041309229394420985 0.00049675458707594035 -0.026384445208311083 0.0083433158175968049 -0.035402687449008229 4.9629606006126257e-05 0.022663341810583677 -0.0056680737476685296 0.0053527883549149228 -0.028453545286105233 0.0051243826733983087 -0.090730792859569212
leaf_weight=75 206 181 11.999999999999998 21 72 38 11.999999999999998 11.999999999999998 14.999999999999998 30 57 11.999999999999998 139 72 573 244 230 185 14.999999999999998 1536 39 62 17 61 37 180 51 51 22 14.999999999999998
leaf_count=75 206 181 12 21 72 38 12 12 15 30 57 12 139 72 573 244 230 185 15 1536 39 62 17 61 37 180 51 51 22 15
internal_value=0.000395435 -0.00154357 -0.00225181 0.0205712 -0.00254939 -0.0029688 -0.0112203 -0.00229822 -0.0146368 -0.00174706 -0.00593195 -0.0223842 -0.00764145 -0.00808764 0.00415702 0.00175211 0.0059239 -0.0023447 -0.00697608 -7.458e-05 -0.0126434 -0.00390513 -0.00541395 -0.00430449 -0.00644308 -0.000747543 -0.0125796 -0.0187239 -0.0316114 -0.0437765
internal_weight=4272 2819 2638 33 2605 2533 189 2344 99 2245 640 69 177 84 1453 880 436 444 259 1605 69 571 509 492 417 217 200 149 88 66
internal_count=4272 2819 2638 33 2605 2533 189 2344 99 2245 640 69 177 84 1453 880 436 444 259 1605 69 571 509 492 417 217 200 149 88 66
is_linear=0
shrinkage=0.035


Tree=88
num_leaves=31
num_cat=0
split_feature=8 50 62 0 20 0 3 20 8 47 54 2 5 20 3 51 0 47 5 3 3 2 3 2 5 3 0 2 0 0
split_gain=25.0111 18.7918 12.8671 16.1275 38.7259 24.0471 15.9136 13.4577 22.4382 12.0111 11.4928 14.8249 16.76 14.4397 15.8621 14.2906 10.4704 10.4545 10.4343 13.5126 13.2504 21.3726 11.59 12.8597 10.3998 9.29633 19.0906 11.5443 14.9433 10.1291
threshold=21.500000000000004 1.0000000180025095e-35 1.0000000180025095e-35 1975.5000000000002 1.0000000180025095e-35 1980.5000000000002 0.57864999771118175 1.0000000180025095e-35 1.5000000000000002 1.0000000180025095e-35 1.0000000180025095e-35 105.50000000000001 16650000.000000002 1.0000000180025095e-35 1.7529499530792239 1.0000000180025095e-35 1973.5000000000002 1.0000000180025095e-35 3420000.0000000005 1.7353999614715578 2.2200000286102299 90.500000000000014 4.2278501987457284 94.500000000000014 94000.000000000015 1.7074999809265139 2012.5000000000002 91.500000000000014 2003.5000000000002 2003.5000000000002
decision_type=2 2 2 2 2 2 2 2 2 2 2 2 2 2 2 2 2 2 2 2 2 2 2 2 2 2 2 2 2 2
left_child=1 2 3 4 -1 -5 7 -7 -9 24 13 12 18 14 15 -8 -6 -16 20 -20 25 -22 23 -21 -4 26 27 28 -12 -29
right_child=-2 -3 9 5 16 6 10 8 -10 -11 11 -13 -14 -15 17 -17 -18 -19 19 22 21 -23 -24 -25 -26 -27 -28 29 -30 -31
leaf_value=-0.044601485945058597 0.0059337434141111724 0.0086875181255558348 -0.033816980284488492 0.02001227737027942 -0.001655799632490786 -0.04906880009174347 0.0041506115438846442 0.01953755002606072 -0.031902905140072109 -0.0013690567948120898 0.039340437135056541 0.00039329819938931017 0.0035927230953020626 0.0011670961909958494 -0.0146109564402564 0.052569275505840778 -0.026531520822692826 0.017385463691734035 -0.033236839224919684 -0.025532014581340332 -0.056747005331516269 -0.0077668842683697855 -0.041312248498917771 0.0037202121215703867 -0.010729139891902694 0.014521833058757087 -0.04581531842511434 -0.015659912292830279 -0.0055111286140978339 0.011638822640899733
leaf_weight=32 807 232 30 70 214 12.999999999999998 11.999999999999998 18 22 141 15.999999999999998 801 127 1157 21 20 22 28 49 26 13.999999999999998 42 11.999999999999998 57 115 35 11.999999999999998 60 19 22
leaf_count=32 807 232 30 70 214 13 12 18 22 141 16 801 127 1157 21 20 22 28 49 26 14 42 12 57 115 35 12 60 19 22
internal_value=0.000392179 -0.000909049 -0.00160632 -0.00091051 -0.00907647 -8.18342e-05 -0.000634601 -0.0194355 -0.00880008 -0.00867879 -0.000232534 -0.00254133 -0.00732341 0.00217566 0.0163707 0.0351413 -0.00408427 0.00361975 -0.0111363 -0.0184431 -0.0062839 -0.0208234 -0.0105276 -0.00561717 -0.0157168 -0.00121248 -0.00557382 -0.00107836 0.0154671 -0.00826279
internal_weight=4246 3439 3207 2921 268 2653 2583 53 40 286 2530 1292 491 1238 81 32 236 49 364 144 220 56 95 83 145 164 129 117 35 82
internal_count=4246 3439 3207 2921 268 2653 2583 53 40 286 2530 1292 491 1238 81 32 236 49 364 144 220 56 95 83 145 164 129 117 35 82
is_linear=0
shrinkage=0.035


Tree=89
num_leaves=31
num_cat=0
split_feature=5 50 3 0 8 8 8 10 62 10 2 64 0 0 3 3 51 5 8 3 3 3 47 0 57 0 5 5 64 2
split_gain=24.2669 16.17 15.03 13.5275 15.601 11.7485 10.9159 15.1724 10.5167 8.47554 8.23284 8.19102 11.9437 8.24133 9.39595 8.17276 12.1202 8.31231 11.4984 13.8631 9.90702 7.90012 7.65945 7.52803 7.02552 17.9419 8.30019 48.9832 13.6665 12.4554
threshold=2931025.5000000005 1.0000000180025095e-35 0.47145000100135809 2009.5000000000002 8.5000000000000018 30.500000000000004 134.00000000000003 3.7094297409057622 1.0000000180025095e-35 3.8459624052047734 103.50000000000001 1.0000000180025095e-35 1990.5000000000002 2001.5000000000002 0.90344998240470897 8.6977500915527362 1.0000000180025095e-35 5275000.0000000009 1.5000000000000002 2.4974000453948979 2.4054000377655034 1.7074999809265139 1.0000000180025095e-35 1981.5000000000002 1.0000000180025095e-35 2007.5000000000002 1.0000000180025095e-35 115000.00000000001 1.0000000180025095e-35 79.500000000000014
decision_type=2 2 2 2 2 2 2 2 2 2 2 2 2 2 2 2 2 2 2 2 2 2 2 2 2 2 2 2 2 2
left_child=1 2 -1 4 8 24 7 -6 11 -7 -9 12 -2 14 -14 16 17 -5 19 21 -20 -19 -18 -12 26 -26 28 -28 29 -4
right_child=3 -3 5 15 6 9 -8 10 -10 -11 23 -13 13 -15 -16 -17 22 18 20 -21 -22 -23 -24 -25 25 -27 27 -29 -30 -31
leaf_value=-0.031032768652394967 0.0056824783465783645 0.014230866145520387 0.031893840066157281 0.016094512105733157 0.0048175627549475021 0.026461541683524849 0.020474415554643372 -0.017023419418063266 -0.014023775806733306 -0.0025022450688481335 0.01030319836297456 -0.014984448115077783 -0.031845561891380283 9.6365577031118691e-05 -0.005761575325054915 0.013668851547482376 0.012878033855297507 -0.0057457899046440934 0.028461823084775142 -0.0014485626296304606 0.00059373242454603323 -0.038988338701821008 -0.0037795361851046729 -0.0048221104474359894 -0.0047994970200010223 -0.034431991164386277 -0.070526035558929057 -0.0057419925524294238 -0.029467636217673621 -0.0015358295479337312
leaf_weight=26 255 54 12.999999999999998 34 871 24 42 51 89 24 50 52 17 441 315 132 200 13.999999999999998 15.999999999999998 67 196 25 40 191 90 34 13.999999999999998 316 20 547
leaf_count=26 255 54 13 34 871 24 42 51 89 24 50 52 17 441 315 132 200 14 16 67 196 25 40 191 90 34 14 316 20 547
internal_value=1.39466e-05 -0.00429675 -0.00521332 0.00163224 0.000353402 -0.00456319 0.00314736 0.00250306 -0.00252533 0.0121884 -0.00438771 -0.00156406 -0.000869601 -0.00303784 -0.00719408 0.00581685 0.00404302 -9.21012e-05 -0.00187326 -0.0112326 0.00282895 -0.0275408 0.0100903 -0.00164724 -0.00535354 -0.013149 -0.00427612 -0.00870046 -0.00174517 -0.000701196
internal_weight=4260 1162 1108 3098 2374 1082 1205 1163 1169 48 292 1080 1028 773 332 724 592 352 318 106 212 39 240 241 1034 124 910 330 580 560
internal_count=4260 1162 1108 3098 2374 1082 1205 1163 1169 48 292 1080 1028 773 332 724 592 352 318 106 212 39 240 241 1034 124 910 330 580 560
is_linear=0
shrinkage=0.035


Tree=90
num_leaves=31
num_cat=0
split_feature=5 56 0 0 4 0 20 0 10 9 0 10 4 55 9 0 0 1 4 62 21 4 47 61 50 0 4 5 5 5
split_gain=27.1554 15.7232 11.7768 16.3939 30.1391 9.82746 22.1538 22.661 13.6909 9.53084 11.0321 10.4532 9.39816 9.34851 9.05874 9.46635 21.4491 10.8319 8.79312 8.48868 9.76 9.41125 16.8599 12.4243 13.5926 12.1715 13.531 9.91879 9.58084 21.6063
threshold=21277725.000000004 1.0000000180025095e-35 2016.5000000000002 2015.5000000000002 1.1693813204765322 1991.5000000000002 1.0000000180025095e-35 1959.5000000000002 4.6833331584930429 2.9700856208801274 2006.5000000000002 3.7211111783981328 1.5756432414054873 1.0000000180025095e-35 4.135134458541871 1975.5000000000002 1980.5000000000002 43.500000000000007 1.0551652908325198 1.0000000180025095e-35 1.0000000180025095e-35 1.0062776207923891 1.0000000180025095e-35 1.0000000180025095e-35 1.0000000180025095e-35 1997.5000000000002 1.0209569931030276 763500.00000000012 1.0000000180025095e-35 1252500.0000000002
decision_type=2 2 2 2 2 2 2 2 2 2 2 2 2 2 2 2 2 2 2 2 2 2 2 2 2 2 2 2 2 2
left_child=1 2 3 5 -5 6 7 -1 19 10 11 -2 -13 14 15 17 -17 -8 -12 20 21 22 23 24 -7 28 -27 -24 -23 -30
right_child=9 -3 -4 4 -6 8 13 -9 -10 -11 18 12 -14 -15 -16 16 -18 -19 -20 -21 -22 25 27 -25 -26 26 -28 -29 29 -31
leaf_value=-0.05061490091779515 -0.0003599776887595245 -0.02389605360031128 0.020399695507282843 -0.06796438943652007 -0.0042512231514556338 -0.0095105049039633811 -0.033577706146698735 -0.0055257448949942401 0.020843217476271096 0.0074223551654000863 0.021779506992800412 -0.0069586939110324311 -0.043398209977035335 -0.010491804293925978 0.021194100449190425 0.021193486989286123 0.0023465601061549643 -0.0008739727105050878 0.0040723255332049037 -0.013827249768422919 0.018085812064389195 0.0043290550249318284 -0.04779418031479183 0.0050501086982644421 0.019387468374023834 0.03422508134742578 0.00055549532172301946 -0.0088338564923033137 -0.054372765609994531 -0.0086207095280643829
leaf_weight=18 517 39 28 11.999999999999998 31 412 11.999999999999998 50 27 541 36 28 11.999999999999998 62 33 88 442 277 510 97 25 53 18 109 20 13.999999999999998 588 14.999999999999998 12.999999999999998 141
leaf_count=18 517 39 28 12 31 412 12 50 27 541 36 28 12 62 33 88 442 277 510 97 25 53 18 109 20 14 588 15 13 141
internal_value=9.41569e-05 -0.00211498 -0.00177657 -0.00202798 -0.023212 -0.00165586 0.00107542 -0.018047 -0.00340729 0.00362038 0.00174896 -0.00171317 -0.0187251 0.00251818 0.00347816 0.00273722 0.00551318 -0.00234905 0.00528071 -0.00385706 -0.00315963 -0.00355773 -0.00698195 -0.00546437 -0.00812691 -0.0011204 0.00139687 -0.0309171 -0.00842111 -0.0128201
internal_weight=4268 2624 2585 2557 43 2514 982 68 1532 1644 1103 557 40 914 852 819 530 289 546 1505 1408 1383 574 541 432 809 602 33 207 154
internal_count=4268 2624 2585 2557 43 2514 982 68 1532 1644 1103 557 40 914 852 819 530 289 546 1505 1408 1383 574 541 432 809 602 33 207 154
is_linear=0
shrinkage=0.035


Tree=91
num_leaves=31
num_cat=0
split_feature=8 50 58 62 61 4 5 0 20 5 2 52 0 20 4 10 2 0 5 5 4 2 2 25 5 0 0 10 5 4
split_gain=27.1529 17.302 21.2391 15.4877 21.742 15.7 14.6285 13.7772 28.8153 14.9435 17.768 17.8569 11.3743 11.2832 16.0124 21.7325 18.0262 16.733 12.734 20.7013 14.1276 12.6675 12.5291 11.0423 10.6061 10.4457 11.9071 17.3626 10.2458 14.4054
threshold=10.500000000000002 1.0000000180025095e-35 1.0000000180025095e-35 1.0000000180025095e-35 1.0000000180025095e-35 0.27230378985404974 64700000.000000007 2002.5000000000002 1.0000000180025095e-35 115000.00000000001 89.500000000000014 1.0000000180025095e-35 1990.5000000000002 1.0000000180025095e-35 0.86972311139106762 3.5457535982131962 90.500000000000014 2009.5000000000002 115000.00000000001 1974325.0000000002 1.3945600986480715 103.50000000000001 118.50000000000001 1.0000000180025095e-35 2350000.0000000005 1999.5000000000002 1992.5000000000002 3.9929521083831792 161148.50000000003 1.0340204238891604
decision_type=2 2 2 2 2 2 2 2 2 2 2 2 2 2 2 2 2 2 2 2 2 2 2 2 2 2 2 2 2 2
left_child=1 2 3 5 28 -1 -4 8 9 10 -7 -12 -10 18 15 16 -15 -18 21 -20 -21 -9 -23 24 -11 26 27 -2 29 -5
right_child=25 -3 6 4 -6 7 -8 13 12 23 11 -13 -14 14 -16 -17 17 -19 19 20 -22 22 -24 -25 -26 -27 -28 -29 -30 -31
leaf_value=-0.037975393491983415 0.0093781347925254565 0.0083071957210672075 0.050007718561093019 -0.052091846563418712 -0.052854845756230263 -0.067100590944290162 0.0059103878131852704 0.043296598615853686 0.00078560276311959295 0.00056073056037227317 -0.0096651499321063362 -0.054706486419339978 -0.0062944122015494465 0.00088457913398742676 0.0011595607608116225 0.0084772295197860035 -0.016990790305064715 -0.053279766969308265 -0.037065046384930612 0.018749162885817915 -0.012027740167660846 -0.016424760699272154 0.030439394779503349 0.014186334449930293 -0.03494061658283075 0.0076265031180292788 -0.0030672511843073901 -0.0082780069356634366 -0.0050355544356163592 -0.0074952450999214012
leaf_weight=13.999999999999998 316 187 13.999999999999998 13.999999999999998 13.999999999999998 12.999999999999998 25 22 546 20 41 13.999999999999998 564 34 896 47 46 24 12.999999999999998 56 26 13.000000000000002 12.999999999999998 19 20 575 376 86 159 23
leaf_count=14 316 187 14 14 14 13 25 22 546 20 41 14 564 34 896 47 46 24 13 56 26 13 13 19 20 575 376 86 159 23
internal_value=-3.41486e-05 -0.0019575 -0.00267454 -0.00305598 -0.0121565 -0.00226769 0.0226384 -0.00204543 -0.0046305 -0.0203589 -0.0314412 -0.0219336 -0.00281266 0.000641899 -0.00061934 -0.0111246 -0.0199962 -0.0300326 0.00982861 0.00230774 0.00894221 0.0243271 0.00720203 -0.00724585 -0.0175665 0.00405277 0.00140286 0.00558544 -0.00898707 -0.0253425
internal_weight=4230 2877 2690 2651 210 2441 39 2427 1237 127 68 55 1110 1190 1047 151 104 70 143 95 82 48 26 59 40 1353 778 402 196 37
internal_count=4230 2877 2690 2651 210 2441 39 2427 1237 127 68 55 1110 1190 1047 151 104 70 143 95 82 48 26 59 40 1353 778 402 196 37
is_linear=0
shrinkage=0.035


Tree=92
num_leaves=31
num_cat=0
split_feature=8 0 20 8 0 10 10 10 54 2 3 3 20 53 0 25 3 0 11 64 0 7 2 0 12 8 2 10 0 3
split_gain=20.8579 17.2071 15.517 11.7072 12.452 16.1795 17.5577 11.7372 11.1549 18.2929 16.8392 14.4375 20.9598 11.3353 39.3005 17.0819 16.3575 10.6658 10.784 9.75699 16.8328 13.1384 11.8169 14.6008 8.76508 15.0954 18.0579 17.4265 15.2319 8.64128
threshold=5.5000000000000009 2001.5000000000002 1.0000000180025095e-35 109.50000000000001 1992.5000000000002 4.0115790367126474 4.0628955364227304 3.0843495130538945 1.0000000180025095e-35 108.50000000000001 5.6596999168396005 1.1281999945640566 1.0000000180025095e-35 1.0000000180025095e-35 1996.5000000000002 1.0000000180025095e-35 1.8346000313758852 2000.5000000000002 3.6250000000000004 1.0000000180025095e-35 1999.5000000000002 1.0000000180025095e-35 116.50000000000001 2007.5000000000002 1.0000000180025095e-35 13.500000000000002 101.50000000000001 3.436491966247559 1994.5000000000002 2.81784999370575
decision_type=2 2 2 2 2 2 2 2 2 2 2 2 2 2 2 2 2 2 2 2 2 2 2 2 2 2 2 2 2 2
left_child=8 2 -2 4 5 -4 -7 -6 13 10 11 12 -10 15 -15 29 -17 -14 -19 21 -21 22 23 -11 25 26 27 -9 -27 -1
right_child=1 -3 3 -5 7 6 -8 24 9 19 -12 -13 17 14 -16 16 -18 18 -20 20 -22 -23 -24 -25 -26 28 -28 -29 -30 -31
leaf_value=-0.0021836439935913388 -0.017038718424895179 0.0066796789473016413 0.0063731618550166074 0.015604217315196164 0.0021889147765571664 -0.040845340018885005 -0.001966509296000004 -0.07372160537590583 -0.048230962958885362 0.013066318488796242 -0.037968736204318711 -0.0050189499965700296 0.0019564739931374792 -0.068482056275010111 -0.0013022007695170212 0.041472483341271682 -0.0067137169949710385 -0.034556499054114669 2.6813231615556608e-05 -0.036656512585994991 0.0042518030697893767 -0.001469755087190284 0.024894605022072795 -0.029788140460848812 -0.0011253889705713869 -0.036127262138658099 -0.0074580199383199224 -0.017546844912568731 -0.00144722715601649 0.0045367722277277088
leaf_weight=685 61 770 471 62 248 17 69 14.000000000000002 23 31 23 434 41 11.999999999999998 60 23 12.999999999999998 30 17 22 26 352 49 12.999999999999998 136 17 28 13.999999999999998 114 355
leaf_count=685 61 770 471 62 248 17 69 14 23 31 23 434 41 12 60 23 13 30 17 22 26 352 49 13 136 17 28 14 114 355
internal_value=-1.51096e-06 0.00256691 3.07557e-05 0.000920786 9.90619e-05 0.00382036 -0.0100531 -0.00352827 -0.00235223 -0.00493756 -0.00921333 -0.00792927 -0.0191463 3.78657e-05 -0.0133075 0.000944019 0.0243134 -0.0110685 -0.0222712 0 -0.0148276 0.00162611 0.0132534 0 -0.00791654 -0.012814 -0.0278738 -0.0472682 -0.00620054 0.000110818
internal_weight=4230 2021 1251 1190 1128 557 86 571 2209 1061 568 545 111 1148 72 1076 36 88 47 493 48 445 93 44 323 187 56 28 131 1040
internal_count=4230 2021 1251 1190 1128 557 86 571 2209 1061 568 545 111 1148 72 1076 36 88 47 493 48 445 93 44 323 187 56 28 131 1040
is_linear=0
shrinkage=0.035


Tree=93
num_leaves=31
num_cat=0
split_feature=8 3 0 0 20 0 52 62 5 47 3 54 50 61 3 2 11 0 0 3 10 11 2 0 8 3 10 5 5 10
split_gain=22.0355 17.6996 19.3208 14.3874 19.9792 20.6966 10.5018 10.2586 10.9949 10.6053 13.0856 11.8796 9.95795 11.521 12.6401 12.6619 13.808 16.4703 26.191 12.9032 12.0138 9.76749 9.69295 9.63263 9.40648 9.06549 8.70429 8.31865 8.27267 15.6611
threshold=41.500000000000007 1.4142499566078188 1999.5000000000002 1993.5000000000002 1.0000000180025095e-35 1960.5000000000002 1.0000000180025095e-35 1.0000000180025095e-35 102500000.00000001 1.0000000180025095e-35 3.1338999271392827 1.0000000180025095e-35 1.0000000180025095e-35 1.0000000180025095e-35 0.31299999356269842 86.500000000000014 3.6250000000000004 1993.5000000000002 1996.5000000000002 0.76764997839927684 2.9978448152542119 2.3750000000000004 89.500000000000014 2013.5000000000002 1.5000000000000002 0.57864999771118175 3.6403125524520878 12250000.000000002 15150000.000000002 2.6680108308792119
decision_type=2 2 2 2 2 2 2 2 2 2 2 2 2 2 2 2 2 2 2 2 2 2 2 2 2 2 2 2 2 2
left_child=1 12 3 4 5 -3 -5 9 26 11 23 -4 13 14 -1 -16 17 21 -19 20 -20 -17 -6 -11 -7 -18 -9 -21 29 -13
right_child=-2 2 7 6 22 24 -8 8 -10 10 -12 28 -14 -15 15 16 25 18 19 27 -22 -23 -24 -25 -26 -27 -28 -29 -30 -31
leaf_value=-0.038248332223800183 0.0079271711621986124 -0.05337307827593759 0.0087380080466493235 -0.0060494370825137688 -0.0089526254265938944 0.015040708312764765 -0.02288449760988566 -0.0046211468056581995 0.0076339672232917967 -0.0080604906682173946 0.0027040542078765988 -0.020641196184018825 0.01494605122692883 0.0033339142042152102 0.005688544385135174 0.013407569877104834 0.024780586911241211 -0.051932632775770302 0.027290171829983584 -0.024416893692314628 -0.014981713087243194 -0.0092777315994834204 0.0025522045160609958 -0.040628369070016428 -0.016872192091523457 -0.0037980757216826595 -0.024397895389775701 -0.00633654341962129 0.0058681438024650564 0.0011523852147298252
leaf_weight=15.999999999999998 410 14.999999999999998 617 333 101 14.999999999999998 52 100 61 86 237 46 27 123 76 31 13.999999999999998 26 15.000000000000002 104 15.999999999999998 84 742 11.999999999999998 38 144 37 46 335 286
leaf_count=16 410 15 617 333 101 15 52 100 61 86 237 46 27 123 76 31 14 26 15 104 16 84 742 12 38 144 37 46 335 286
internal_value=0.000224853 -0.000599998 0.000545075 -0.00271789 -0.000316023 -0.0184251 -0.00838119 0.00287361 -0.00462588 0.00379415 -0.00174365 0.00524057 -0.00553348 -0.00635193 -0.00843996 -0.0075119 -0.00961309 -0.0137613 -0.019641 -0.0147329 0.00563136 -0.00308461 0.00116276 -0.0124362 -0.00769656 -0.00111486 -0.0101131 -0.0189625 0.00199445 -0.00191487
internal_weight=4245 3835 3113 1296 911 68 385 1817 198 1619 335 1284 722 695 572 556 480 322 207 181 31 115 843 98 53 158 137 150 667 332
internal_count=4245 3835 3113 1296 911 68 385 1817 198 1619 335 1284 722 695 572 556 480 322 207 181 31 115 843 98 53 158 137 150 667 332
is_linear=0
shrinkage=0.035


Tree=94
num_leaves=31
num_cat=0
split_feature=8 0 11 5 0 3 8 50 3 10 57 0 3 54 3 0 0 8 5 8 0 57 3 0 3 5 5 10 11 0
split_gain=19.6007 15.2285 14.7206 20.4403 24.7603 17.1863 12.7134 10.6951 9.50118 10.7823 17.9151 18.9234 11.7336 13.7161 13.3271 10.3659 11.8221 9.49866 9.9009 8.99169 14.4007 12.8404 16.7583 9.29496 12.3947 14.4072 11.7518 9.58867 9.12902 8.61802
threshold=5.5000000000000009 2001.5000000000002 3.3750000000000004 127500.00000000001 1996.5000000000002 2.7459000349044804 131.50000000000003 1.0000000180025095e-35 2.0940999984741215 3.0944941043853764 1.0000000180025095e-35 2007.5000000000002 0.57864999771118175 1.0000000180025095e-35 0.47145000100135809 1992.5000000000002 2002.5000000000002 35.500000000000007 154.00000000000003 1.5000000000000002 1993.5000000000002 1.0000000180025095e-35 0.71780002117156994 2001.5000000000002 1.3716999888420107 1196000.0000000002 309000.00000000006 2.6622807979583745 2.6250000000000004 2002.5000000000002
decision_type=2 2 2 2 2 2 2 2 2 2 2 2 2 2 2 2 2 2 2 2 2 2 2 2 2 2 2 2 2 2
left_child=7 2 17 4 5 -4 -5 8 9 19 12 -12 13 14 -11 -10 -17 18 -2 20 -1 22 -22 24 25 27 -26 -21 -27 -24
right_child=1 -3 3 6 -6 -7 -8 -9 15 10 11 -13 -14 -15 -16 16 -18 -19 -20 23 21 -23 29 -25 26 28 -28 -29 -30 -31
leaf_value=-0.0013934155997009049 0.016269211848732087 0.0064967324345867614 0.0042764597803354272 -0.0024692509532548805 -0.061367539572715769 -0.039571163554675881 0.017667270410624221 0.0077058568405973353 0.0068746212135689967 -0.0077141911834478372 -0.0039525433457211446 -0.059723454294582978 0.0011761281061347525 0.0087927505572171286 -0.058701715948489996 -0.012567478630482012 -0.00017044677402700882 0.01475957345080311 0.00055840507179705646 0.031478638335900463 0.011269568136996696 0.011045168101787569 -0.037497807760742755 0.0053221764805225233 -0.039851861222223811 -0.00021748626627959315 -0.010106224017865633 -0.004149274938274175 -0.032197326754165048 -0.019014439872957093
leaf_weight=92 55 777 34 605 13.999999999999998 14.999999999999998 40 127 203 13.000000000000002 18.000000000000004 11.999999999999998 530 13.999999999999998 11.999999999999998 110 626 92 404 22 17 15.999999999999998 46 90 21 31 68 14.999999999999998 15.999999999999998 109
leaf_count=92 55 777 34 605 14 15 40 127 203 13 18 12 530 14 12 110 626 92 404 22 17 16 46 90 21 31 68 15 16 109
internal_value=0.000170235 0.00264695 0.000266378 -0.00306909 -0.0219371 -0.00963425 -0.00119235 -0.00211292 -0.0027164 -0.00485946 -0.00161326 -0.0275243 -0.000198168 -0.0184807 -0.033572 -0.000105785 -0.00204018 0.00455321 0.00247604 -0.00842766 -0.0127863 -0.0183154 -0.0211048 -0.0037498 -0.00848284 0.0011536 -0.0175091 0.0172597 -0.0115847 -0.0247163
internal_weight=4244 2036 1259 708 63 49 645 2208 2081 1142 599 30 569 39 25 939 736 551 459 543 280 188 172 263 173 84 89 37 47 155
internal_count=4244 2036 1259 708 63 49 645 2208 2081 1142 599 30 569 39 25 939 736 551 459 543 280 188 172 263 173 84 89 37 47 155
is_linear=0
shrinkage=0.035


Tree=95
num_leaves=31
num_cat=0
split_feature=5 56 62 0 11 0 3 2 0 8 2 8 0 10 0 2 52 60 0 5 0 3 1 0 0 10 5 0 3 3
split_gain=17.5542 14.1845 12.9141 12.1621 11.4529 10.9381 10.4388 9.26666 15.172 18.8564 9.66433 9.85457 21.585 18.6117 14.7059 14.5416 16.8935 10.8554 10.1595 15.4948 15.5236 16.9091 12.7763 9.60629 15.6952 12.5331 29.1258 12.1804 11.784 11.747
threshold=26500000.000000004 1.0000000180025095e-35 1.0000000180025095e-35 1982.5000000000002 1.8750000000000002 2016.5000000000002 2.3948500156402592 95.500000000000014 2013.5000000000002 1.5000000000000002 72.500000000000014 1.5000000000000002 2001.5000000000002 4.051119565963746 1958.5000000000002 82.500000000000014 1.0000000180025095e-35 1.0000000180025095e-35 2009.5000000000002 3420000.0000000005 2004.5000000000002 1.078500032424927 6.5000000000000009 1991.5000000000002 1996.5000000000002 3.503472208976746 655000.00000000012 1963.5000000000002 2.2779500484466557 2.2081500291824345
decision_type=2 2 2 2 2 2 2 2 2 2 2 2 2 2 2 2 2 2 2 2 2 2 2 2 2 2 2 2 2 2
left_child=1 2 5 -4 -5 7 -6 8 10 -10 -1 14 13 -13 -12 -16 18 -14 19 20 21 -17 -20 27 25 -25 -27 -9 29 -26
right_child=-2 -3 3 4 6 -7 -8 23 9 -11 11 12 17 -15 15 16 -18 -19 22 -21 -22 -23 -24 24 28 26 -28 -29 -30 -31
leaf_value=0.027097471761015745 0.0031669986124747982 -0.023469425311726001 0.0040507526951541585 0.015346357863893113 -0.028670445795957771 0.019702474079473179 -0.0097244540081557005 -0.0059669086478032528 -0.009114091752644847 -0.059338523571307845 0.025036038171499967 -0.0036730387396389634 0.0065596671360996419 -0.036298384176000308 -0.034649007386465869 0.013328127934336662 -0.03829259342551232 0.038798607319593427 -0.0093483918735291806 0.0073631526575950179 -0.043239653203975069 -0.025982685675780322 0.034410611186614808 -0.0035385263442376238 -0.0022833576599567106 -0.057266871864348659 -0.0084583531919245926 0.0062813857519972288 0.0049583109329204471 -0.036102627396010438
leaf_weight=11.999999999999998 1395 35 61 13.999999999999998 57 31 98 122 33 11.999999999999998 12.999999999999998 322 164 22 29 24 19 12.999999999999998 15.000000000000002 45 21 28 15.999999999999998 156 410 19 62 519 416 11.999999999999998
leaf_count=12 1395 35 61 14 57 31 98 122 33 12 13 322 164 22 29 24 19 13 15 45 21 28 16 156 410 19 62 519 416 12
internal_value=-3.88751e-05 -0.00163727 -0.0013519 -0.00927496 -0.0140907 -0.000628977 -0.016842 -0.000889148 -0.00402885 -0.0235441 -0.0028145 -0.00334427 -0.000754749 -0.00586378 -0.00972641 -0.0121441 -0.00806691 0.009142 -0.00397137 -0.00866481 -0.0185347 -0.00789707 0.0135518 0.000553116 -0.00146765 -0.00940026 -0.0204874 0.00394181 0.000782266 -0.00333226
internal_weight=4195 2800 2765 230 169 2535 155 2504 788 45 743 731 521 344 210 197 168 177 149 118 73 52 31 1716 1075 237 81 641 838 422
internal_count=4195 2800 2765 230 169 2535 155 2504 788 45 743 731 521 344 210 197 168 177 149 118 73 52 31 1716 1075 237 81 641 838 422
is_linear=0
shrinkage=0.035


Tree=96
num_leaves=31
num_cat=0
split_feature=5 9 50 2 2 4 0 60 5 0 2 11 0 4 25 4 4 0 10 52 5 0 9 4 10 2 59 5 9 10
split_gain=17.8043 11.0932 10.8012 11.3701 11.7386 25.2381 10.1194 15.754 15.0885 24.8242 15.5319 23.232 14.3366 9.71837 9.68064 11.8524 21.777 11.7646 9.5967 8.82071 9.4584 11.6302 8.33206 14.4357 8.32342 10.0752 8.05436 6.65054 6.43166 5.97404
threshold=55500000.000000007 3.0677825212478642 1.0000000180025095e-35 73.500000000000014 93.500000000000014 0.38624751567840582 2001.5000000000002 1.0000000180025095e-35 94000.000000000015 1997.5000000000002 89.500000000000014 3.3750000000000004 1990.5000000000002 0.88138869404792797 1.0000000180025095e-35 0.64366802573204052 0.54104334115982067 2009.5000000000002 4.2449998855590829 1.0000000180025095e-35 5976000.0000000009 2011.5000000000002 0.89587974548339855 1.2679752111434939 3.8131127357482915 102.50000000000001 1.0000000180025095e-35 197500000.00000003 5.0906732082366952 1.8874999880790713
decision_type=2 2 2 2 2 2 2 2 2 2 2 2 2 2 2 2 2 2 2 2 2 2 2 2 2 2 2 2 2 2
left_child=1 2 3 -1 5 -5 8 14 9 10 12 -12 -7 -2 15 16 -8 22 19 20 21 -19 23 -17 -3 -26 -6 -15 -27 -10
right_child=13 24 -4 4 26 6 7 -9 29 -11 11 -13 -14 27 -16 17 -18 18 -20 -21 -22 -23 -24 -25 25 28 -28 -29 -30 -31
leaf_value=0.028245141931374868 0.032552502400241795 0.0063099390139311103 0.0073129862091587628 -0.049849081763997674 -0.0014068781398483526 -0.01498426426947117 0.0088730470854789002 0.026879427804247194 0.0086271624237415391 -0.067703458761939644 -0.061039020016789423 -0.0002728976500220597 0.031781437943474607 0.0038950470418309892 0.026448609087329645 -0.0082634017996709129 -0.049890067662629815 0.051407805059105159 -0.022224162224393624 -0.013633318414582927 0.0013660072324176631 0.013105932535408569 -0.0030582041924631376 -0.052234977269401926 -0.016904712704745018 -0.00031085144782799388 0.012157155164885759 0.018515753626278261 0.024455312771722675 -0.0076448280009713673
leaf_weight=13.999999999999998 14.999999999999998 418 155 14.999999999999998 2126 20 13.000000000000002 22 31 11.999999999999998 15.000000000000002 14.999999999999998 11.999999999999998 581 11.999999999999998 33 17 12.999999999999998 11.999999999999998 15.999999999999998 41 36 108 11.999999999999998 44 154 54 40 12.999999999999998 204
leaf_count=14 15 418 155 15 2126 20 13 22 31 12 15 15 12 581 12 33 17 13 12 16 41 36 108 12 44 154 54 40 13 204
internal_value=0.000175442 -0.000769328 -0.00165376 -0.00214392 -0.00230428 -0.00639451 -0.00530394 -0.00107745 -0.00986215 -0.0235486 -0.0140357 -0.0317013 0.00293149 0.00557363 -0.00312739 -0.00439597 -0.0249048 -0.00203597 0.00622958 0.00964472 0.0139066 0.0241276 -0.00842113 -0.0209078 0.00345333 -0.00220056 -0.00106467 0.00486787 0.00174073 -0.00546343
internal_weight=4273 3637 3008 2853 2839 659 644 335 309 74 62 30 32 636 313 301 30 271 118 106 90 49 153 45 629 211 2180 621 167 235
internal_count=4273 3637 3008 2853 2839 659 644 335 309 74 62 30 32 636 313 301 30 271 118 106 90 49 153 45 629 211 2180 621 167 235
is_linear=0
shrinkage=0.035


Tree=97
num_leaves=31
num_cat=0
split_feature=58 8 1 51 63 5 4 4 1 4 5 10 1 54 4 2 5 57 5 8 62 1 1 5 2 20 10 11 10 4
split_gain=21.1349 18.2295 15.2111 13.7118 13.6779 13.2103 12.3763 11.9383 16.7139 23.3834 27.8291 11.7774 11.1644 11.1203 26.4878 20.8987 21.6439 10.3938 10.6013 9.20979 12.9033 8.50737 14.6558 23.1206 72.598 10.6423 8.43635 9.22276 8.34093 20.5703
threshold=1.0000000180025095e-35 9.5000000000000018 1.5000000000000002 1.0000000180025095e-35 1.0000000180025095e-35 51250000.000000007 1.2253624200820925 0.88138869404792797 24.500000000000004 0.83774521946907055 7960000.0000000009 3.6769449710845952 44.500000000000007 1.0000000180025095e-35 1.3444821834564211 111.50000000000001 18750000.000000004 1.0000000180025095e-35 1.0000000180025095e-35 51.500000000000007 1.0000000180025095e-35 24.500000000000004 21.500000000000004 2350000.0000000005 98.500000000000014 1.0000000180025095e-35 4.2449998855590829 1.8750000000000002 3.6599026918411259 0.7552764117717744
decision_type=2 2 2 2 2 2 2 2 2 2 2 2 2 2 2 2 2 2 2 2 2 2 2 2 2 2 2 2 2 2
left_child=1 2 -1 6 7 -2 21 8 9 26 -11 -3 -10 17 -15 16 -16 18 -9 20 -13 22 28 24 -24 -23 27 -5 29 -4
right_child=5 11 3 4 -6 -7 -8 13 12 10 -12 19 -14 14 15 -17 -18 -19 -20 -21 -22 25 23 -25 -26 -27 -28 -29 -30 -31
leaf_value=0.012730919854821566 0.044217498333193363 0.0048922209116376734 -0.026494080026883908 0.017873361446460092 -0.01682237333217981 0.0096133435779472004 -0.0014638401154549402 0.020853676161644137 0.011698608316964686 -0.073138513324658067 -0.00713219416472647 -0.0029085115893488444 -0.013250456121204228 0.0039809418728595962 -0.074493796581278235 0.0037788143011960478 -0.010248356026525683 -0.013116044420388438 0.0056697735295104679 0.0051008664654148151 -0.026329807677771898 -0.024759973692636082 0.0089808689710063234 -0.0066116486160160129 -0.09946220841072502 -0.0014536503659591201 0.01874500536872074 -0.011244221106686486 -0.0013356984615833926 -0.0063328827616430366
leaf_weight=78 14.999999999999998 899 81 13.999999999999998 53 96 736 65 90 14.000000000000002 17 297 28 133 14.000000000000002 15.999999999999998 11.999999999999998 30 402 156 31 25 14.000000000000002 36 14.999999999999998 318 14.999999999999998 122 153 260
leaf_count=78 15 899 81 14 53 96 736 65 90 14 17 297 28 133 14 16 12 30 402 156 31 25 14 36 15 318 15 122 153 260
internal_value=-0.000342854 -0.000750498 -0.00240348 -0.00285204 0.000321287 0.0146583 -0.00483785 0.0012742 -0.00451882 -0.0111501 -0.0383502 0.0025237 0.00570219 0.00386585 -0.0037 -0.0275906 -0.0463847 0.00653547 0.00782695 -0.0018731 -0.00520073 -0.00758431 -0.0102458 -0.0257775 -0.0484977 -0.00322449 -0.00533894 -0.00812547 -0.0081507 -0.0111905
internal_weight=4235 4124 2741 2663 1025 111 1638 972 300 182 31 1383 118 672 175 42 26 497 467 484 328 902 559 65 29 343 151 136 494 341
internal_count=4235 4124 2741 2663 1025 111 1638 972 300 182 31 1383 118 672 175 42 26 497 467 484 328 902 559 65 29 343 151 136 494 341
is_linear=0
shrinkage=0.035


Tree=98
num_leaves=31
num_cat=0
split_feature=5 2 3 62 50 0 10 5 0 3 8 10 0 3 2 2 2 3 11 2 5 10 2 2 64 48 2 20 5 50
split_gain=18.4713 13.9735 14.7022 19.4056 12.7598 12.5433 11.9966 17.2675 10.7526 14.7079 9.85242 9.88727 15.0431 20.2573 17.8004 21.6924 13.5871 13.524 14.698 13.1235 10.7863 9.43476 9.65152 9.29701 9.01264 39.9863 8.99327 7.60537 7.3689 6.74598
threshold=28500000.000000004 72.500000000000014 1.1281999945640566 1.0000000180025095e-35 1.0000000180025095e-35 2016.5000000000002 1.0625000000000002 11965000.000000002 1984.5000000000002 2.4054000377655034 8.5000000000000018 3.9128715991973881 2000.5000000000002 0.69154998660087597 100.50000000000001 92.500000000000014 86.500000000000014 0.57864999771118175 2.3750000000000004 91.500000000000014 5275000.0000000009 3.1384943723678593 98.500000000000014 94.500000000000014 1.0000000180025095e-35 1.0000000180025095e-35 96.500000000000014 1.0000000180025095e-35 157500000.00000003 1.0000000180025095e-35
decision_type=2 2 2 2 2 2 2 2 2 2 2 2 2 2 2 2 2 2 2 2 2 2 2 2 2 2 2 2 2 2
left_child=1 -1 4 5 10 6 7 -4 -5 21 11 12 17 -14 15 -15 -13 -3 -19 -20 -21 22 -10 -11 -8 27 -18 -26 29 -2
right_child=28 2 3 8 -6 -7 24 -9 9 23 -12 16 13 14 -16 -17 26 18 19 20 -22 -23 -24 -25 25 -27 -28 -29 -30 -31
leaf_value=0.034245873647240493 0.001402461417841359 -0.039571689456701281 -0.038433511232646808 0.00096264874864919264 0.024397674260661004 0.021895761168952432 0.00030555643726137973 0.0072324604948128899 -0.00024527172082000311 0.011896173778244042 -0.038610427446663383 -0.030461576345562937 0.0028808155478909619 -0.020047050776389932 -0.0065599160877366867 -0.067450030016452084 0.026228426976269113 0.014370187685059177 -0.036799438197786617 0.0040222324139598887 -0.024104929431260604 -0.049996799374620121 -0.038883139733721817 -0.014101921490508399 -0.018605289777740834 -0.067713958398080795 -0.00023609913895661767 0.004494208276999416 0.012880874376230202 0.0095147838403379023
leaf_weight=11.999999999999998 1100 11.999999999999998 23 60 12.999999999999998 30 2132 17 17.000000000000004 21 12.999999999999998 13.999999999999998 27 25 23 24 19 44 17 60 22 20 13.999999999999998 72 23 11.999999999999998 73 63 86 141
leaf_count=12 1100 12 23 60 13 30 2132 17 17 21 13 14 27 25 23 24 19 44 17 60 22 20 14 72 23 12 73 63 86 141
internal_value=-0.00039213 -0.00195653 -0.00211925 -0.00113672 -0.00846906 -0.000216158 -0.000518669 -0.0192798 -0.0114554 -0.0166125 -0.0096814 -0.00852783 -0.0122626 -0.02286 -0.032444 -0.0441845 0.000436201 -0.00537962 -0.00224332 -0.00971447 -0.0037025 -0.0315595 -0.0184191 -0.00814866 -0.000172872 -0.0104968 0.00543384 -0.00180629 0.00302662 0.0023325
internal_weight=4229 2902 2890 2504 386 2300 2270 40 204 144 373 360 254 99 72 49 106 155 143 99 82 51 31 93 2230 98 92 86 1327 1241
internal_count=4229 2902 2890 2504 386 2300 2270 40 204 144 373 360 254 99 72 49 106 155 143 99 82 51 31 93 2230 98 92 86 1327 1241
is_linear=0
shrinkage=0.035


Tree=99
num_leaves=31
num_cat=0
split_feature=5 3 0 0 0 8 8 2 10 10 10 0 3 0 8 2 30 3 0 0 10 3 3 2 8 10 3 0 20 3
split_gain=17.7269 16.0822 13.468 13.1069 12.6568 12.255 11.2603 10.3991 9.18927 19.2266 41.6244 11.6194 13.731 13.7476 13.5303 37.8299 10.1543 10.0291 18.2782 25.1967 17.794 9.43879 10.0051 9.33094 9.00602 8.77783 8.51064 8.49116 38.0224 13.6881
threshold=2650000.0000000005 0.31299999356269842 1981.5000000000002 1997.5000000000002 1992.5000000000002 36.500000000000007 1.5000000000000002 87.500000000000014 3.3006024360656743 3.4290293455123906 3.3765244483947758 2008.5000000000002 0.64110001921653759 2006.5000000000002 1.5000000000000002 94.500000000000014 1.0000000180025095e-35 1.0103999972343447 1997.5000000000002 1993.5000000000002 3.6599026918411259 0.80965000391006481 0.97860002517700206 96.500000000000014 5.5000000000000009 3.4985954761505131 1.1958000063896181 1975.5000000000002 1.0000000180025095e-35 4.5040500164031991
decision_type=2 2 2 2 2 2 2 2 2 2 2 2 2 2 2 2 2 2 2 2 2 2 2 2 2 2 2 2 2 2
left_child=1 -1 -2 4 -4 7 25 -6 11 10 -10 12 -3 21 26 -16 17 18 19 -11 -20 -14 -23 -22 -24 -5 -13 28 -19 -29
right_child=2 8 3 6 5 -7 -8 -9 9 16 -12 14 13 -15 15 -17 -18 27 20 -21 23 22 24 -25 -26 -27 -28 29 -30 -31
leaf_value=-0.042649434538987972 0.009420753728600427 0.03485528970882297 0.00067843452991981962 -0.0085713535818276159 -0.039494301469996572 0.0014650107246153982 0.0033166276867972809 -0.010178050828263048 -0.0057508641514513242 -0.012796731086913496 -0.075688883709907548 -0.025895099809536571 -0.026232047945261003 0.030612880625222858 0.012165648528016529 -0.071550617229193453 0.023211956357583403 -0.050213874291628609 -0.02805636793871721 -0.071398900181055061 0.023666375110968949 0.021294958028942348 -0.0040830061447814769 -0.0072886260197214461 0.010497196593075334 0.0026204198785893494 0.0066980261078104387 -0.0020980165881535288 -0.0028129343787208199 0.021266238150296404
leaf_weight=11.999999999999998 224 14.999999999999998 492 193 14.999999999999998 120 1635 249 35 27 13.999999999999998 11.999999999999998 14.999999999999998 18 12.000000000000002 12.999999999999998 14.999999999999998 23 23 12.999999999999998 24 27 218 22 67 153 39 317 154 33
leaf_count=12 224 15 492 193 15 120 1635 249 35 27 14 12 15 18 12 13 15 23 23 13 24 27 218 22 67 153 39 317 154 33
internal_value=-0.000207204 -0.00391789 0.00117568 0.000525549 -0.00303642 -0.00779001 0.00210227 -0.0119931 -0.00347007 -0.00595179 -0.0268823 0.000514842 0.00315029 0.00167001 -0.0118249 -0.0323771 -0.00433488 -0.00502273 -0.014643 -0.033162 -0.00356188 -6.31988e-06 0.00132872 0.00898449 -0.000624542 -0.00362406 -0.00128779 -0.00300569 -0.00922971 0.000154225
internal_weight=4229 1148 3081 2857 876 384 1981 264 1136 700 49 436 360 345 76 25 651 636 109 40 69 327 312 46 285 346 51 527 177 350
internal_count=4229 1148 3081 2857 876 384 1981 264 1136 700 49 436 360 345 76 25 651 636 109 40 69 327 312 46 285 346 51 527 177 350
is_linear=0
shrinkage=0.035


Tree=100
num_leaves=31
num_cat=0
split_feature=8 50 58 61 62 4 52 8 2 4 51 4 0 0 5 2 4 10 2 2 2 8 0 10 4 10 2 0 2 0
split_gain=19.9285 14.143 13.8401 13.5555 28.5498 17.8034 12.1524 11.8256 11.6406 12.2595 13.1941 16.3316 10.8921 33.9885 30.5489 20.5282 19.1138 19.0473 17.0733 19.8028 39.6501 18.3651 17.0626 22.1012 23.4045 14.7726 15.0512 14.9905 13.522 12.1917
threshold=23.500000000000004 1.0000000180025095e-35 1.0000000180025095e-35 1.0000000180025095e-35 1.0000000180025095e-35 0.27230378985404974 1.0000000180025095e-35 7.5000000000000009 83.500000000000014 0.6306598186492921 1.0000000180025095e-35 1.1139441728591921 2002.5000000000002 1993.5000000000002 5976000.0000000009 130.50000000000003 0.61812710762023937 4.1654000282287607 115.50000000000001 103.50000000000001 101.50000000000001 11.500000000000002 2000.5000000000002 3.9128715991973881 0.85919114947319042 4.0211939811706552 127.50000000000001 1972.5000000000002 102.50000000000001 1980.5000000000002
decision_type=2 2 2 2 2 2 2 2 2 2 2 2 2 2 2 2 2 2 2 2 2 2 2 2 2 2 2 2 2 2
left_child=1 2 3 5 6 -1 7 -5 9 -7 -11 -12 13 25 15 17 28 18 19 20 21 22 23 24 -15 27 -27 -10 -14 -29
right_child=-2 -3 -4 4 -6 8 -8 -9 12 10 11 -13 16 14 -16 -17 -18 -19 -20 -21 -22 -23 -24 -25 -26 26 -28 29 -30 -31
leaf_value=-0.040192357012303545 0.0048821271169888665 0.0068923084764865679 0.015592852527568877 0.0020769838619015732 -0.03870111967846751 -0.045016481588361787 -0.01457130412521159 0.013684378583993143 -0.0091668004065501314 0.0024941366238949393 0.00038614580531915035 -0.041577607467519838 0.033542226129704547 0.021687948184320703 -0.0054217418704774686 0.019738937098246354 -0.0012194919631386065 0.007379802006664442 -0.069334680504523793 -0.0042039767022391686 -0.09183040385406753 -0.064843153882485169 -0.04963418689390852 -0.05168790083435866 -0.023981222757241794 -0.004694025061296998 -0.037402326128135127 0.015382565349311338 -0.0020120145366950468 0.0016481178531754881
leaf_weight=14.999999999999998 755 235 53 404 19 12.999999999999998 40 146 129 51 20 25 33 27 331 11.999999999999998 1154 18 11.999999999999998 37 11.999999999999998 11.999999999999998 17 11.999999999999998 26 63 23 95 21 456
leaf_count=15 755 235 53 404 19 13 40 146 129 51 20 25 33 27 331 12 1154 18 12 37 12 12 17 12 26 63 23 95 21 456
internal_value=-0.000272211 -0.00138216 -0.00197818 -0.00227241 0.00242555 -0.00336811 0.00381617 0.00518064 -0.00313953 -0.0142881 -0.00968777 -0.0232861 -0.00264525 -0.00489106 -0.0118252 -0.0231821 -0.000258347 -0.0262657 -0.0302064 -0.0264521 -0.0340897 -0.025811 -0.0193655 -0.0107905 -0.000712601 -0.000208398 -0.0137911 0.00152457 0.0198986 0.00404287
internal_weight=4266 3511 3276 3223 609 2614 590 550 2599 109 96 45 2490 1282 516 185 1208 173 155 143 106 94 82 65 53 766 86 680 54 551
internal_count=4266 3511 3276 3223 609 2614 590 550 2599 109 96 45 2490 1282 516 185 1208 173 155 143 106 94 82 65 53 766 86 680 54 551
is_linear=0
shrinkage=0.035


Tree=101
num_leaves=31
num_cat=0
split_feature=8 10 2 53 10 0 8 3 3 53 5 2 8 3 10 5 3 2 61 0 62 0 62 8 10 20 2 0 0 60
split_gain=15.5191 12.1506 14.0624 12.1277 28.8707 19.9816 21.3293 10.5524 10.3864 12.061 13.8702 39.9863 8.50093 8.24839 8.10017 11.6225 7.72431 25.0889 7.84679 9.0891 7.6132 7.28565 8.49329 6.76988 6.35366 12.7586 9.90064 8.22485 23.7503 8.81537
threshold=5.5000000000000009 3.3765244483947758 103.50000000000001 1.0000000180025095e-35 3.8992187976837163 2009.5000000000002 1.5000000000000002 1.0438999533653261 9.4185500144958514 1.0000000180025095e-35 127500.00000000001 90.500000000000014 61.500000000000007 0.64110001921653759 2.4895833730697636 17500.000000000004 0.80965000391006481 93.500000000000014 1.0000000180025095e-35 2000.5000000000002 1.0000000180025095e-35 2009.5000000000002 1.0000000180025095e-35 41.500000000000007 4.2886903285980233 1.0000000180025095e-35 129.50000000000003 1984.5000000000002 1971.5000000000002 1.0000000180025095e-35
decision_type=2 2 2 2 2 2 2 2 2 2 2 2 2 2 2 2 2 2 2 2 2 2 2 2 2 2 2 2 2 2
left_child=3 7 8 13 5 6 -5 -2 9 10 11 -3 21 14 -1 -16 17 -15 19 -19 -9 22 -4 -24 27 26 -26 28 -18 -30
right_child=1 2 12 4 -6 -7 -8 20 -10 -11 -12 -13 -14 16 15 -17 24 18 -20 -21 -22 -23 23 -25 25 -27 -28 -29 29 -31
leaf_value=-0.008682737000783286 0.036847954527689859 -0.079368248912004336 0.00025902631214654194 -0.043256416259209306 -0.045190986038400591 0.03814253927767277 0.015929375291367374 0.0064285754943285197 0.0078652967589762281 0.02309038164280355 -0.0072544149952241174 -0.00041017663478851326 0.010473953653895298 -0.047342179157231989 0.038499049452443916 -0.0032600781619548801 -0.0059995945136869953 -0.0037317559043014495 -0.021085250458083467 0.031945512011647227 -0.002217207738864017 0.0085342137029951037 -0.030934664142923431 0.00063438817846278367 0.032389352741260681 -0.0014863277036094053 -0.0045872227718086484 -0.0026440425003332146 0.017040830172646029 -0.0099755937500911607
leaf_weight=13.999999999999998 11.999999999999998 11.999999999999998 460 14.000000000000002 25 11.999999999999998 13.999999999999998 770 55 12.999999999999998 235 20 139 18 20 12.999999999999998 149 26 14.999999999999998 11.999999999999998 148 122 19 13.999999999999998 30 84 11.999999999999998 1618 126 15.999999999999998
leaf_count=14 12 12 460 14 25 12 14 770 55 13 235 20 139 18 20 13 149 26 15 12 148 122 19 14 30 84 12 1618 126 16
internal_value=0.000327742 0.00254761 3.60776e-05 -0.00169241 -0.0164738 0.00209628 -0.0140743 0.00548345 -0.00591881 -0.00865099 -0.0102834 -0.0315803 0.00268847 -0.0012379 0.0131062 0.022385 -0.00156492 -0.0128345 -0.000422773 0.00802011 0.0050319 0.000911838 -0.000984345 -0.0178655 -0.00116476 0.00641416 0.0219229 -0.001669 0.00373685 0.013936
internal_weight=4237 2019 1089 2218 65 40 28 930 335 280 267 32 754 2153 47 33 2106 71 53 38 918 615 493 33 2035 126 42 1909 291 142
internal_count=4237 2019 1089 2218 65 40 28 930 335 280 267 32 754 2153 47 33 2106 71 53 38 918 615 493 33 2035 126 42 1909 291 142
is_linear=0
shrinkage=0.035


Tree=102
num_leaves=31
num_cat=0
split_feature=5 0 2 2 3 10 51 10 10 0 10 3 3 10 54 10 2 0 2 0 48 63 8 3 10 8 0 3 52 5
split_gain=14.5494 10.9892 9.1027 11.6803 19.8262 17.5059 17.3164 18.4121 17.6984 14.7117 11.3439 22.8016 15.3937 30.8369 11.9325 11.7212 11.0761 12.5158 14.9493 10.0552 8.59065 14.2219 13.4272 27.0566 9.19614 8.49275 10.3406 8.60302 8.3291 8.03793
threshold=20750000.000000004 2016.5000000000002 76.500000000000014 93.500000000000014 0.47145000100135809 1.8874999880790713 1.0000000180025095e-35 4.3660714626312265 3.6690477132797246 2010.5000000000002 4.051119565963746 0.69154998660087597 1.0103999972343447 2.9978448152542119 1.0000000180025095e-35 4.2886903285980233 95.500000000000014 1990.5000000000002 94.500000000000014 1989.5000000000002 1.0000000180025095e-35 1.0000000180025095e-35 4.5000000000000009 2.8519499301910405 2.7474489212036137 127.00000000000001 2006.5000000000002 1.6504999995231631 1.0000000180025095e-35 1.0000000180025095e-35
decision_type=2 2 2 2 2 2 2 2 2 2 2 2 2 2 2 2 2 2 2 2 2 2 2 2 2 2 2 2 2 2
left_child=1 2 19 4 -4 -6 20 8 16 28 11 -7 13 -13 -15 -12 17 -8 -19 -1 -5 22 24 -24 -22 26 -2 -28 -10 -18
right_child=25 -3 3 6 5 10 7 -9 9 -11 15 12 -14 14 -16 -17 29 18 -20 -21 21 -23 23 -25 -26 -27 27 -29 -30 -31
leaf_value=-0.0043901695633197539 -0.00028488670417007981 0.019640552004863476 -0.047606304094195369 -0.002368478883739711 0.010934103150386365 0.032688252447173001 0.015200562689453365 0.026405297529315804 -0.0089756976256353989 0.020191791572980584 -0.044447199540585285 -0.065977181019727146 -0.0053486630463805565 0.013540242830084431 -0.027374682109145558 -0.0079900784220259934 0.016069249712592253 0.0013872013448092801 -0.03759396006992978 0.03294081208580419 -0.026158814533668407 0.014225603126765539 -0.066433500963537145 -0.011533577779821559 0.0049491372909459819 0.018993210025660293 0.026423484163439794 0.0045964456610406487 -0.037686466585844756 0.0047947128315663961
leaf_weight=15.999999999999998 972 28 12.999999999999998 1102 70 17 20 40 125 19 19 14.999999999999998 442 17 15.999999999999998 25 106 25 22 18 15.999999999999998 20 15.999999999999998 33 36 36 22 654 12.999999999999998 289
leaf_count=16 972 28 13 1102 70 17 20 40 125 19 19 15 442 17 16 25 106 25 22 18 16 20 16 33 36 36 22 654 13 289
internal_value=-0.000127916 -0.00178083 -0.00202434 -0.0022707 -0.00637591 -0.00543483 -0.000884168 0.0036847 0.00217344 -0.00794122 -0.00753358 -0.00602037 -0.00743073 -0.0260669 -0.00646751 -0.0244097 0.00562418 -0.00743944 -0.0172259 0.0156998 -0.00334848 -0.0121668 -0.0174985 -0.0304652 -0.00490249 0.00240102 0.00202621 0.00534736 -0.0119446 0.00785764
internal_weight=4262 2578 2550 2516 634 621 1882 659 619 157 551 507 490 48 33 44 462 67 47 34 1223 121 101 49 52 1684 1648 676 138 395
internal_count=4262 2578 2550 2516 634 621 1882 659 619 157 551 507 490 48 33 44 462 67 47 34 1223 121 101 49 52 1684 1648 676 138 395
is_linear=0
shrinkage=0.035


Tree=103
num_leaves=31
num_cat=0
split_feature=5 3 3 3 56 52 10 21 1 1 1 2 10 10 2 3 2 8 1 8 2 8 10 1 3 3 1 2 2 2
split_gain=22.1356 15.1607 13.6793 10.3646 9.34841 9.03277 14.2192 11.0418 10.8119 26.0877 16.0822 10.0879 8.68033 20.3362 22.296 20.2641 12.9222 17.0569 25.3766 12.6675 14.1978 13.2552 56.3885 14.9001 14.4879 22.0598 13.4074 11.7098 19.0997 11.2313
threshold=905000.00000000012 0.31299999356269842 0.57864999771118175 1.4578999876976015 1.0000000180025095e-35 1.0000000180025095e-35 2.8309522867202763 1.0000000180025095e-35 14.500000000000002 21.500000000000004 50.500000000000007 76.500000000000014 4.051119565963746 4.2663733959198007 104.50000000000001 2.1894999742507939 111.50000000000001 4.5000000000000009 24.500000000000004 2.5000000000000004 88.500000000000014 1.5000000000000002 2.7474489212036137 12.500000000000002 1.6155499815940859 2.2383500337600712 22.500000000000004 101.50000000000001 93.500000000000014 105.50000000000001
decision_type=2 2 2 2 2 2 2 2 2 2 2 2 2 2 2 2 2 2 2 2 2 2 2 2 2 2 2 2 2 2
left_child=1 -1 -2 -4 -5 7 -7 11 -8 -10 -11 -3 16 14 15 -14 19 -18 -19 20 -13 23 -23 24 -22 -26 27 28 -25 -15
right_child=2 5 3 4 -6 6 8 -9 9 10 -12 12 13 29 -16 -17 17 18 -20 -21 21 22 -24 26 25 -27 -28 -29 -30 -31
leaf_value=-0.043091536356852603 0.028263763843273577 0.021661798439092106 -0.0047977663225640677 0.0014691518955371088 -0.019217797150611188 0.014094514073694454 -0.00051470085848932682 0.028310451006660096 -0.064401605515637339 0.0077040613446046017 -0.037033721885229978 0.0032480774187763572 -0.084598721676147889 0.010432390520839314 -0.00095344129555365628 -0.019185205625961179 0.015768153993595997 -0.049756453588604914 0.013234046840833295 0.00086588383703623147 0.018074541108780786 -0.076883113740384604 -0.0062815517632568135 -0.047022645423905197 -0.048764365029449634 0.011982321336427158 -0.0072426765167878738 -0.058222809859116882 0.01327396166783113 -0.020552389758922485
leaf_weight=11.999999999999998 21 17 388 2924 26 15.999999999999998 22 11.999999999999998 17 21 17 72 12.000000000000002 37 15.999999999999998 11.999999999999998 81 13.000000000000002 17 213 37 19 46 12.000000000000002 12.000000000000002 15.999999999999998 62 13.999999999999998 11.999999999999998 22
leaf_count=12 21 17 388 2924 26 16 22 12 17 21 17 72 12 37 16 12 81 13 17 213 37 19 46 12 12 16 62 14 12 22
internal_value=-0.000528508 -0.00553911 0.000753604 0.000571596 0.00127978 -0.00495483 -0.0151976 -0.00367069 -0.0214094 -0.0295776 -0.0127017 -0.00422766 -0.00486614 -0.0144517 -0.0333878 -0.0540376 -0.00332678 0.00745189 -0.0147299 -0.00566328 -0.0102617 -0.0144942 -0.0277977 -0.00910704 0.00388781 -0.0147754 -0.0175259 -0.0336429 -0.0174793 -0.00124207
internal_weight=4218 859 3359 3338 2950 847 93 754 77 55 38 742 725 99 40 24 626 111 30 515 302 230 65 165 65 28 100 38 24 59
internal_count=4218 859 3359 3338 2950 847 93 754 77 55 38 742 725 99 40 24 626 111 30 515 302 230 65 165 65 28 100 38 24 59
is_linear=0
shrinkage=0.035


Tree=104
num_leaves=31
num_cat=0
split_feature=6 56 62 61 0 11 0 20 2 0 6 0 8 20 51 3 2 2 64 3 47 54 2 0 10 3 10 2 6 2
split_gain=14.5976 11.1435 10.5217 16.0113 10.3294 9.13081 8.20714 22.9748 13.5678 13.1437 11.3386 10.4019 12.8822 15.821 23.9619 16.3554 14.8576 12.8026 12.1201 11.9613 9.60962 10.846 9.12974 8.91711 8.40623 11.9164 10.9166 8.34045 8.55776 8.22833
threshold=16.873085975646976 1.0000000180025095e-35 1.0000000180025095e-35 1.0000000180025095e-35 2013.5000000000002 2.1250000000000004 1991.5000000000002 1.0000000180025095e-35 76.500000000000014 1975.5000000000002 11.75568723678589 2001.5000000000002 2.5000000000000004 1.0000000180025095e-35 1.0000000180025095e-35 1.4142499566078188 123.50000000000001 108.50000000000001 1.0000000180025095e-35 0.53374999761581432 1.0000000180025095e-35 1.0000000180025095e-35 100.50000000000001 2007.5000000000002 2.236111164093018 1.8123500347137453 3.997916698455811 124.50000000000001 12.772783756256105 97.500000000000014
decision_type=2 2 2 2 2 2 2 2 2 2 2 2 2 2 2 2 2 2 2 2 2 2 2 2 2 2 2 2 2 2
left_child=1 2 6 4 5 -4 7 9 -8 10 -1 18 13 14 29 17 20 -15 19 -10 21 -17 -9 -16 -23 -26 -27 -24 -29 -13
right_child=-2 -3 3 -5 -6 -7 8 22 11 -11 -12 12 -14 15 23 16 -18 -19 -20 -21 -22 24 27 -25 25 26 -28 28 -30 -31
leaf_value=-0.049219236704210446 0.0024197755578733663 -0.02059494675034167 0.014271447420505614 -0.045250490635633467 -0.030932105852585091 -0.0071947518706934263 0.031896659910678866 -0.0011898346678146886 -0.03760266467183828 -0.00079613857510788693 -0.0068513582199811948 0.014086107891391624 0.0044888144826854522 -0.020037726783471481 0.010139544480045637 0.010270757703093646 -0.03477701023966074 0.011663925819926793 -0.038664796531200411 -0.0047781246204011817 -0.020371632864179378 -0.024212760121307592 0.0094266799163069265 0.047655390875786546 0.015984058146742551 -0.00022846476794151011 -0.027824154589247582 0.024541242349147799 -0.0033335045049759323 -0.011938886633912182
leaf_weight=20 1663 37 28 12.999999999999998 18 148 12.999999999999998 314 12.999999999999998 28 12.999999999999998 21 382 129 13.999999999999998 109 14.999999999999998 17 12.999999999999998 540 25 21 343 19 36 66 23 13.999999999999998 133 45
leaf_count=20 1663 37 28 13 18 148 13 314 13 28 13 21 382 129 14 109 15 17 13 540 25 21 343 19 36 66 23 14 133 45
internal_value=-0.000141746 -0.00177483 -0.00149562 -0.00904381 -0.00638901 -0.00370845 -0.00083095 0.00188198 -0.00239574 -0.018647 -0.0332727 -0.00271774 -0.000421181 -0.00389966 0.00867657 -0.0067401 -0.00197354 -0.0162803 -0.00644834 -0.00561941 -9.24787e-05 0.00196065 0.00346293 0.0325574 -0.00425923 -0.000727593 -0.0076093 0.00644441 -0.000519061 -0.00354544
internal_weight=4273 2610 2573 207 194 176 2366 865 1501 61 33 1488 922 540 99 441 295 146 566 553 280 255 804 33 146 125 89 490 147 66
internal_count=4273 2610 2573 207 194 176 2366 865 1501 61 33 1488 922 540 99 441 295 146 566 553 280 255 804 33 146 125 89 490 147 66
is_linear=0
shrinkage=0.035


Tree=105
num_leaves=31
num_cat=0
split_feature=8 10 58 5 8 0 50 0 0 8 0 0 10 11 12 5 62 8 62 11 3 0 3 12 5 61 0 0 20 3
split_gain=15.2347 10.8381 9.19779 13.2131 9.16825 9.03792 7.29083 6.86431 11.8118 6.69284 7.07355 12.9996 8.76942 6.44198 12.1796 6.01881 7.58963 5.91597 5.69252 11.8642 12.6858 12.659 14.1179 7.24632 6.68706 6.55485 11.8242 27.085 26.2327 13.2224
threshold=9.5000000000000018 3.7094297409057622 1.0000000180025095e-35 65500000.000000007 161.50000000000003 2016.5000000000002 1.0000000180025095e-35 1992.5000000000002 2000.5000000000002 36.500000000000007 1995.5000000000002 1994.5000000000002 3.534372210502625 3.3750000000000004 1.0000000180025095e-35 157500000.00000003 1.0000000180025095e-35 53.500000000000007 1.0000000180025095e-35 2.1250000000000004 4.6996998786926278 1984.5000000000002 2.4054000377655034 3.5000000000000004 13100000.000000002 1.0000000180025095e-35 1993.5000000000002 2001.5000000000002 1.0000000180025095e-35 2.9141999483108525
decision_type=2 2 2 2 2 2 2 2 2 2 2 2 2 2 2 2 2 2 2 2 2 2 2 2 2 2 2 2 2 2
left_child=2 7 5 -4 15 6 18 -2 9 10 11 -9 13 -12 -15 16 -3 -18 23 -20 21 -21 -23 25 -24 26 28 -28 29 -1
right_child=1 4 3 -5 -6 -7 -8 8 -10 -11 12 -13 -14 14 -16 -17 17 -19 19 20 -22 22 24 -25 -26 -27 27 -29 -30 -31
leaf_value=-0.0097396679896347479 0.0099927610542108018 -0.0016483475704891204 0.039669162214733662 -0.00039231165871024136 0.01917326286185533 0.009669739357575223 0.0051207632246234635 0.0001863795446757323 0.0073776033362959971 0.004516194682400658 0.00076932662579646909 -0.029113197629029555 0.026725745072731608 -0.038560165373375636 0.0056937493711709981 0.016203085324168205 -0.024633145911482111 -0.0017747803527116777 0.0087428756936524937 0.0013665168548397946 0.0094470410170033586 -0.039165031137565774 0.0048668703736271714 -0.025664639434928176 -0.020917990064812882 0.0017624624206146915 -0.013923773399446969 -0.0019685012239561146 0.0034096560236376188 -0.050199328428599983
leaf_weight=28 243 389 14.999999999999998 27 24 80 156 38 396 141 102 35 11.999999999999998 15.000000000000002 13.999999999999998 19 33 24 38 32 25 41 19 14.999999999999998 32 452 303 986 529 14.999999999999998
leaf_count=28 243 389 15 27 24 80 156 38 396 141 102 35 12 15 14 19 33 24 38 32 25 41 19 15 32 452 303 986 529 15
internal_value=-7.24163e-05 0.00279047 -0.00159566 0.0144645 -0.00147216 -0.00184665 -0.00219573 0.00488441 0.00322251 -0.00138935 -0.00525547 -0.0140413 -0.000691882 -0.00340012 -0.0176602 -0.00258034 -0.00341891 -0.0152353 -0.0026521 -0.00851568 -0.0129578 -0.0175283 -0.0240633 -0.0021769 -0.0113694 -0.0020128 -0.00293113 -0.00478875 0.00125302 -0.0247134
internal_weight=4278 1485 2793 42 489 2751 2671 996 753 357 216 73 143 131 29 465 446 57 2515 187 149 124 92 2328 51 2313 1861 1289 572 43
internal_count=4278 1485 2793 42 489 2751 2671 996 753 357 216 73 143 131 29 465 446 57 2515 187 149 124 92 2328 51 2313 1861 1289 572 43
is_linear=0
shrinkage=0.035


Tree=106
num_leaves=31
num_cat=0
split_feature=8 0 3 2 0 10 20 2 8 10 12 0 0 54 5 0 52 10 8 0 54 3 5 3 0 3 8 3 47 10
split_gain=15.9926 21.4653 16.1074 12.0441 11.2621 14.9556 10.3914 9.66283 10.4794 9.58187 15.7571 8.99284 10.0841 8.75965 8.30778 8.54536 7.86493 9.89269 8.95818 10.8104 8.81283 7.78773 14.5025 7.77197 7.52746 7.73952 7.37995 12.908 6.97231 6.94337
threshold=2.5000000000000004 1999.5000000000002 0.71780002117156994 76.500000000000014 1992.5000000000002 3.997916698455811 1.0000000180025095e-35 100.50000000000001 3.5000000000000004 3.0843495130538945 1.0000000180025095e-35 1994.5000000000002 1993.5000000000002 1.0000000180025095e-35 763500.00000000012 1997.5000000000002 1.0000000180025095e-35 4.0729484558105478 90.500000000000014 1995.5000000000002 1.0000000180025095e-35 1.3612499833106997 10891086.500000002 1.078500032424927 2016.5000000000002 12.006649971008303 18.500000000000004 2.2602500915527348 1.0000000180025095e-35 2.9180108308792119
decision_type=2 2 2 2 2 2 2 2 2 2 2 2 2 2 2 2 2 2 2 2 2 2 2 2 2 2 2 2 2 2
left_child=3 4 -3 -1 5 6 -2 8 -8 23 11 12 -11 14 -13 -16 17 18 19 20 -12 22 -4 -6 25 -5 27 -15 29 -23
right_child=1 2 21 24 9 -7 7 -9 -10 10 16 13 -14 26 15 -17 -18 -19 -20 -21 -22 28 -24 -25 -26 -27 -28 -29 -30 -31
leaf_value=0.024274286779133895 -0.020540906101041898 0.04308159113847293 -0.019926441431954142 -0.0040332702149354308 0.020235596865415574 -0.0089760589912449111 -0.020466566668432808 0.0073457067935869015 0.0012313930438110294 -0.015015235704835506 -0.043060450809506275 0.022808406924005025 -0.049848731343737906 -0.012836427699403232 -0.016463010456578601 0.010195531482850627 -0.017495191703550517 0.031917465481620569 0.016689896501600743 0.0049222006164401635 -0.0075033681616187104 0.011291879783139834 0.018571735855411081 -0.0019910643128976707 0.0090275936720427136 -0.031220411429611537 -0.0041081594122766426 -0.047501762342046609 0.0005134703705109337 0.0043248218942308859
leaf_weight=18 21 11.999999999999998 40 1310 20 153 30 394 225 27 11.999999999999998 11.999999999999998 17 36 44 21 27 11.999999999999998 28 51 27 235 15.999999999999998 233 53 11.999999999999998 28 21 390 698
leaf_count=18 21 12 40 1310 20 153 30 394 225 27 12 12 17 36 44 21 27 12 28 51 27 235 16 233 53 12 28 21 390 698
internal_value=-0.000333518 0.00117715 0.0042764 -0.00340246 -0.0018184 0.000858826 0.00311734 0.00391598 -0.00138445 -0.00539371 -0.00903011 -0.0153725 -0.0293212 -0.0114166 -0.00277595 -0.00779975 -0.000652576 0.00293899 -0.000236712 -0.00564754 -0.0192908 0.00390648 -0.00876341 -0.000154376 -0.00378342 -0.00430479 -0.0191003 -0.0262368 0.0044503 0.00609174
internal_weight=4223 2830 1391 1393 1439 823 670 649 255 616 363 206 44 162 77 65 157 130 118 90 39 1379 56 253 1375 1322 85 57 1323 933
internal_count=4223 2830 1391 1393 1439 823 670 649 255 616 363 206 44 162 77 65 157 130 118 90 39 1379 56 253 1375 1322 85 57 1323 933
is_linear=0
shrinkage=0.035


Tree=107
num_leaves=31
num_cat=0
split_feature=58 5 62 52 3 0 11 3 2 0 5 0 3 2 3 0 0 3 2 55 3 10 2 5 61 21 8 2 10 3
split_gain=15.037 10.5548 12.8137 11.0725 11.9787 11.4724 9.8189 8.8933 8.47369 41.5572 24.0875 17.5503 14.3829 18.9802 12.166 10.2863 7.77211 11.3948 9.5815 7.48496 8.95831 9.44936 7.1875 9.33182 8.46581 7.14001 6.74206 10.1631 11.8675 8.21289
threshold=1.0000000180025095e-35 34100000.000000007 1.0000000180025095e-35 1.0000000180025095e-35 0.95569998025894176 2013.5000000000002 2.1250000000000004 3.7520000934600835 93.500000000000014 1999.5000000000002 17500.000000000004 2004.5000000000002 0.87884998321533214 103.50000000000001 0.53374999761581432 1987.5000000000002 1984.5000000000002 2.419549942016602 91.500000000000014 1.0000000180025095e-35 7.4959499835968026 3.7920082807540898 87.500000000000014 1196000.0000000002 1.0000000180025095e-35 1.0000000180025095e-35 8.5000000000000018 133.50000000000003 4.1143791675567636 9.4185500144958514
decision_type=2 2 2 2 2 2 2 2 2 2 2 2 2 2 2 2 2 2 2 2 2 2 2 2 2 2 2 2 2 2
left_child=1 2 3 4 5 8 -4 -2 9 14 -11 12 -10 -14 -1 -16 -8 18 -18 25 21 -21 23 -5 -24 26 27 -6 -29 -28
right_child=7 -3 6 22 19 -7 16 -9 11 10 -12 -13 13 -15 15 -17 17 -19 -20 20 -22 -23 24 -25 -26 -27 29 28 -30 -31
leaf_value=0.037137073310521934 0.040071485790352412 0.0026208233850526438 0.0072616730505743847 -0.045084717153929733 0.00072653518951529728 -0.039484157525576082 -0.0015381213144041027 0.0089345126393363915 0.00062112911450676626 -0.064969378908672798 -0.008772870301062035 0.023052140749149744 -0.059395778222725931 -0.00050133375128110262 -0.027379612882943969 0.011885971317237076 -0.055727255651584047 -0.0088754611605592077 -0.02011624772812045 -0.0056154328260137375 0.012090237966416261 -0.029800490887761117 -0.003334239539733675 -0.005200399159764251 -0.023728854500606692 0.022809777503343006 0.00308354463886844 -0.0046970503163159989 -0.035040478357952091 0.017777925560981327
leaf_weight=11.999999999999998 11.999999999999998 1027 38 12.000000000000002 1319 11.999999999999998 64 95 79 21 17 30 12.000000000000002 13.999999999999998 11.999999999999998 21 11.999999999999998 99 42 100 25 24 342 17 26 18 560 78 19 50
leaf_count=12 12 1027 38 12 1319 12 64 95 79 21 17 30 12 14 12 21 12 99 42 100 25 24 342 17 26 18 560 78 19 50
internal_value=-0.000109324 -0.000449036 -0.00147541 -0.000793807 9.41425e-05 -0.00748616 -0.00897372 0.0127814 -0.00554456 -0.0142726 -0.0407433 -0.000100062 -0.00688655 -0.0289413 0.00844214 -0.00272628 -0.0118451 -0.0161071 -0.028931 0.000893005 -0.00665217 -0.0105114 -0.00620423 -0.0227153 -0.00484031 0.00144686 0.00124504 -7.96401e-05 -0.0109554 0.00431799
internal_weight=4209 4102 3075 2820 2423 230 255 107 218 83 38 135 105 26 45 33 217 153 54 2193 149 124 397 29 368 2044 2026 1416 97 610
internal_count=4209 4102 3075 2820 2423 230 255 107 218 83 38 135 105 26 45 33 217 153 54 2193 149 124 397 29 368 2044 2026 1416 97 610
is_linear=0
shrinkage=0.035


Tree=108
num_leaves=31
num_cat=0
split_feature=50 58 3 2 0 8 5 51 10 10 5 3 0 0 2 0 63 61 2 5 5 0 2 3 64 0 2 0 0 2
split_gain=12.7768 15.6854 12.8247 11.9088 13.0951 8.95645 8.49586 7.91579 11.0712 19.3496 11.1769 20.4778 10.1049 9.74852 9.07269 8.91117 9.45193 7.68799 7.51196 9.91432 7.69211 7.50006 7.04043 6.46342 7.03215 20.1439 15.9233 7.08763 13.374 15.0505
threshold=1.0000000180025095e-35 1.0000000180025095e-35 4.3661999702453622 82.500000000000014 2005.5000000000002 10.500000000000002 12875428.500000002 1.0000000180025095e-35 4.3660714626312265 3.7427625656127934 3950000.0000000005 1.8492000102996828 1984.5000000000002 2016.5000000000002 97.500000000000014 1985.5000000000002 1.0000000180025095e-35 1.0000000180025095e-35 92.500000000000014 147812.50000000003 905000.00000000012 1987.5000000000002 97.500000000000014 13.498950004577638 1.0000000180025095e-35 2000.5000000000002 131.50000000000003 1994.5000000000002 2000.5000000000002 149.50000000000003
decision_type=2 2 2 2 2 2 2 2 2 2 2 2 2 2 2 2 2 2 2 2 2 2 2 2 2 2 2 2 2 2
left_child=1 3 -3 4 6 7 21 13 9 12 11 14 17 23 -11 -14 -17 -9 19 -7 -20 -1 -10 24 27 26 -26 -5 -29 -30
right_child=-2 2 -4 5 -6 18 -8 8 22 10 -12 -13 15 -15 -16 16 -18 -19 20 -21 -22 -23 -24 -25 25 -27 -28 28 29 -31
leaf_value=-0.01242107269813617 0.0069972140998444381 0.046588732662933098 0.0085488990199343896 0.00026192273032791527 -0.034601534505020827 -0.035693264068319248 -0.029844492359086872 0.019335649697589833 -0.0031833367526531218 -0.020263749764859677 -8.8672851620797544e-05 -0.045333302686335876 -0.027834108069825631 0.012190317565794103 0.008646047873112064 0.0024400210638125894 -0.01576292364689446 -0.0056150230792351074 0.015846292514457471 -0.002743748873782655 0.0022816318431956718 0.011587489868822399 0.025994279857615338 0.01626665775794536 -0.044120791466611756 0.0058126320775206165 -0.0029057957943528891 -0.013322821761456563 -0.0022773756850807758 -0.03890469126589597
leaf_weight=29 309 11.999999999999998 72 488 24 11.999999999999998 12.999999999999998 65 13.999999999999998 29 56 26 11.999999999999998 49 23 625 36 19 53 83 1031 33 33 19 29 37 19 186 791 12.999999999999998
leaf_count=29 309 12 72 488 24 12 13 65 14 29 56 26 12 49 23 625 36 19 53 83 1031 33 33 19 29 37 19 186 791 13
internal_value=0.000155949 -0.000383013 0.0144879 -0.000711858 -0.0126327 -0.000393228 -0.00521685 -0.00155256 0.00100727 0.000123064 -0.012083 -0.0205621 0.00229912 -0.00302552 -0.00752184 0.000858875 0.00142368 0.0136718 0.0021306 -0.00725247 0.00296046 0.000310992 0.0173814 -0.00350531 -0.00375703 -0.0134984 -0.0282345 -0.00318687 -0.0048872 -0.00291938
internal_weight=4240 3931 84 3847 99 3748 75 2569 938 891 134 78 757 1631 52 673 661 84 1179 95 1084 62 47 1582 1563 85 48 1478 990 804
internal_count=4240 3931 84 3847 99 3748 75 2569 938 891 134 78 757 1631 52 673 661 84 1179 95 1084 62 47 1582 1563 85 48 1478 990 804
is_linear=0
shrinkage=0.035


Tree=109
num_leaves=31
num_cat=0
split_feature=8 0 3 8 10 20 0 5 47 8 2 3 8 63 0 2 2 2 3 64 3 3 2 2 8 62 3 48 5 63
split_gain=12.7998 10.1908 16.2042 17.3674 27.1775 11.8371 14.0775 11.7848 26.671 17.7425 12.1992 11.4745 9.26494 8.68566 11.2462 17.5867 9.2455 8.67955 8.5858 9.52554 7.99078 7.6055 7.49877 20.7972 32.8317 7.67614 7.31053 7.24392 12.6593 14.5222
threshold=44.500000000000007 2001.5000000000002 0.71780002117156994 2.5000000000000004 2.4895833730697636 1.0000000180025095e-35 1992.5000000000002 115000.00000000001 1.0000000180025095e-35 1.5000000000000002 106.50000000000001 2.7826499938964848 2.5000000000000004 1.0000000180025095e-35 2004.5000000000002 89.500000000000014 97.500000000000014 94.500000000000014 0.83439999818801891 1.0000000180025095e-35 3.185250043869019 2.5140999555587773 104.50000000000001 100.50000000000001 3.5000000000000004 1.0000000180025095e-35 1.0598499774932864 1.0000000180025095e-35 3702769.0000000005 1.0000000180025095e-35
decision_type=2 2 2 2 2 2 2 2 2 2 2 2 2 2 2 2 2 2 2 2 2 2 2 2 2 2 2 2 2 2
left_child=1 2 3 4 -1 7 27 8 9 -4 -9 -11 13 -3 16 -16 -15 21 -8 22 -12 -17 23 25 -25 -20 -24 -7 -29 -30
right_child=-2 12 5 -5 -6 6 18 10 -10 11 20 -13 -14 14 15 17 -18 -19 19 -21 -22 -23 26 24 -26 -27 -28 28 29 -31
leaf_value=-0.049340961381793023 0.0057725945589751828 6.6750997513517502e-05 -0.058095850563862121 -0.05207703106675763 0.0094552246195174043 0.0025035668694247627 0.018833854632969535 0.012678359214770231 0.01490007518682825 -0.002083267153861622 0.0010985171488369816 -0.04340665857436566 0.0028998106066734212 0.034008739427878298 -0.035974342075735327 -0.0091599128429706283 -0.0053726907363709289 -0.010491109651337821 -0.0028534391959459753 -0.031583793284261932 -0.030086415715515614 0.027039535400283057 0.020433172292179533 -0.061121104476380764 -0.0091835193833602335 -0.024364536069672215 -0.0024740879031393782 0.0092315820251874965 -0.018944273041005821 0.016685001780169413
leaf_weight=12.999999999999998 372 614 21 14.999999999999998 30 860 17 36 18 23 19 11.999999999999998 1097 12.000000000000002 29 12.000000000000002 15.999999999999998 121 279 15.999999999999998 20 14.999999999999998 17 21 48 21 326 45 82 15.999999999999998
leaf_count=13 372 614 21 15 30 860 17 36 18 23 19 12 1097 12 29 12 16 121 279 16 20 15 17 21 48 21 326 45 82 16
internal_value=-0.000419018 -0.00101582 -0.00279319 -0.0208626 -0.00899799 -0.0022291 -0.0014174 -0.0116669 -0.0214806 -0.0332613 -0.00180586 -0.0171121 0.000797329 -0.00201678 -0.00823575 -0.0115019 0.0120354 -0.00648565 -0.00505903 -0.00564444 -0.0152024 0.0111358 -0.00501559 -0.00847267 -0.025663 -0.00444097 -0.00127756 0.00128809 -0.00597623 -0.0129998
internal_weight=4243 3871 1955 58 43 1897 1748 149 74 56 75 35 1916 819 205 177 28 148 745 728 39 27 712 369 69 300 343 1003 143 98
internal_count=4243 3871 1955 58 43 1897 1748 149 74 56 75 35 1916 819 205 177 28 148 745 728 39 27 712 369 69 300 343 1003 143 98
is_linear=0
shrinkage=0.035


Tree=110
num_leaves=31
num_cat=0
split_feature=8 62 64 48 56 3 5 11 58 1 1 3 2 1 3 3 1 1 47 3 47 52 3 11 5 1 5 1 1 20
split_gain=13.0258 13.6659 9.70332 14.7395 9.32954 8.56194 8.3736 8.64525 7.86464 7.32391 7.19221 6.31995 5.73438 5.52762 8.53223 5.35809 5.37922 10.7914 8.78039 8.34857 7.9709 7.91948 15.3011 8.91424 10.0557 7.86797 19.9538 17.7605 16.2321 6.97696
threshold=44.500000000000007 1.0000000180025095e-35 1.0000000180025095e-35 1.0000000180025095e-35 1.0000000180025095e-35 0.31299999356269842 92500000.000000015 3.6250000000000004 1.0000000180025095e-35 68.500000000000014 76.500000000000014 2.7826499938964848 91.500000000000014 36.500000000000007 2.4054000377655034 21.052749633789066 26.500000000000004 15.500000000000002 1.0000000180025095e-35 1.5311999917030337 1.0000000180025095e-35 1.0000000180025095e-35 0.53374999761581432 2.3750000000000004 905000.00000000012 42.500000000000007 127500.00000000001 56.500000000000007 37.500000000000007 1.0000000180025095e-35
decision_type=2 2 2 2 2 2 2 2 2 2 2 2 2 2 2 2 2 2 2 2 2 2 2 2 2 2 2 2 2 2
left_child=1 2 4 12 5 -1 7 -3 10 -6 15 -2 -4 14 -9 16 17 18 -7 -20 25 22 -19 -23 -25 28 27 -27 -18 -21
right_child=11 6 3 -5 9 8 -8 13 -10 -11 -12 -13 -14 -15 -16 -17 20 21 19 29 -22 23 -24 24 -26 26 -28 -29 -30 -31
leaf_value=-0.027550396169034336 0.023767448688857256 -0.0058631647475104309 -0.025636937873867841 -0.033718360013949379 -0.028445199231229106 0.0031461130139650781 0.0036570117745217626 -0.047237136749426527 0.014155896964051796 0.0019154138859594242 -0.013207907757576971 0.005131971511832689 -0.0010227347505824256 0.00035061171328028051 -0.016233946316093206 0.020483178733464551 0.0013957026489084705 -0.03933757097589282 -0.028444350537785795 0.014136860013008118 0.011503652880691589 0.014660995260998609 -0.0010512328278560396 -0.035531700817698783 -0.0090626533702063885 -0.045248216009077927 0.0014431335994433011 0.0030067261895164849 0.019125976982067031 -0.0044051167168653186
leaf_weight=11.999999999999998 23 229 11.999999999999998 23 23 1175 75 13.999999999999998 53 15.999999999999998 44 352 110 13.999999999999998 49 15.999999999999998 407 11.999999999999998 14.999999999999998 27 121 13.999999999999998 802 21 96 23 154 14.999999999999998 74 220
leaf_count=12 23 229 12 23 23 1175 75 14 53 16 44 352 110 14 49 16 407 12 15 27 121 14 802 21 96 23 154 15 74 220
internal_value=0.000120386 -0.000483922 0.000204393 -0.00862702 0.000590784 0.000794649 -0.00676856 -0.00933314 0.000906941 -0.0162093 0.0006851 0.00633977 -0.00364678 -0.019423 -0.0237813 0.000881232 0.000775514 -5.57565e-05 0.00185346 -0.00392703 0.00326846 -0.00295971 -0.00166537 -0.0109156 -0.0140892 0.00177037 -0.00420033 -0.0265667 0.00416109 -0.00232237
internal_weight=4241 3866 3485 145 3340 3301 381 306 3289 39 3236 375 122 77 63 3192 3176 2382 1437 262 794 945 814 131 117 673 192 38 481 247
internal_count=4241 3866 3485 145 3340 3301 381 306 3289 39 3236 375 122 77 63 3192 3176 2382 1437 262 794 945 814 131 117 673 192 38 481 247
is_linear=0
shrinkage=0.035


Tree=111
num_leaves=31
num_cat=0
split_feature=8 2 10 5 3 8 62 5 3 21 0 2 3 5 5 3 0 0 53 3 0 2 2 2 61 0 3 3 3 0
split_gain=13.7562 10.1753 9.87664 12.9403 11.9137 8.40578 10.0332 8.60628 8.33984 8.27642 8.3476 7.50212 16.3353 13.2134 18.1503 9.28339 19.0932 20.283 18.91 13.6599 12.3487 24.8716 34.6198 14.0225 8.18398 13.7137 16.3414 11.1504 7.92431 9.73049
threshold=2.5000000000000004 76.500000000000014 3.328355193138123 121500000.00000001 0.69154998660087597 52.500000000000007 1.0000000180025095e-35 655000.00000000012 0.95569998025894176 1.0000000180025095e-35 2007.5000000000002 106.50000000000001 7.2281000614166269 12250000.000000002 14900000.000000002 1.1281999945640566 2010.5000000000002 2006.5000000000002 1.0000000180025095e-35 0.76764997839927684 2001.5000000000002 89.500000000000014 93.500000000000014 101.50000000000001 1.0000000180025095e-35 1999.5000000000002 1.5443000197410586 2.8361999988555913 1.8205500245094302 1974.5000000000002
decision_type=2 2 2 2 2 2 2 2 2 2 2 2 2 2 2 2 2 2 2 2 2 2 2 2 2 2 2 2 2 2
left_child=1 -1 8 4 -4 6 9 -8 -2 10 -6 12 15 28 -15 16 17 18 20 -19 21 -3 -23 -24 -17 26 -26 -27 29 -13
right_child=2 11 3 -5 5 -7 7 -9 -10 -11 -12 13 -14 14 -16 24 -18 19 -20 -21 -22 22 23 -25 25 27 -28 -29 -30 -31
leaf_value=0.020943434761216243 0.021783561629724914 0.014554797424424079 -0.030878246047917536 0.012158151062628277 -0.0036369385706871917 0.0048209871446742913 0.0082357968497607445 -0.018926454048603776 0.0027856605804066478 0.025096982672810554 0.0037813365969253574 -0.0067368704603347736 -0.036147328560551008 -0.045394374618306754 -0.0041777446593281534 -0.0010371265364493131 0.01420757260993724 -0.01523879594778021 -0.047544643909235795 -0.064223404860123998 0.012682431172381974 -0.068503397170454269 0.002073297917097807 -0.03388742096945644 -0.003215358625878306 0.0073073237139138986 -0.051561016109428912 -0.026808324611512946 -0.0023428173908549878 0.013216519168332323
leaf_weight=20 28 30 15.999999999999998 86 833 223 17 73 1296 12.999999999999998 238 37 20 12.999999999999998 210 534 30 14.000000000000002 13.999999999999998 14.999999999999998 32 14.999999999999998 39 19 15.999999999999998 43 18 14.999999999999998 125 143
leaf_count=20 28 30 16 86 833 223 17 73 1296 13 238 37 20 13 210 534 30 14 14 15 32 15 39 19 16 43 18 15 125 143
internal_value=-0.00040403 -0.00323696 0.00100293 -0.000941628 -0.0017482 -0.00139147 -0.0025761 -0.0137425 0.00320489 -0.00163558 -0.00198481 -0.00360305 -0.00562893 -0.000318606 -0.00678025 -0.00485256 -0.0112442 -0.015599 -0.0102171 -0.0419302 -0.00601215 -0.0119031 -0.0228496 -0.010052 -0.00271147 -0.0122955 -0.029602 -0.00179086 0.00440681 0.00909076
internal_weight=4225 1402 2823 1499 1413 1397 1174 90 1324 1084 1071 1382 854 528 223 834 208 178 149 29 135 103 73 58 626 92 34 58 305 180
internal_count=4225 1402 2823 1499 1413 1397 1174 90 1324 1084 1071 1382 854 528 223 834 208 178 149 29 135 103 73 58 626 92 34 58 305 180
is_linear=0
shrinkage=0.035


Tree=112
num_leaves=31
num_cat=0
split_feature=61 3 8 11 54 48 5 0 2 5 2 3 3 0 0 8 3 3 2 0 3 11 5 51 2 63 60 2 0 0
split_gain=10.9292 10.5625 11.3017 8.60671 8.31289 16.0961 17.0839 12.1329 8.81598 9.54649 8.48684 21.0985 18.6497 8.47497 22.214 16.3697 21.6362 18.184 15.7665 11.1509 16.7358 13.7918 10.2937 9.07873 7.68608 8.46122 12.615 11.912 8.48179 25.7271
threshold=1.0000000180025095e-35 2.3948500156402592 15.500000000000002 3.8750000000000004 1.0000000180025095e-35 1.0000000180025095e-35 6644000.0000000009 2015.5000000000002 107.50000000000001 29500000.000000004 116.50000000000001 1.1281999945640566 0.53374999761581432 2002.5000000000002 1993.5000000000002 7.5000000000000009 0.90344998240470897 1.4578999876976015 98.500000000000014 2005.5000000000002 1.0598499774932864 2.8750000000000004 448762.00000000006 1.0000000180025095e-35 110.50000000000001 1.0000000180025095e-35 1.0000000180025095e-35 88.500000000000014 2010.5000000000002 2008.5000000000002
decision_type=2 2 2 2 2 2 2 2 2 2 2 2 2 2 2 2 2 2 2 2 2 2 2 2 2 2 2 2 2 2
left_child=1 2 4 -4 7 8 -7 10 9 13 12 -12 -1 14 23 16 -16 18 -18 22 -21 -22 -15 -6 25 28 27 -27 29 -14
right_child=-2 -3 3 -5 5 6 -8 -9 -10 -11 11 -13 24 19 15 -17 17 -19 -20 20 21 -23 -24 -25 -26 26 -28 -29 -30 -31
leaf_value=0.031781627366076343 0.0041103976238489456 0.0010154616050424251 0.017423137512989344 -0.0077041307731221123 -0.010204855235956484 -0.05477277351477567 -0.0059994536313693987 -0.032156886959324282 -0.0007542380772825796 0.018248358501307668 -0.047349029074423017 -0.00036601093117561611 0.0013189204314591615 0.035719698995351795 0.0065856459150090826 -0.063364410802721982 -0.024171155541855834 -0.0090550381050191163 -0.079515978015959263 -0.038131441071629531 -0.026392320783565872 0.0052064670578401999 -0.0011635378804057837 0.014959325138032437 0.015382295340092647 -0.038761379316449164 0.014596309818327427 -0.0084547481292097937 0.013678425679245796 -0.033990243594955519
leaf_weight=22 729 2056 55 23 58 15.999999999999998 19 13.999999999999998 296 13.999999999999998 14.999999999999998 44 395 12.999999999999998 23 12.999999999999998 14.000000000000002 21 12.999999999999998 20 22 63 27 24 35 20 20 70 54 26
leaf_count=22 729 2056 55 23 58 16 19 14 296 14 15 44 395 13 23 13 14 21 13 20 22 63 27 24 35 20 20 70 54 26
internal_value=0.000214051 -0.000596787 -0.00288475 0.00998793 -0.00362514 -0.00646786 -0.0292466 -0.00100915 -0.00513627 -0.00910736 -0.000339671 -0.0129301 0.000832979 -0.010399 -0.0157823 -0.0283241 -0.021093 -0.0342551 -0.0527693 -0.00415803 -0.0101375 -0.00316348 0.0113597 -0.00272715 -0.00031179 -0.00127839 -0.00997976 -0.0155607 0.000749725 -0.000932924
internal_weight=4234 3505 1449 78 1371 656 35 715 621 325 701 59 642 311 166 84 71 48 27 145 105 85 40 82 620 585 110 90 475 421
internal_count=4234 3505 1449 78 1371 656 35 715 621 325 701 59 642 311 166 84 71 48 27 145 105 85 40 82 620 585 110 90 475 421
is_linear=0
shrinkage=0.035


Tree=113
num_leaves=31
num_cat=0
split_feature=5 62 8 10 5 2 0 3 25 20 5 5 0 10 47 5 3 2 3 2 2 12 10 3 20 10 0 0 3 2
split_gain=9.69066 10.7267 8.26742 11.3288 12.0989 34.6813 9.69748 18.3918 17.0839 13.8077 16.2487 14.8543 15.8119 13.5154 12.2402 12.8241 12.2166 10.9226 9.9834 8.22848 7.99079 7.73823 8.7376 10.1919 8.12547 17.3866 15.559 10.3894 14.5846 16.7294
threshold=142000000.00000003 1.0000000180025095e-35 9.5000000000000018 3.3006024360656743 127500.00000000001 97.500000000000014 2010.5000000000002 8.4818501472473162 1.0000000180025095e-35 1.0000000180025095e-35 951000.00000000012 94000.000000000015 2011.5000000000002 2.9978448152542119 1.0000000180025095e-35 16650000.000000002 0.53374999761581432 87.500000000000014 0.57864999771118175 108.50000000000001 115.50000000000001 2.5000000000000004 4.1899731159210214 1.9943000078201296 1.0000000180025095e-35 3.7427625656127934 1999.5000000000002 1993.5000000000002 1.7353999614715578 91.500000000000014
decision_type=2 2 2 2 2 2 2 2 2 2 2 2 2 2 2 2 2 2 2 2 2 2 2 2 2 2 2 2 2 2
left_child=1 2 6 -4 5 -5 7 16 9 10 -8 12 -11 -14 20 -16 17 -1 -18 -9 -13 22 24 -24 25 -20 -27 -26 29 -29
right_child=-2 -3 3 4 -6 -7 8 19 -10 11 -12 14 13 -15 15 -17 18 -19 21 -21 -22 -23 23 -25 27 26 -28 28 -30 -31
leaf_value=0.044057091225798317 0.0090421280804279178 -0.0057160116972574133 0.0071872032848301305 -0.065480285071123107 0.0010396908466883141 0.0057607839507982147 0.045286215141415599 -0.044208302819066569 -0.0295246314516193 0.01898179606523584 0.0010596322218577067 0.011297213740237131 -0.041351837331598459 -0.0071945218622337945 -0.034660368196666243 -0.00011957951892461433 -0.030489857651789985 0.0042151887853844813 0.0013116437157320723 -0.0068639573566615592 -0.0010463961685227968 -0.026057569603901359 0.015901612034893899 -0.006045983700574342 0.0020011825462859637 -0.038638248992256 -0.0062650566953592586 0.0040692123379558326 -0.00028761040972588689 -0.013138700796281665
leaf_weight=11.999999999999998 137 415 426 11.999999999999998 712 23 20 17.000000000000004 18 15.999999999999998 20 257 21 42 14.999999999999998 75 13.999999999999998 25 81 12.999999999999998 85 14.999999999999998 70 40 639 35 38 90 590 291
leaf_count=12 137 415 426 12 712 23 20 17 18 16 20 257 21 42 15 75 14 25 81 13 85 15 70 40 639 35 38 90 590 291
internal_value=-8.09401e-05 -0.000386331 0.000210433 0.00263969 3.78539e-05 -0.0197565 -0.000911777 -0.00207475 0.00310819 0.00422896 0.0237808 0.00265161 -0.0112052 -0.0190759 0.00520967 -0.00621323 -0.00164554 0.0180023 -0.00203772 -0.0288256 0.00823015 -0.00180991 -0.0016011 0.00792233 -0.0022001 -0.00985651 -0.0221225 -0.001461 -0.00374093 -0.00906925
internal_weight=4264 4127 3712 1173 747 35 2539 1970 569 551 40 511 79 63 432 90 1940 37 1903 30 342 1889 1874 110 1764 154 73 1610 971 381
internal_count=4264 4127 3712 1173 747 35 2539 1970 569 551 40 511 79 63 432 90 1940 37 1903 30 342 1889 1874 110 1764 154 73 1610 971 381
is_linear=0
shrinkage=0.035


Tree=114
num_leaves=31
num_cat=0
split_feature=58 5 3 1 51 57 8 1 11 11 2 3 8 1 3 1 1 8 3 1 2 1 2 1 1 20 8 3 5 3
split_gain=12.0341 10.7638 10.1354 14.2219 13.0961 21.0244 10.5113 12.0293 19.162 16.8246 13.2286 12.8294 16.9628 10.2791 10.0354 9.40145 14.8469 9.16149 8.81192 8.05463 7.46058 13.5533 7.00852 10.9299 6.97947 10.2974 6.87916 24.5908 14.9604 10.929
threshold=1.0000000180025095e-35 51250000.000000007 1.0103999972343447 4.5000000000000009 1.0000000180025095e-35 1.0000000180025095e-35 10.500000000000002 20.500000000000004 2.3750000000000004 3.6250000000000004 93.500000000000014 0.85545000433921825 2.5000000000000004 33.500000000000007 0.69154998660087597 45.500000000000007 36.500000000000007 2.5000000000000004 24.961750030517582 13.500000000000002 93.500000000000014 14.500000000000002 100.50000000000001 56.500000000000007 11.500000000000002 1.0000000180025095e-35 2.5000000000000004 1.3318499922752383 147812.50000000003 1.8205500245094302
decision_type=2 2 2 2 2 2 2 2 2 2 2 2 2 2 2 2 2 2 2 2 2 2 2 2 2 2 2 2 2 2
left_child=2 -2 3 -1 18 15 7 9 -9 10 19 12 -10 -13 -11 16 24 -16 -4 -5 21 -7 23 -17 25 -6 27 -26 29 -29
right_child=1 -3 4 6 5 20 -8 8 11 14 -12 13 -14 -15 17 22 -18 -19 -20 -21 -22 -23 -24 -25 26 -27 -28 28 -30 -31
leaf_value=-0.04123211297392846 0.037887782082427296 0.0065881044811647608 -0.0018844550458890232 -0.044563500283395535 0.031618913451582194 -0.050986096885055308 0.023511480170488361 0.0086944278319697876 -0.00069772510379035441 0.030249380583516682 0.0010202109473092216 -0.056034818908572204 -0.040327942496263675 -0.014379107888787988 0.014146478442475199 -0.043991097167134285 0.023295769170857968 -0.019746356354281309 0.020366900454783305 -0.008498410515487196 -0.0046405962913228975 -0.0076638799214904969 0.00075236550548478322 -0.0033763076191147177 0.017572470783721657 0.0058415347850578492 0.0030493291875502942 -0.058213296748697747 -0.0064006027221982648 -0.012228179194033148
leaf_weight=12.999999999999998 14.999999999999998 91 2346 16.000000000000004 19 14.999999999999998 13.999999999999998 32 44 25 48 19 18 12.999999999999998 27 12.999999999999998 47 13.999999999999998 21 14.999999999999998 40 21 45 20 41 421 700 13.000000000000002 82 12.999999999999998
leaf_count=13 15 91 2346 16 19 15 14 32 44 25 48 19 18 13 27 13 47 14 21 15 40 21 45 20 41 421 700 13 82 13
internal_value=-0.00024245 0.0113464 -0.000541177 -0.00674906 -5.94647e-05 0.00250961 -0.00503136 -0.00659335 -0.0144584 0.000281344 -0.0105445 -0.0223672 -0.0126885 -0.0401138 0.0132297 0.00347825 0.00417027 0.00233705 -0.00167778 -0.0279783 -0.0153006 -0.0266522 -0.0082553 -0.0202508 0.00345403 0.00702779 0.00159376 -0.00520758 -0.0139535 -0.03659
internal_weight=4261 106 4155 298 3857 1490 285 271 126 145 79 94 62 32 66 1414 1336 41 2367 31 76 36 78 33 1289 440 849 149 108 26
internal_count=4261 106 4155 298 3857 1490 285 271 126 145 79 94 62 32 66 1414 1336 41 2367 31 76 36 78 33 1289 440 849 149 108 26
is_linear=0
shrinkage=0.035


Tree=115
num_leaves=31
num_cat=0
split_feature=8 50 58 3 46 62 47 1 1 20 1 2 10 5 2 10 3 2 3 3 11 51 2 10 12 51 2 5 1 2
split_gain=12.4804 10.4277 10.0786 13.0279 10.8012 8.74781 9.64438 9.21727 28.2457 26.0067 9.44261 9.10018 8.44867 9.66531 8.63664 8.59053 8.26973 9.21162 17.0268 14.0615 8.06368 7.89571 9.24898 7.61402 7.42515 7.15721 6.52354 6.32749 6.73463 6.26894
threshold=21.500000000000004 1.0000000180025095e-35 1.0000000180025095e-35 4.5850501060485849 1.0000000180025095e-35 1.0000000180025095e-35 1.0000000180025095e-35 42.500000000000007 36.500000000000007 1.0000000180025095e-35 44.500000000000007 89.500000000000014 3.8526501655578618 4956700.0000000009 103.50000000000001 4.051119565963746 0.31299999356269842 83.500000000000014 0.90344998240470897 2.2779500484466557 2.8750000000000004 1.0000000180025095e-35 81.500000000000014 3.5990195274353032 1.0000000180025095e-35 1.0000000180025095e-35 117.50000000000001 951000.00000000012 21.500000000000004 148.50000000000003
decision_type=2 2 2 2 2 2 2 2 2 2 2 2 2 2 2 2 2 2 2 2 2 2 2 2 2 2 2 2 2 2
left_child=1 2 4 -4 5 7 23 8 16 -9 -11 -8 13 24 15 -14 -1 18 -18 21 -21 -20 -23 -7 -2 -10 -13 -3 -29 -19
right_child=12 27 3 -5 -6 6 11 9 25 10 -12 26 14 -15 -16 -17 17 29 19 20 -22 22 -24 -25 -26 -27 -28 28 -30 -31
leaf_value=-0.025791472904822407 0.033102218249669448 0.01979295994779643 0.042372175456956034 0.0025952545766179504 -0.032769802358932794 -0.0089403512886748211 0.021498931661444277 -0.03673616101310561 0.010387151167300514 -0.02407982106220637 -0.0007977288860669693 -0.0096116375168591433 -0.0058612174415960923 0.0041245339689267389 0.00099244389795543025 -0.040455913590482222 -0.049468199069683368 -0.00061686858056731277 0.022220604476829369 -0.045322357640064384 -0.0079544202036793462 0.013278844544664024 -0.027755459189414976 -0.026909686041405291 0.0078481055393815058 0.030670903750509026 0.0096485571943159265 0.0073912099811634414 -0.0067944996307783738 -0.013144653834551575
leaf_weight=15.999999999999998 25 33 12.999999999999998 37 12.999999999999998 106 18 32 60 23 195 83 29 548 167 11.999999999999998 11.999999999999998 2342 20 12.000000000000002 17 13.000000000000002 11.999999999999998 40 34 34 28 145 56 49
leaf_count=16 25 33 13 37 13 106 18 32 60 23 195 83 29 548 167 12 12 2342 20 12 17 13 12 40 34 34 28 145 56 49
internal_value=-0.000374959 -0.00130568 -0.00183215 0.0135996 -0.00208389 -0.00194466 -0.00789494 -0.00136468 -0.000742332 -0.00776918 -0.00336082 -0.000889151 0.00351278 0.00559739 -0.00255997 -0.0167503 -0.0014562 -0.00128795 -0.0124769 -0.0058754 -0.0244707 0.00634164 -0.00666027 -0.0140249 0.0189515 0.0179879 -0.00469482 0.00580762 0.00341624 -0.000879726
internal_weight=4224 3409 3175 50 3125 3112 275 2837 2587 250 218 129 815 607 208 41 2493 2477 86 74 29 45 25 146 59 94 111 234 201 2391
internal_count=4224 3409 3175 50 3125 3112 275 2837 2587 250 218 129 815 607 208 41 2493 2477 86 74 29 45 25 146 59 94 111 234 201 2391
is_linear=0
shrinkage=0.035


Tree=116
num_leaves=31
num_cat=0
split_feature=62 47 58 5 11 2 2 4 46 12 0 49 4 10 8 4 65 4 0 4 21 4 4 2 52 2 4 11 2 5
split_gain=8.96399 11.8155 9.17759 9.94177 8.41362 9.81472 7.47247 9.07711 7.1401 6.3483 5.91131 5.87074 7.30299 6.53727 12.0273 13.0432 11.0314 10.0471 14.9199 14.3368 9.6826 9.42603 8.87902 16.1282 9.23486 12.1591 8.10015 13.7864 11.442 9.92471
threshold=1.0000000180025095e-35 1.0000000180025095e-35 1.0000000180025095e-35 58250000.000000007 3.3750000000000004 90.500000000000014 97.500000000000014 1.1180552840232851 1.0000000180025095e-35 4.5000000000000009 1996.5000000000002 1.0000000180025095e-35 0.27230378985404974 3.2947860956192021 4.5000000000000009 0.49536667764186865 1.0000000180025095e-35 0.89480146765708934 2008.5000000000002 0.78654643893241893 1.0000000180025095e-35 0.93385553359985363 0.49536667764186865 89.500000000000014 1.0000000180025095e-35 93.500000000000014 0.82259523868560802 2.3750000000000004 92.500000000000014 210000.00000000003
decision_type=2 2 2 2 2 2 2 2 2 2 2 2 2 2 2 2 2 2 2 2 2 2 2 2 2 2 2 2 2 2
left_child=2 4 8 -4 6 -6 -2 -8 11 -3 -9 12 -1 14 15 -14 17 18 26 -20 22 -19 23 -15 -24 -26 27 -17 -29 -28
right_child=1 9 3 -5 5 -7 7 10 -10 -11 -12 -13 13 20 -16 16 -18 21 19 -21 -22 -23 24 -25 25 -27 29 28 -30 -31
leaf_value=-0.025000535130500795 0.0061127556790239535 -0.0010690405115529806 0.041337638586759567 0.0065646680928766726 -0.04046575756243577 -0.012340134475974032 -0.036730136291123927 0.0096249589988340947 -0.022205223803408444 0.018221647539601215 -0.015140550505749329 0.0069616412976644497 0.023795836687088012 -0.04643225938379765 0.0052357359208135851 0.013939496680680249 -0.02847102301133176 0.018683831669415372 -0.053657360627502204 -0.0082503847798163256 0.020946260836906729 0.00050319032928522749 8.8186700260530239e-05 -0.00043598138648443506 -0.026387138516203886 -0.0041089101134872954 -0.038477893241246543 -0.027975528291737044 -0.00054385130707831951 -0.006258577480197659
leaf_weight=12.999999999999998 51 227 11.999999999999998 48 18 88 12.999999999999998 20 15.999999999999998 22 26 165 25 13.999999999999998 741 62 17 36 13.999999999999998 21 23 632 1461 25 33 265 13.999999999999998 23 84 57
leaf_count=13 51 227 12 48 18 88 13 20 16 22 26 165 25 14 741 62 17 36 14 21 23 632 1461 25 33 265 14 23 84 57
internal_value=8.2154e-05 -0.00449902 0.000644094 0.0141116 -0.0104696 -0.0174661 -0.00361513 -0.0120149 0.000423914 0.000694427 -0.00436002 0.000527516 0.000226943 0.000326917 0.00187013 -0.00066273 -0.00132559 -0.00080473 -0.00642386 -0.0274477 -0.00113505 0.00151206 -0.00142997 -0.0177392 -0.0010575 -0.00666182 -0.00324945 0.000923813 -0.00666102 -0.0130822
internal_weight=4266 465 3801 60 216 106 110 59 3741 249 46 3725 3560 3547 1726 985 960 943 275 35 1821 668 1798 39 1759 298 240 169 107 71
internal_count=4266 465 3801 60 216 106 110 59 3741 249 46 3725 3560 3547 1726 985 960 943 275 35 1821 668 1798 39 1759 298 240 169 107 71
is_linear=0
shrinkage=0.035


Tree=117
num_leaves=31
num_cat=0
split_feature=5 56 62 8 48 3 10 61 0 61 12 5 8 5 3 0 10 8 10 5 5 3 0 0 11 5 0 10 57 51
split_gain=9.30503 10.2831 7.15609 8.78801 11.3064 12.5533 17.0992 9.54018 8.37631 7.38644 7.05781 6.72592 9.788 8.8258 17.3387 6.54357 6.67563 12.582 6.49633 6.55768 6.11608 6.07063 5.99028 9.47966 9.98647 10.6424 12.288 5.79401 11.5429 8.51023
threshold=49600000.000000007 1.0000000180025095e-35 1.0000000180025095e-35 6.5000000000000009 1.0000000180025095e-35 2.8361999988555913 3.5293257236480717 1.0000000180025095e-35 1984.5000000000002 1.0000000180025095e-35 3.5000000000000004 11250000.000000002 8.5000000000000018 26287.500000000004 2.5670500993728642 2006.5000000000002 2.9978448152542119 38.500000000000007 3.9511904716491704 15750000.000000002 834863.50000000012 1.3479499816894533 1982.5000000000002 2001.5000000000002 3.1250000000000004 147812.50000000003 1994.5000000000002 4.2886903285980233 1.0000000180025095e-35 1.0000000180025095e-35
decision_type=2 2 2 2 2 2 2 2 2 2 2 2 2 2 2 2 2 2 2 2 2 2 2 2 2 2 2 2 2 2
left_child=1 2 3 10 7 6 -6 22 -4 11 27 12 13 14 -10 16 -13 -18 19 -7 -9 -2 -5 24 -24 26 -26 -1 29 -29
right_child=21 -3 8 4 5 18 -8 20 9 -11 -12 15 -14 -15 -16 -17 17 -19 -20 -21 -22 -23 23 -25 25 -27 -28 28 -30 -31
leaf_value=-0.0023253809691068665 0.025099630393584569 -0.01911464895690099 0.0033553011435179568 0.0079472931733314146 -0.0041795037326713405 0.013996692585914086 -0.053950299410025285 0.025743096246123316 -0.038918654859066003 -0.033917400531967484 -0.027704851267572779 -0.008576256318496088 -0.024814925862476231 0.016264539536709588 0.017299020832404494 -0.0014434566209847865 -0.048198877207934858 -0.0070715627471605947 -0.020615299702518516 -0.005285035691507396 0.0072859412273857749 0.0025814796650615365 0.0027299420191318133 0.0058390553721821628 -0.0033723644660069384 -0.0052218132202727892 -0.052955918825589698 0.00048043872357126987 -0.023771073604499302 0.019285070154921344
leaf_weight=1844 13.999999999999998 38 77 136 20 35 13.999999999999998 24 12.000000000000002 13.999999999999998 11.999999999999998 36 14.999999999999998 38 12.999999999999998 36 20 17 17 53 209 746 206 222 12.000000000000002 226 11.999999999999998 67 13.999999999999998 52
leaf_count=1844 14 38 77 136 20 35 14 24 12 14 12 36 15 38 13 36 20 17 17 53 209 746 206 222 12 226 12 67 14 52
internal_value=-0.000475359 -0.00123986 -0.00103716 -0.00056412 0.00181877 -0.00752222 -0.0256793 0.00306655 -0.00641208 -0.0101606 -0.00198607 -0.00820171 -0.000313013 0.00579001 -0.0100772 -0.0137768 -0.0197336 -0.030032 -0.00143949 0.00243527 0.00929647 0.00303102 0.00127192 -7.42444e-05 -0.00296339 -0.00765386 -0.0293607 -0.00181515 0.00521054 0.0088044
internal_weight=4251 3491 3453 3175 1186 139 34 1047 278 201 1989 187 78 63 25 109 73 37 105 88 233 760 814 678 456 250 24 1977 133 119
internal_count=4251 3491 3453 3175 1186 139 34 1047 278 201 1989 187 78 63 25 109 73 37 105 88 233 760 814 678 456 250 24 1977 133 119
is_linear=0
shrinkage=0.035


Tree=118
num_leaves=31
num_cat=0
split_feature=3 3 0 8 62 65 3 3 52 2 3 5 3 0 5 56 3 3 0 0 0 0 5 2 2 10 3 10 0 5
split_gain=12.65 12.4795 10.9628 8.88911 7.46334 7.68826 7.07718 6.95778 6.50975 8.92346 10.4834 11.388 9.87286 14.1554 17.2848 7.6871 6.42959 13.4078 6.74522 5.97121 5.89172 8.11886 9.08226 5.6786 7.52063 17.2426 6.42721 6.87957 15.6484 10.6299
threshold=0.31299999356269842 0.53374999761581432 2015.5000000000002 22.500000000000004 1.0000000180025095e-35 1.0000000180025095e-35 9.4185500144958514 1.6504999995231631 1.0000000180025095e-35 88.500000000000014 1.6935999989509585 11965000.000000002 1.6155499815940859 1998.5000000000002 1494211.5000000002 1.0000000180025095e-35 1.7353999614715578 2.0588999986648564 2004.5000000000002 1988.5000000000002 1992.5000000000002 2004.5000000000002 3950000.0000000005 133.50000000000003 140.50000000000003 3.8744747638702397 1.4142499566078188 2.3062499761581425 2008.5000000000002 11965000.000000002
decision_type=2 2 2 2 2 2 2 2 2 2 2 2 2 2 2 2 2 2 2 2 2 2 2 2 2 2 2 2 2 2
left_child=-1 -2 3 4 5 8 -4 -5 23 10 -10 -12 13 19 -15 20 18 -18 -6 -11 -14 -22 -23 26 25 -25 27 28 29 -3
right_child=1 2 6 7 16 -7 -8 -9 9 12 11 -13 15 14 -16 -17 17 -19 -20 -21 21 22 -24 24 -26 -27 -28 -29 -30 -31
leaf_value=-0.029620799681378734 0.019239989409409464 0.01707984774759971 0.0042877220396880435 0.0247641098744729 -0.0039839314490253503 -0.014019519341737034 0.021083985543399467 0.0020997190704247107 0.0044285374432802196 -0.0091105190153772889 -0.055165081109851591 -0.0077511170712801138 0.0093196681656936824 -0.06107181511016993 -0.012744439311736428 -0.025694356311112644 -0.034954043024584006 -0.0067066908240068926 0.022058094252777449 0.021015186022967102 -0.010047398069622713 0.026665434959861969 -0.00011996656286646613 -0.0029966252020342241 -0.00049114043265581129 -0.040790937736291784 0.0013856654944763673 -0.0049224507883730865 -0.029930223181843761 -0.0075933004785929967
leaf_weight=17 39 69 138 15.999999999999998 42 54 39 750 12.999999999999998 18.000000000000004 13.000000000000002 11.999999999999998 74 11.999999999999998 33 12.999999999999998 22 210 15.999999999999998 12.999999999999998 90 17 111 46 111 21 1746 439 12.999999999999998 30
leaf_count=17 39 69 138 16 42 54 39 750 13 18 13 12 74 12 33 13 22 210 16 13 90 17 111 46 111 21 1746 439 13 30
internal_value=-0.000341249 -0.000215894 -0.000402353 -0.000780398 -0.00158286 -0.00105392 0.00809608 0.00260708 -0.000806622 -0.00483566 -0.0207968 -0.0336471 -0.00318887 -0.0143881 -0.0267173 -0.000354632 -0.00693171 -0.00953135 0.00342252 0.00373009 0.000851377 -0.00204462 0.00360304 -0.000122151 -0.00612709 -0.015294 0.000344888 -0.00294648 0.00475818 0.00958447
internal_weight=4237 4220 4181 4004 3238 2948 177 766 2894 419 38 25 381 76 45 305 290 232 58 31 292 218 128 2475 178 67 2297 551 112 99
internal_count=4237 4220 4181 4004 3238 2948 177 766 2894 419 38 25 381 76 45 305 290 232 58 31 292 218 128 2475 178 67 2297 551 112 99
is_linear=0
shrinkage=0.035


Tree=119
num_leaves=31
num_cat=0
split_feature=8 0 10 10 5 2 3 61 60 3 0 2 2 54 8 11 2 3 3 0 3 8 0 0 2 3 2 0 3 8
split_gain=8.7027 8.15457 7.61209 14.9656 34.3009 11.5923 9.3558 9.24772 10.7725 9.70612 12.7302 16.8444 14.5788 10.8993 16.4228 10.4895 10.0158 8.77663 18.0733 18.0666 12.2444 9.25427 8.73052 8.31822 8.2851 15.9725 10.8567 13.9137 9.7518 15.8049
threshold=62.500000000000007 2016.5000000000002 3.3765244483947758 3.4007576704025273 9902345.0000000019 76.500000000000014 0.53374999761581432 1.0000000180025095e-35 1.0000000180025095e-35 2.6324499845504765 1994.5000000000002 91.500000000000014 119.50000000000001 1.0000000180025095e-35 1.5000000000000002 2.8750000000000004 131.50000000000003 1.0438999533653261 1.1958000063896181 2001.5000000000002 2.4453500509262089 2.5000000000000004 2001.5000000000002 2000.5000000000002 89.500000000000014 0.64110001921653759 91.500000000000014 2005.5000000000002 1.22995001077652 1.5000000000000002
decision_type=2 2 2 2 2 2 2 2 2 2 2 2 2 2 2 2 2 2 2 2 2 2 2 2 2 2 2 2 2 2
left_child=1 2 6 4 -4 -5 -1 9 -9 10 11 -8 -13 17 22 23 -14 -12 -19 21 -21 -20 -15 -16 25 -7 27 -26 -27 -30
right_child=-2 -3 3 5 -6 24 7 8 -10 -11 13 12 16 14 15 -17 -18 18 19 20 -22 -23 -24 -25 26 28 -28 -29 29 -31
leaf_value=0.02455838999003172 0.0067376597860310302 0.010636580161494203 -0.070224627686807747 0.023971975734146934 -0.00050623729783627722 -0.040602764961620172 -0.011776678566400689 0.0067673678017733628 -0.025694152649993508 0.0021341328092274706 0.013697592494006343 0.0093489326487007154 -0.028509482901624365 -0.046780639182426968 -0.0099844004198124548 -0.010570859512281395 0.0084742620207369345 -0.035257498790820442 -0.02977730616575314 0.011719611715864772 -0.013339775663699644 -0.0062616334704395675 -0.017835073708699033 0.019147903049082468 0.026567134970144648 0.012694494871615336 -0.0019435910921522474 -0.0077773790184874105 -0.028840323432152603 -0.0022006252680415988
leaf_weight=19 218 79 11.999999999999998 20 26 17 81 349 11.999999999999998 877 38 243 22 14.999999999999998 18 109 13.999999999999998 20 26 117 29 90 84 32 36 28 1473 23 37 98
leaf_count=19 218 79 12 20 26 17 81 349 12 877 38 243 22 15 18 109 14 20 26 117 29 90 84 32 36 28 1473 23 37 98
internal_value=-5.74148e-05 -0.000425725 -0.000649202 -0.00235655 -0.0238036 -0.00187153 0.000727219 0.000507146 0.00561548 -0.000510462 -0.00298458 0.00217479 0.00625905 -0.00619925 -0.011539 -0.00450386 -0.0142393 -0.00186613 -0.00401054 -0.00149363 0.00667327 -0.0117568 -0.0226622 0.00863583 -0.00218828 -0.00927212 -0.00134933 0.0132429 -0.00576618 -0.00967312
internal_weight=4262 4044 3965 1770 38 1732 2195 2176 361 1815 938 360 279 578 258 159 36 320 282 262 146 116 99 50 1712 180 1532 59 163 135
internal_count=4262 4044 3965 1770 38 1732 2195 2176 361 1815 938 360 279 578 258 159 36 320 282 262 146 116 99 50 1712 180 1532 59 163 135
is_linear=0
shrinkage=0.035


Tree=120
num_leaves=31
num_cat=0
split_feature=5 56 61 12 0 0 0 0 4 47 2 2 2 5 10 2 5 54 10 61 0 0 57 5 4 25 10 11 8 0
split_gain=10.0439 7.8135 6.65972 6.51979 9.25965 6.0836 5.88481 7.37161 14.3495 14.4366 11.4218 24.6965 12.5973 12.7547 10.0252 6.57373 15.3702 8.85259 10.383 9.60299 12.5381 20.4181 16.4851 10.7377 9.82887 9.52468 8.80493 17.3612 20.7466 7.80031
threshold=21277725.000000004 1.0000000180025095e-35 1.0000000180025095e-35 1.0000000180025095e-35 2012.5000000000002 1955.5000000000002 2016.5000000000002 2013.5000000000002 1.6601785421371462 1.0000000180025095e-35 86.500000000000014 91.500000000000014 116.50000000000001 418500.00000000006 4.2111954689025888 111.50000000000001 1400005.0000000002 1.0000000180025095e-35 4.0023808479309091 1.0000000180025095e-35 1993.5000000000002 1996.5000000000002 1.0000000180025095e-35 1974325.0000000002 1.9890858530998232 1.0000000180025095e-35 3.2639318704605107 3.8750000000000004 4.5000000000000009 2010.5000000000002
decision_type=2 2 2 2 2 2 2 2 2 2 2 2 2 2 2 2 2 2 2 2 2 2 2 2 2 2 2 2 2 2
left_child=1 6 3 4 -2 -3 7 14 9 10 -9 -12 13 -13 15 17 26 18 25 20 -19 23 -23 -22 -21 29 -17 28 -28 -1
right_child=2 5 -4 -5 -6 -7 -8 8 -10 -11 11 12 -14 -15 -16 16 -18 19 -20 24 21 22 -24 -25 -26 -27 27 -29 -30 -31
leaf_value=-0.0012891009154006223 -0.0017040143036085077 -0.0018147219327442788 0.0072696500631098306 0.0058875089537719421 0.0061380988370457849 -0.031349799248389904 0.01361847525718622 0.021436616668620938 0.010283646373962984 -0.048761167443715614 -0.058774414972903637 -0.018174087318865693 -0.031756978265941149 0.0092886693797047896 0.0070278690965333446 0.024058671342725258 -0.0017589004993670198 -0.00049440851612889678 -0.021660586172714831 0.0039873286122896687 -0.051898450233953328 -0.011652721394547406 0.021375765877682716 -0.010876815237104894 -0.027750487101765781 0.02592864858961719 0.0061493769250810159 0.017236471753687629 -0.044958270304401714 0.012792334565696508
leaf_weight=871 914 15.999999999999998 246 273 230 18 31 11.999999999999998 39 11.999999999999998 11.999999999999998 33 20 52 177 45 429 159 27 147 22 257 19 12.999999999999998 11.999999999999998 15.999999999999998 27 61 13.999999999999998 50
leaf_count=871 914 16 246 273 230 18 31 12 39 12 12 33 20 52 177 45 429 159 27 147 22 257 19 13 12 16 27 61 14 50
internal_value=-0.000156947 -0.00151961 0.0019647 0.00103801 -0.000121853 -0.0179499 -0.00129352 -0.00148253 -0.00828982 -0.0134757 -0.00983006 -0.0132062 -0.00747657 -0.00144034 -0.000956181 -0.00161146 0.00158898 -0.00277005 -0.000658701 -0.00599693 -0.00850835 -0.0125852 -0.00930374 -0.0374358 0.00142261 -2.9211e-05 0.011317 0.00549971 -0.0119153 -0.000509693
internal_weight=4254 2591 1663 1417 1144 34 2557 2526 180 141 129 117 105 85 2346 2169 576 1593 964 629 470 311 276 35 159 937 147 102 41 921
internal_count=4254 2591 1663 1417 1144 34 2557 2526 180 141 129 117 105 85 2346 2169 576 1593 964 629 470 311 276 35 159 937 147 102 41 921
is_linear=0
shrinkage=0.035


Tree=121
num_leaves=31
num_cat=0
split_feature=8 58 3 0 2 0 8 6 0 8 2 2 6 2 56 0 0 10 11 3 2 20 6 50 8 12 20 3 47 6
split_gain=8.4608 7.74979 9.45553 12.1763 14.4491 16.2194 11.2449 9.4441 9.0714 9.01186 23.2014 14.7353 11.9322 13.5771 7.62273 7.16028 13.7156 9.37982 10.1984 15.5218 11.9357 9.33716 8.72911 8.19508 8.55921 10.2499 8.10708 15.0168 8.41979 14.2079
threshold=59.500000000000007 1.0000000180025095e-35 0.87884998321533214 2012.5000000000002 83.500000000000014 2009.5000000000002 4.5000000000000009 17.813669204711918 1936.5000000000002 1.5000000000000002 98.500000000000014 91.500000000000014 14.096745491027834 105.50000000000001 1.0000000180025095e-35 1984.5000000000002 1999.5000000000002 4.2886903285980233 3.6250000000000004 7.7573499679565439 107.50000000000001 1.0000000180025095e-35 14.217102050781252 1.0000000180025095e-35 6.5000000000000009 1.0000000180025095e-35 1.0000000180025095e-35 1.2763999700546267 1.0000000180025095e-35 15.98061513900757
decision_type=2 2 2 2 2 2 2 2 2 2 2 2 2 2 2 2 2 2 2 2 2 2 2 2 2 2 2 2 2 2
left_child=1 2 3 4 -1 6 9 -3 -4 10 11 -6 13 -11 15 21 17 18 20 -20 -17 -10 -22 24 25 26 27 -18 -28 -30
right_child=-2 7 8 -5 5 -7 -8 -9 14 12 -12 -13 -14 -15 -16 16 23 -19 19 -21 22 -23 -24 -25 -26 -27 28 -29 29 -31
leaf_value=-0.033280580501382551 0.0058458035383562035 0.035873620139434938 -0.020851613854644475 -0.037550902569666506 -0.0079203688030441612 0.03109292871016078 -0.030430621302127842 0.0043606226115135123 -0.012004193915223534 0.033505337358624848 0.0084463774031786204 -0.048997778763373696 -0.011562927321172678 -0.0075178613355383287 -0.015683816835470498 -0.0059751077867122018 0.030965425128833605 0.014576495970628458 -0.0087560631360529984 -0.048190840074935792 0.018458159928112044 0.004831377755329434 0.00050623450206135814 0.009091770091621397 0.0034503199304138361 -0.017403248042814085 -0.00045186079250486219 0.0015472499450449558 -0.030265465162694457 -0.0043900411348667245
leaf_weight=20 246 12.999999999999998 26 14.999999999999998 23 14.999999999999998 19 73 43 26 42 20 25 14.999999999999998 39 519 25 31 237 11.999999999999998 37 486 264 134 637 47 842 118 30 166
leaf_count=20 246 13 26 15 23 15 19 73 43 26 42 20 25 15 39 519 25 31 237 12 37 486 264 134 637 47 842 118 30 166
internal_value=-0.000440055 -0.000828534 -0.00105839 -0.00809144 -0.00575555 -0.00260753 -0.00575578 0.00950192 -0.000636869 -0.00245971 -0.00995172 -0.0277453 0.0071675 0.0186335 -0.000487418 -0.000319302 -0.000962401 -0.00409965 -0.004656 -0.0108487 -0.00276248 0.00343952 0.00277256 0.000764263 0.000160443 -0.00154611 -0.000899375 0.00688176 -0.00197862 -0.00849298
internal_weight=4245 3999 3913 220 205 185 170 86 3693 151 85 43 66 41 3667 3628 3099 1100 1069 249 820 529 301 1999 1865 1228 1181 143 1038 196
internal_count=4245 3999 3913 220 205 185 170 86 3693 151 85 43 66 41 3667 3628 3099 1100 1069 249 820 529 301 1999 1865 1228 1181 143 1038 196
is_linear=0
shrinkage=0.035


Tree=122
num_leaves=31
num_cat=0
split_feature=65 3 10 6 10 10 6 8 3 0 21 61 0 62 58 6 50 3 3 11 3 6 51 3 0 0 6 51 3 3
split_gain=6.86445 6.67939 6.64363 6.49437 6.11916 12.0641 45.341 9.44064 11.7955 7.91391 6.65506 5.39555 5.7696 8.4075 5.12419 6.39083 5.03681 5.07082 16.9528 10.5748 10.4948 7.47089 16.9886 10.2159 6.86116 9.70722 6.58675 22.1758 6.30731 5.45236
threshold=1.0000000180025095e-35 24.961750030517582 3.8343495130538945 19.101169586181644 3.3765244483947758 3.4007576704025273 16.108233451843265 3.5000000000000004 0.95569998025894176 1984.5000000000002 1.0000000180025095e-35 1.0000000180025095e-35 1999.5000000000002 1.0000000180025095e-35 1.0000000180025095e-35 18.05681133270264 1.0000000180025095e-35 1.4142499566078188 1.3612499833106997 1.6250000000000002 1.3862500190734866 14.096745491027834 1.0000000180025095e-35 0.87884998321533214 2002.5000000000002 1994.5000000000002 15.754226684570314 1.0000000180025095e-35 1.078500032424927 1.5311999917030337
decision_type=2 2 2 2 2 2 2 2 2 2 2 2 2 2 2 2 2 2 2 2 2 2 2 2 2 2 2 2 2 2
left_child=1 3 -2 4 7 6 -6 9 -9 -1 14 12 13 -10 -7 -16 17 18 19 -11 -20 22 24 -24 25 -21 27 -23 -26 -19
right_child=2 -3 -4 -5 5 10 -8 8 11 16 -12 -13 -14 -15 15 -17 -18 29 20 21 -22 26 23 -25 28 -27 -28 -29 -30 -31
leaf_value=0.0069921981940087872 -0.017822667266242206 0.015182947161662229 0.0052383324818431661 0.013640301499003546 -0.074640627922346964 -0.0020697352837208672 0.0051813360568549903 0.031826410309356803 0.00061745492874523981 0.010715184619565579 0.016735377320166056 0.0075195539633161404 0.0040654336928382002 -0.012067175401031579 0.030877493798876041 9.4632601171421507e-05 0.0069670070517730588 0.010680664773168974 -0.057050878641123945 -0.0045982129962201437 -0.010375317332836299 0 0.030924612418464992 -0.0045414099660184663 -0.016944528145715593 -0.048855587071237661 -0.0086514171450398861 -0.061271272629499433 0.015870909304572987 -0.0026878823880876822
leaf_weight=112 51 33 21 39 11.999999999999998 1816 26 15.999999999999998 404 43 23 209 470 75 11.999999999999998 23 59 39 12.000000000000002 12.000000000000002 11.999999999999998 15 22 17 15.000000000000002 11.999999999999998 55 13 11.999999999999998 564
leaf_count=112 51 33 21 39 12 1816 26 16 404 43 23 209 470 75 12 23 59 39 12 12 12 15 22 17 15 12 55 13 12 564
internal_value=-0.000452291 -0.000265621 -0.011093 -0.000392852 -0.000530059 -0.00197625 -0.0212483 0.000733231 0.00286931 -0.00173857 -0.0015734 0.00244059 0.00131346 -0.00138601 -0.00181076 0.0112619 -0.00283113 -0.0035264 -0.00782099 -0.00463049 -0.0351316 -0.00849445 -0.00144966 0.0156943 -0.0146431 -0.027866 -0.0160044 -0.0295909 -0.00225145 -0.0018041
internal_weight=4244 4172 72 4139 4100 1912 38 2188 1174 1014 1874 1158 949 479 1851 35 902 843 240 216 24 173 90 39 51 24 83 28 27 603
internal_count=4244 4172 72 4139 4100 1912 38 2188 1174 1014 1874 1158 949 479 1851 35 902 843 240 216 24 173 90 39 51 24 83 28 27 603
is_linear=0
shrinkage=0.035


Tree=123
num_leaves=31
num_cat=0
split_feature=62 3 10 3 58 3 8 2 10 2 61 54 2 5 5 2 2 5 3 3 3 2 0 2 3 3 10 0 0 2
split_gain=6.7345 8.27822 8.3228 8.46102 7.15914 7.58537 19.6137 11.015 13.9997 20.0095 6.78824 8.08435 7.40295 7.99226 7.68913 7.59617 7.29245 12.0788 11.3762 6.93275 12.3269 9.14736 8.61334 6.67469 6.57902 16.2006 7.54903 6.43407 27.4163 7.64003
threshold=1.0000000180025095e-35 10.178250312805178 4.0115790367126474 0.90344998240470897 1.0000000180025095e-35 0.71780002117156994 3.5000000000000004 95.500000000000014 3.997916698455811 90.500000000000014 1.0000000180025095e-35 1.0000000180025095e-35 110.50000000000001 20750000.000000004 655000.00000000012 81.500000000000014 91.500000000000014 127500.00000000001 1.2459999918937685 2.3538000583648686 1.6341499686241152 124.50000000000001 1997.5000000000002 156.50000000000003 0.83439999818801891 0.90344998240470897 2.4895833730697636 1994.5000000000002 1996.5000000000002 100.50000000000001
decision_type=2 2 2 2 2 2 2 2 2 2 2 2 2 2 2 2 2 2 2 2 2 2 2 2 2 2 2 2 2 2
left_child=4 2 3 -2 5 6 7 8 9 -1 11 24 13 15 19 -13 17 -12 -18 20 -14 -22 -21 -20 26 -26 -7 -17 -29 -30
right_child=1 -3 -4 -5 -6 10 -8 -9 -10 -11 16 12 14 -15 -16 27 18 -19 23 22 21 -23 -24 -25 25 -27 -28 28 29 -31
leaf_value=0.01860908724242737 0.020278509881347419 0.0077637875109649035 -0.028446418764951981 -0.0057318660490281812 0.012256499418574904 -0.003730694856351384 -0.049120902107312132 0.0087213595255743719 -0.041742608952801678 -0.036156810152989168 -0.033478308873483915 0.016230885358417737 0.016081557289501162 0.0029802363178750967 -0.0010733464370458684 -0.002204696050713544 0.020051408847677525 0.00059596291474170156 0.0026660203857196869 0.0037498488491401068 0.0056518457015355423 -0.033254364888370039 0.041084783010184769 0.021189969161450863 -0.031720395034799974 0.001679856449325405 0.03132809994781488 -0.053879965546376571 -0.0027255214720881913 -0.013947236140524821
leaf_weight=21 14.999999999999998 63 18 364 62 12.000000000000002 11.999999999999998 47 14.999999999999998 11.999999999999998 14.999999999999998 15.999999999999998 37 127 627 176 55 62 542 15.000000000000002 14.000000000000002 13.999999999999998 14.999999999999998 24 17 1503 18 15.999999999999998 157 142
leaf_count=21 15 63 18 364 62 12 12 47 15 12 15 16 37 127 627 176 55 62 542 15 14 14 15 24 17 1503 18 16 157 142
internal_value=6.77448e-05 -0.00392522 -0.00579939 -0.00464717 0.000555937 0.000356734 -0.0087821 -0.00320984 -0.0148678 -0.00173202 0.000630905 -0.000113349 -0.00208679 -0.00484352 0.00033486 -0.00680877 0.00372771 -0.00636355 0.00499 0.00956162 0.00298578 -0.0142168 0.0231969 0.00349056 0.0016122 0.00128454 0.0175802 -0.00759457 -0.010584 -0.00808946
internal_weight=4233 460 397 379 3773 3711 107 95 48 33 3604 2906 1356 634 722 507 698 77 621 95 65 28 30 566 1550 1520 30 491 315 299
internal_count=4233 460 397 379 3773 3711 107 95 48 33 3604 2906 1356 634 722 507 698 77 621 95 65 28 30 566 1550 1520 30 491 315 299
is_linear=0
shrinkage=0.035


Tree=124
num_leaves=31
num_cat=0
split_feature=0 25 63 5 47 3 5 20 8 10 3 47 0 10 8 3 0 54 2 5 2 3 2 5 0 48 54 30 63 8
split_gain=8.58636 13.3059 13.8589 13.4746 10.42 14.0412 10.3796 7.59984 7.46849 8.11877 12.3303 11.4066 9.91438 8.81646 9.12583 12.9 12.4205 15.9729 26.1526 22.1322 16.9058 11.6474 11.1431 8.99128 8.30433 8.12827 8.03661 7.76224 7.56547 7.40646
threshold=2010.5000000000002 1.0000000180025095e-35 1.0000000180025095e-35 94000.000000000015 1.0000000180025095e-35 2.9972000122070317 17950000.000000004 1.0000000180025095e-35 44.500000000000007 4.1899731159210214 1.9943000078201296 1.0000000180025095e-35 1992.5000000000002 3.3147007226943974 1.5000000000000002 0.69154998660087597 1993.5000000000002 1.0000000180025095e-35 93.500000000000014 951000.00000000012 102.50000000000001 0.97860002517700206 106.50000000000001 12875428.500000002 2005.5000000000002 1.0000000180025095e-35 1.0000000180025095e-35 1.0000000180025095e-35 1.0000000180025095e-35 3.5000000000000004
decision_type=2 2 2 2 2 2 2 2 2 2 2 2 2 2 2 2 2 2 2 2 2 2 2 2 2 2 2 2 2 2
left_child=8 2 4 -4 7 6 -6 -2 9 13 12 -12 -11 14 16 -16 25 19 -19 24 28 -20 -23 -24 -18 -1 -14 29 -21 -15
right_child=1 -3 3 -5 5 -7 -8 -9 -10 10 11 -13 26 27 15 -17 17 18 21 20 -22 22 23 -25 -26 -27 -28 -29 -30 -31
leaf_value=0.0055903674181934223 0.026628942899654309 -0.02807150226365775 -0.030674639860788982 -0.00081415488911388482 -0.041809297327883535 0.0042949016313267568 -0.0010854490792844445 0.0082474704799742077 0.0042098862146660379 -0.0006240330599248411 -0.011859217903998524 0.021090742273365749 0.042318870202948652 -0.00036971686696948098 0.033791051018238066 0.0011379795541320722 0.0064957855198532356 -0.064325873077412443 0.017277116557225015 -0.010798031541705132 -0.040886146957937047 -0.035996378464555299 0.015142200458049771 -0.021560018873773516 0.042574395567178729 -0.017337165829556231 0.013260448374575184 0.023242423549294469 0.017070252821287688 -0.0059078978359762349
leaf_weight=135 29 14.999999999999998 20 158 15.000000000000002 116 14.999999999999998 402 358 27 52 15.999999999999998 20 460 13.999999999999998 1293 19 13.999999999999998 11.999999999999998 39 18 26 14.000000000000002 17 12.999999999999998 21 30 11.999999999999998 15.999999999999998 832
leaf_count=135 29 15 20 158 15 116 15 402 358 27 52 16 20 460 14 1293 19 14 12 39 18 26 14 17 13 21 30 12 16 832
internal_value=0.000175609 0.00351592 0.0041821 -0.00433167 0.00681451 -0.00125042 -0.0221957 0.0095471 -0.000568481 -0.00112205 0.00693357 -0.00388762 0.0164397 -0.00152014 0.000178143 0.00151465 -0.0048844 -0.0109206 -0.0222992 -0.00178402 -0.012413 -0.01295 -0.0195319 -0.00497492 0.0220517 0.00240205 0.02552 -0.00367017 -0.00249959 -0.00393926
internal_weight=4228 770 755 178 577 146 30 431 3458 3100 145 68 77 2955 1651 1307 344 188 83 105 73 69 57 31 32 156 50 1304 55 1292
internal_count=4228 770 755 178 577 146 30 431 3458 3100 145 68 77 2955 1651 1307 344 188 83 105 73 69 57 31 32 156 50 1304 55 1292
is_linear=0
shrinkage=0.035


Tree=125
num_leaves=31
num_cat=0
split_feature=8 0 31 3 10 2 51 20 0 2 3 2 3 3 2 52 3 2 3 2 3 20 2 2 10 5 0 3 3 2
split_gain=12.3106 9.0023 16.9128 11.2306 40.2146 7.88544 11.6417 11.8427 12.6891 11.1042 16.2274 17.0517 12.7546 9.80594 8.85229 8.70496 9.24925 14.4878 7.84309 7.5156 7.41246 10.3551 8.15139 11.6539 10.464 9.94597 8.6523 7.38077 7.26359 7.11558
threshold=1.5000000000000002 2001.5000000000002 1.0000000180025095e-35 0.71780002117156994 3.3765244483947758 94.500000000000014 1.0000000180025095e-35 1.0000000180025095e-35 2009.5000000000002 78.500000000000014 0.85545000433921825 89.500000000000014 0.97860002517700206 1.0438999533653261 104.50000000000001 1.0000000180025095e-35 2.0076498985290532 84.500000000000014 1.6787500381469729 85.500000000000014 2.981299996376038 1.0000000180025095e-35 99.500000000000014 106.50000000000001 2.9978448152542119 26287.500000000004 2013.5000000000002 1.3479499816894533 2.1235500574111943 103.50000000000001
decision_type=2 2 2 2 2 2 2 2 2 2 2 2 2 2 2 2 2 2 2 2 2 2 2 2 2 2 2 2 2 2
left_child=5 2 3 4 -2 9 20 8 -8 -1 11 19 -12 14 -9 16 18 -18 -14 -11 22 -22 28 25 -25 29 -26 -15 -7 -24
right_child=1 -3 -4 -5 -6 6 7 13 -10 10 12 -13 15 27 -16 -17 17 -19 -20 -21 21 -23 23 24 26 -27 -28 -29 -30 -31
leaf_value=0.016196022255718708 0.02553000451051271 0.0022593494808604356 -0.029969859109371902 -0.00063784396066761005 -0.055585055785253648 -0.0023890248860791328 0.0052237770030274999 -0.030455753876268858 0.049572334021329878 -0.030195774093270296 0.019784583038091663 -0.055333764880139295 -0.0048237246210084241 0.021398895183578136 0.0069804988692586251 -0.027714887180831285 -0.04679452704191208 -0.0082557945626904258 0.018214249620942969 0.0050951685085892685 -0.018778748395542302 0.0088352304653730243 -0.051858884309728945 -0.019631149793751537 0.0023240194997354228 -0.010780229656385597 -0.022440110741555695 0.00091907748896604378 0.026978957146406173 -0.016602389841526743
leaf_weight=19 12.000000000000002 1500 24 1839 17 49 19 19.000000000000004 12.999999999999998 13.000000000000002 19 18 84 27 11.999999999999998 27 13.999999999999998 63 22 14.999999999999998 20 79 17 49 126 43 19 95 11.999999999999998 14.000000000000002
leaf_count=19 12 1500 24 1839 17 49 19 19 13 13 19 18 84 27 12 27 14 63 22 15 20 79 17 49 126 43 19 95 12 14
internal_value=-0.000733687 0.000234678 -0.00136993 -0.0009857 -0.0222297 -0.00435338 -0.0020831 0.00522995 0.0242496 -0.00905794 -0.0108615 -0.0296289 -0.00697153 0.00110897 -0.0161443 -0.00948291 -0.00664743 -0.0157954 6.69266e-05 -0.0117058 -0.00525302 0.00310715 -0.00777579 -0.0103988 -0.00582159 -0.0221377 -0.00104042 0.00560285 0.00370202 -0.0370077
internal_weight=4299 3392 1892 1868 29 907 613 185 32 294 275 46 229 153 31 210 183 77 106 28 428 99 329 268 194 74 145 122 61 31
internal_count=4299 3392 1892 1868 29 907 613 185 32 294 275 46 229 153 31 210 183 77 106 28 428 99 329 268 194 74 145 122 61 31
is_linear=0
shrinkage=0.035


Tree=126
num_leaves=31
num_cat=0
split_feature=0 8 10 0 12 55 5 3 3 0 5 10 52 0 3 0 5 64 48 0 5 10 10 0 51 3 5 8 5 0
split_gain=7.03669 7.73353 7.85879 9.05387 7.23797 13.7491 7.17253 6.81153 19.1502 6.71719 21.5079 15.8267 6.48204 6.0254 7.78388 7.25268 5.77906 5.22609 19.9646 5.12064 5.04863 11.4588 11.2973 22.2634 9.09316 7.9717 6.11654 5.00125 4.85614 8.15335
threshold=2016.5000000000002 5.5000000000000009 3.0843495130538945 2010.5000000000002 1.0000000180025095e-35 1.0000000180025095e-35 49600000.000000007 14.878799915313722 11.076600074768068 2015.5000000000002 11965000.000000002 3.1215692758560185 1.0000000180025095e-35 1980.5000000000002 5.3059499263763437 2002.5000000000002 154.00000000000003 1.0000000180025095e-35 1.0000000180025095e-35 1976.5000000000002 10891086.500000002 3.8402127027511601 3.4290293455123906 1994.5000000000002 1.0000000180025095e-35 2.7826499938964848 3950000.0000000005 131.50000000000003 1494211.5000000002 1962.5000000000002
decision_type=2 2 2 2 2 2 2 2 2 2 2 2 2 2 2 2 2 2 2 2 2 2 2 2 2 2 2 2 2 2
left_child=1 7 16 4 5 13 -7 8 9 17 11 -11 27 14 19 20 -3 -1 -19 -4 22 -22 23 -15 25 -24 -26 28 29 -6
right_child=-2 2 3 -5 12 6 -8 -9 -10 10 -12 -13 -14 15 -16 -17 -18 18 -20 -21 21 -23 24 -25 26 -27 -28 -29 -30 -31
leaf_value=-0.00077353745180787988 0.010328731418862298 0.017326894783414901 -0.0027335136700986011 0.007813849679904273 -0.0081662949643316971 -0.02542074215385531 -0.0019002428827062251 0.023659600124667543 -0.042555155113339425 -0.0049721219425018009 0.0033629035858268094 -0.058768249028827997 -0.0067330091138190426 -0.0056253579276800162 0.02709596264527904 0.0020019712856856001 0.0038241131033396004 -0.00089695500597477933 -0.044869722978211943 0.019331296821357681 -0.0003076265651610141 -0.028178677928075196 -0.031253558566172922 -0.059285095690749592 0.019320634997409322 -0.0012854824769310653 -0.0071888462723232816 0.016990225311834365 0.0012265330537486905 0.021034711595339619
leaf_weight=2009 79 41 65 160 15.999999999999998 48 24 11.999999999999998 12.999999999999998 12.000000000000002 43 14.999999999999998 87 24 17 206 554 61 14.999999999999998 14.999999999999998 189 19 20 14.999999999999998 22 23 19 31 384 38
leaf_count=2009 79 41 65 160 16 48 24 12 13 12 43 15 87 24 17 206 554 61 15 15 189 19 20 15 22 23 19 31 384 38
internal_value=4.57035e-05 -0.000149851 0.00141126 -1.53953e-06 -0.000999185 -0.00335028 -0.017738 -0.00159502 -0.00174646 -0.00147985 -0.0120699 -0.0359528 0.00198371 -0.00168822 0.006292 -0.00314199 0.004785 -0.00111785 -0.0100685 0.00156962 -0.00634502 -0.00298456 -0.0119437 -0.0272736 -0.00456857 -0.0156574 0.00711542 0.00361527 0.00262811 0.0123596
internal_weight=4276 4197 2017 1422 1262 706 72 2180 2168 2155 70 27 556 634 97 537 595 2085 76 80 331 208 123 39 84 43 41 469 438 54
internal_count=4276 4197 2017 1422 1262 706 72 2180 2168 2155 70 27 556 634 97 537 595 2085 76 80 331 208 123 39 84 43 41 469 438 54
is_linear=0
shrinkage=0.035


Tree=127
num_leaves=31
num_cat=0
split_feature=8 2 11 3 2 2 3 3 0 0 3 2 3 11 48 5 0 0 5 2 5 0 21 2 11 3 8 2 11 57
split_gain=7.41777 10.7307 8.40703 10.4937 37.919 34.128 8.31052 7.00089 16.331 12.9869 10.7102 9.06678 10.8296 16.7205 13.1319 7.96985 7.23874 16.1605 17.4766 17.1995 12.7401 11.6214 6.82884 6.41511 10.8963 11.9163 11.3635 9.5779 8.15825 15.3102
threshold=18.500000000000004 72.500000000000014 3.3750000000000004 0.64110001921653759 88.500000000000014 102.50000000000001 1.6341499686241152 1.4142499566078188 2008.5000000000002 2010.5000000000002 0.64110001921653759 108.50000000000001 1.3716999888420107 2.3750000000000004 1.0000000180025095e-35 210000.00000000003 1979.5000000000002 1986.5000000000002 1325000.0000000002 100.50000000000001 11965000.000000002 1997.5000000000002 1.0000000180025095e-35 131.50000000000003 3.8750000000000004 3.4138000011444096 7.5000000000000009 152.50000000000003 4.3750000000000009 1.0000000180025095e-35
decision_type=2 2 2 2 2 2 2 2 2 2 2 2 2 2 2 2 2 2 2 2 2 2 2 2 2 2 2 2 2 2
left_child=1 -1 7 4 -4 -6 -2 8 10 -10 -3 12 13 14 -12 -11 -15 -18 19 -19 21 -20 23 28 -25 27 -27 -26 -5 -30
right_child=6 2 3 22 5 -7 -8 -9 9 15 11 -13 -14 16 -16 -17 17 18 20 -21 -22 -23 -24 24 25 26 -28 -29 29 -31
leaf_value=0.030689670991439089 0.02202220193353983 0.021763990920199001 -0.057645758228082405 -0.002914722099230244 0.043550238153462602 -0.029945635502110237 0.0019346410180032766 0.0015668073664723875 -0.053857170581817632 -0.026907397669740013 0.013189122846232186 0.0089301436118980598 -0.029508695870934225 0.008330255055113844 -0.023626160260289908 0.010124245912696308 -0.05045003620162606 0.026012844044268135 -0.062265883929024525 -0.021438759848351283 -0.0031135289001244094 -0.018561575631526387 0.015966210564288 0.0011890501689929996 -0.014050689002188544 -0.04354367680940778 -0.0078516130465082837 0.015905187738868537 0.010722971087610191 -0.024839309928007425
leaf_weight=11.999999999999998 25 22 18 1137 14.000000000000002 14.999999999999998 895 1424 11.999999999999998 15.000000000000002 78 61 21 18 12.999999999999998 11.999999999999998 12.999999999999998 24 11.999999999999998 13.999999999999998 26 21 23 77 47 27 19 17 116 15.999999999999998
leaf_count=12 25 22 18 1137 14 15 895 1424 12 15 78 61 21 18 13 12 13 24 12 14 26 21 23 77 47 27 19 17 116 16
internal_value=-0.000273391 -0.00104363 -0.00116836 -0.0030753 -0.0191905 0.00574578 0.00250572 0.000460809 -0.00387737 -0.0249762 -0.00125521 -0.00300997 -0.00607647 -0.00369767 0.00771114 -0.0106126 -0.0118191 -0.0151774 -0.00996568 0.00838435 -0.0217563 -0.0358694 -0.00254939 -0.00285383 -0.00889175 -0.0159112 -0.0293193 -0.00594446 -0.00195641 0.00624488
internal_weight=4244 3324 3312 1526 47 29 920 1786 362 39 323 301 240 219 91 27 128 110 97 38 59 33 1479 1456 187 110 46 64 1269 132
internal_count=4244 3324 3312 1526 47 29 920 1786 362 39 323 301 240 219 91 27 128 110 97 38 59 33 1479 1456 187 110 46 64 1269 132
is_linear=0
shrinkage=0.035


Tree=128
num_leaves=31
num_cat=0
split_feature=9 3 10 0 9 48 3 2 2 3 53 2 3 20 0 51 0 0 3 2 3 0 0 5 2 0 10 5 3 10
split_gain=10.3044 18.4012 7.33864 7.68561 9.04927 8.0053 9.74213 39.0389 7.05681 6.07312 6.11543 13.749 10.6485 6.64674 21.5189 12.9102 11.787 9.84025 13.6862 14.8438 12.8823 22.0587 16.2356 12.5119 8.91188 7.80412 7.72982 9.87221 11.7303 7.66487
threshold=1.2424533367156985 0.57864999771118175 3.328355193138123 2010.5000000000002 3.9607677459716801 1.0000000180025095e-35 2.8361999988555913 110.50000000000001 76.500000000000014 12.551199913024904 1.0000000180025095e-35 88.500000000000014 0.78949999809265148 1.0000000180025095e-35 2002.5000000000002 1.0000000180025095e-35 1997.5000000000002 1984.5000000000002 1.4142499566078188 144.50000000000003 1.2962499856948855 1994.5000000000002 1986.5000000000002 8715524.0000000019 82.500000000000014 1974.5000000000002 2.9978448152542119 1974325.0000000002 2.3686999082565312 1.6458333134651186
decision_type=2 2 2 2 2 2 2 2 2 2 2 2 2 2 2 2 2 2 2 2 2 2 2 2 2 2 2 2 2 2
left_child=8 -2 -3 4 5 -4 7 -7 -1 10 13 -12 -13 14 16 26 -10 25 20 24 22 -22 -19 -23 -20 -15 -16 28 -28 -24
right_child=1 2 3 -5 -6 6 -8 -9 9 -11 11 12 -14 17 15 -17 -18 18 19 -21 21 23 29 -25 -26 -27 27 -29 -30 -31
leaf_value=0.018036677818302996 0.035387017764543234 0.0027331717563025201 -0.0020174890733297129 0.0051950188737691343 0.004284569309748321 0.0038997242262829909 -0.0054667006840894887 -0.067717953166458761 -0.0010013652383437696 -0.026736196841220729 -0.040290270238347796 0.014046068445864051 -0.022249113698645184 -0.0015112096189459751 0.027886569510400295 0.031008951191273004 -0.030712049605324865 -0.045251234108438863 -0.029887753468078492 -0.038954772049990989 0.008311105688705165 -0.055211799191236505 0.010649066844221318 -0.014231441041125972 -0.00061874979500536604 0.013616351864908054 -0.036871103642384204 0.011844748820630937 0.0088630076815159279 -0.0077066476402131651
leaf_weight=19 18 1318 909 220 238 22 111 14.999999999999998 52 11.999999999999998 15.999999999999998 21 17 105 13.999999999999998 35 23 11.999999999999998 11.999999999999998 11.999999999999998 15.999999999999998 24 32 15.999999999999998 662 68 14.000000000000002 35 11.999999999999998 179
leaf_count=19 18 1318 909 220 238 22 111 15 52 12 16 21 17 105 14 35 23 12 12 12 16 24 32 16 662 68 14 35 12 179
internal_value=-0.000154227 0.00105515 0.000823989 -0.000836489 -0.00186572 -0.00325494 -0.010779 -0.0261064 -0.0026033 -0.00289966 -0.00267142 -0.0141165 -0.00230053 -0.00219264 0.00394098 0.0137539 -0.0104199 -0.00319388 -0.00457264 -0.00190493 -0.0110955 -0.0259814 -0.00725019 -0.0396093 -0.00118596 0.00446891 0.00537647 -0.000128008 -0.0161518 -0.00487749
internal_weight=4259 2851 2833 1515 1295 1057 148 37 1408 1389 1377 54 38 1323 185 110 75 1138 965 686 279 56 223 40 674 173 75 61 26 211
internal_count=4259 2851 2833 1515 1295 1057 148 37 1408 1389 1377 54 38 1323 185 110 75 1138 965 686 279 56 223 40 674 173 75 61 26 211
is_linear=0
shrinkage=0.035


Tree=129
num_leaves=31
num_cat=0
split_feature=3 62 3 3 21 8 56 51 2 2 3 5 3 61 2 3 52 5 1 1 2 1 3 10 2 61 2 1 3 1
split_gain=12.9458 6.93513 10.0857 6.4901 6.45816 6.25756 6.72497 5.6221 11.3728 9.82005 14.3047 7.91979 14.3709 12.0864 7.59762 10.5619 10.5092 12.2392 9.34778 11.9203 9.20213 15.9438 8.55402 8.65784 7.53968 6.86091 8.33414 6.60804 7.03407 5.54211
threshold=0.31299999356269842 1.0000000180025095e-35 10.178250312805178 0.90344998240470897 1.0000000180025095e-35 1.5000000000000002 1.0000000180025095e-35 1.0000000180025095e-35 93.500000000000014 90.500000000000014 1.4785500168800356 834863.50000000012 0.95569998025894176 1.0000000180025095e-35 99.500000000000014 2.7459000349044804 1.0000000180025095e-35 2931025.5000000005 22.500000000000004 40.500000000000007 118.50000000000001 16.500000000000004 2.2383500337600712 2.9978448152542119 111.50000000000001 1.0000000180025095e-35 84.500000000000014 29.500000000000004 1.4018500447273257 34.500000000000007
decision_type=2 2 2 2 2 2 2 2 2 2 2 2 2 2 2 2 2 2 2 2 2 2 2 2 2 2 2 2 2 2
left_child=-1 4 3 -3 5 7 -7 14 9 25 -11 13 -13 27 -2 18 17 -17 20 24 21 22 23 -16 -20 26 -9 28 -10 -5
right_child=1 2 -4 29 -6 6 -8 8 11 10 -12 12 -14 -15 15 16 -18 -19 19 -21 -22 -23 -24 -25 -26 -27 -28 -29 -30 -31
leaf_value=-0.033231386199593545 0.0013593786217634849 0.016307416118681434 0.0089871330824338232 -0.0081934228536631199 0.016647050279949328 0.0017732735201073714 -0.017224844668141528 -0.01304440047543334 0.041544081817346597 -0.052115195240825404 -5.3874935954809186e-05 -0.029727379915304483 0.005833818901217082 -0.0075325538292527203 -0.026866764052072539 0.036559303924938044 -0.021526523400512008 0.0013244931645822364 -0.0065708984115013958 -0.016438505854729255 -0.0032164265733057016 -0.054400860670022672 -0.034680295230577821 -0.00096620605149898146 0.022321201465196078 -0.024184767352273831 0.01339767899720464 0.0023897478908300397 0.011699965343086259 0.0033733303730725315
leaf_weight=12.999999999999998 200 14.999999999999998 67 334 31 2855 22 22 26 12.000000000000002 12.999999999999998 14.999999999999998 106 20 23 13.999999999999998 17 63 18 35 47 14.999999999999998 22 47 26 11.999999999999998 39 13.999999999999998 17 59
leaf_count=13 200 15 67 334 31 2855 22 22 26 12 13 15 106 20 23 14 17 63 18 35 47 15 22 47 26 12 39 14 17 59
internal_value=0.000367654 0.000479793 -0.00349812 -0.00556963 0.000987498 0.000851361 0.00162146 -0.00183727 0.00201436 -0.00767947 -0.0261539 0.00683559 0.00120353 0.0155346 -0.00400365 -0.00728326 0.0025861 0.00813983 -0.0112664 -0.00142451 -0.0162621 -0.0218934 -0.0160465 -0.00975958 0.0105795 -0.00106103 0.00377639 0.0236489 0.0303191 -0.00644834
internal_weight=4219 4206 475 408 3731 3700 2877 823 296 98 25 198 121 77 527 327 94 77 233 79 154 107 92 70 44 73 61 57 43 393
internal_count=4219 4206 475 408 3731 3700 2877 823 296 98 25 198 121 77 527 327 94 77 233 79 154 107 92 70 44 73 61 57 43 393
is_linear=0
shrinkage=0.035


Tree=130
num_leaves=31
num_cat=0
split_feature=30 62 3 11 11 49 8 3 48 8 51 25 3 8 5 3 0 0 0 11 63 0 61 8 5 3 5 3 3 0
split_gain=8.9207 7.14226 8.5921 18.5516 9.89314 11.7997 9.0293 8.1788 7.85062 7.4979 6.53047 12.485 7.76128 6.7816 21.3098 20.6507 6.61566 6.43871 9.09824 8.82079 10.0779 8.52434 23.9559 31.1091 27.0001 12.1442 16.8432 11.0752 10.3925 9.39741
threshold=1.0000000180025095e-35 1.0000000180025095e-35 1.7641500234603884 4.3750000000000009 3.8750000000000004 1.0000000180025095e-35 30.500000000000004 1.7529499530792239 1.0000000180025095e-35 66.500000000000014 1.0000000180025095e-35 1.0000000180025095e-35 1.9477500319480898 3.5000000000000004 12875428.500000002 2.5909500122070317 2009.5000000000002 1993.5000000000002 1975.5000000000002 3.1250000000000004 1.0000000180025095e-35 1996.5000000000002 1.0000000180025095e-35 5.5000000000000009 9902345.0000000019 1.5731499791145327 11965000.000000002 0.47145000100135809 0.69154998660087597 2014.5000000000002
decision_type=2 2 2 2 2 2 2 2 2 2 2 2 2 2 2 2 2 2 2 2 2 2 2 2 2 2 2 2 2 2
left_child=1 2 3 6 -4 10 7 17 -3 -10 11 12 -6 14 15 -12 -14 18 -1 20 -20 22 23 24 -19 27 -27 -23 -29 -30
right_child=-2 8 4 -5 5 -7 -8 -9 9 -11 13 -13 16 -15 -16 -17 -18 21 19 -21 -22 25 -24 -25 -26 26 -28 28 29 -31
leaf_value=-0.0098611339962612222 0.021056629440706708 -0.008295854979097364 0.0021282352613610205 0.014201279888291739 0.017287507491186262 0.014330772379820701 0.024787040860607075 -0.031181244712322951 -0.0019586833899313781 0.01837799428919187 -0.013290118938917293 -0.032032510848250241 -0.0036131947302233953 -0.0051883390207825356 0.0088914062599884346 -0.071595289276841168 0.0063852074034880888 -0.065411766907131241 0.00098694413800870019 0.011423414133604348 -0.028364345492329451 -0.027647449949197472 0.020928599981700675 0.0035007990385056481 -0.0062540840990841402 -0.030342027814260555 -0.0015379319581418087 0.016483909862410082 -0.0038572579723781608 0.022026194394462639
leaf_weight=88 22 298 1909 71 27 47 11.999999999999998 12.999999999999998 151 25 19.000000000000004 14.999999999999998 409 156 19 11.999999999999998 100 26 136 96 14.999999999999998 19 15.999999999999998 27 14.999999999999998 48 51 37 376 17
leaf_count=88 22 298 1909 71 27 47 12 13 151 25 19 15 409 156 19 12 100 26 136 96 15 19 16 27 15 48 51 37 376 17
internal_value=-0.000679823 -0.000797679 -0.00028828 -0.00295431 0.000756374 -0.00249737 -0.004197 -0.0045786 -0.00484285 0.00100767 -0.00356201 -0.00156381 -0.000649821 -0.00886489 -0.0199748 -0.0374466 -0.00163677 -0.00418731 -0.000257256 0.00318328 -0.00208466 -0.00626403 -0.0165956 -0.0256255 -0.0444746 -0.00464983 -0.0156848 -0.00218339 -0.000992636 -0.00268011
internal_weight=4272 4250 3776 1063 2713 804 992 980 474 176 757 551 536 206 50 31 509 967 335 247 151 632 84 68 41 548 99 449 430 393
internal_count=4272 4250 3776 1063 2713 804 992 980 474 176 757 551 536 206 50 31 509 967 335 247 151 632 84 68 41 548 99 449 430 393
is_linear=0
shrinkage=0.035


Tree=131
num_leaves=31
num_cat=0
split_feature=8 0 64 48 0 10 10 47 0 0 5 55 52 2 5 0 8 2 2 2 0 21 3 5 10 2 2 5 5 48
split_gain=7.34377 8.06629 9.51578 14.1272 7.44695 9.82443 15.2263 9.10077 10.3555 16.4888 11.0543 7.65046 7.56516 10.2224 8.32047 14.3889 8.07077 16.5215 33.3021 26.1986 7.64506 7.33137 7.14829 13.62 11.7416 12.731 32.8509 9.20321 7.53271 7.09911
threshold=44.500000000000007 2002.5000000000002 1.0000000180025095e-35 1.0000000180025095e-35 1991.5000000000002 4.2111954689025888 4.0388386249542245 1.0000000180025095e-35 1975.5000000000002 1980.5000000000002 127500.00000000001 1.0000000180025095e-35 1.0000000180025095e-35 88.500000000000014 10891086.500000002 1996.5000000000002 1.5000000000000002 107.50000000000001 101.50000000000001 93.500000000000014 1994.5000000000002 1.0000000180025095e-35 1.3862500190734866 12875428.500000002 3.6599026918411259 90.500000000000014 87.500000000000014 127500.00000000001 3702769.0000000005 1.0000000180025095e-35
decision_type=2 2 2 2 2 2 2 2 2 2 2 2 2 2 2 2 2 2 2 2 2 2 2 2 2 2 2 2 2 2
left_child=1 2 4 -4 7 6 12 8 10 -10 -1 -11 13 14 -6 -16 17 18 19 -15 -21 22 23 24 25 26 -3 -27 -29 -13
right_child=-2 21 3 -5 5 -7 -8 -9 9 11 -12 29 -14 16 15 -17 -18 -19 -20 20 -22 -23 -24 -25 -26 27 -28 28 -30 -31
leaf_value=-0.020531661783345048 0.0042738345614941374 -0.025037819115275688 -0.0069204427328589087 -0.043055545534472918 0.016123109620360468 0.014145071193679339 -0.042128121820493386 0.0078361976204997814 0.016821310675286347 0.00064534164779996624 -0.0030464475350003811 -0.0051104691232865054 -0.012012044447440655 -0.039502299316599973 -0.032133279326558115 0.0079270565888685425 -0.0027646872990935469 0.0063550468810523557 -0.061198766176030046 -0.010627846228388641 0.023370741116094659 0.024548747360706329 0.001581186257954361 0.017038303364710562 0.0029824101550699174 -0.010101089164335282 0.042131384912133217 -0.052683335733764318 -0.021226078342646362 -0.036554636018780562
leaf_weight=55 384 21 82 14.999999999999998 58 35 11.999999999999998 168 75 427 216 29 124 19 13.999999999999998 40 636 35 19 11.999999999999998 21 14.999999999999998 1521 28 66 39 13.999999999999998 15.999999999999998 27 11.999999999999998
leaf_count=55 384 21 82 15 58 35 12 168 75 427 216 29 124 19 14 40 636 35 19 12 21 15 1521 28 66 39 14 16 27 12
internal_value=-0.000334606 -0.000795579 -0.00225499 -0.0129085 -0.00173305 -0.0038185 -0.00446897 0.000443608 -0.00108773 0.00169918 -0.00666398 -0.000751211 -0.00396255 -0.00277904 0.00702897 -0.00282254 -0.00426932 -0.0131705 -0.0227747 -0.0078123 0.0110072 0.000961342 0.000742006 -0.00527792 -0.00877598 -0.0153928 0.00220524 -0.0228613 -0.0339022 -0.0150065
internal_weight=4235 3851 2104 97 2007 1025 990 982 814 543 271 468 978 854 112 54 742 106 71 52 33 1747 1732 211 183 117 35 82 43 41
internal_count=4235 3851 2104 97 2007 1025 990 982 814 543 271 468 978 854 112 54 742 106 71 52 33 1747 1732 211 183 117 35 82 43 41
is_linear=0
shrinkage=0.035


Tree=132
num_leaves=31
num_cat=0
split_feature=8 8 10 10 6 10 50 2 2 2 6 0 2 3 8 61 3 11 11 0 2 2 8 3 2 2 3 11 2 10
split_gain=6.21989 7.84028 16.4889 7.80698 8.30435 6.26539 5.82757 5.78461 5.31211 8.34894 5.27992 7.21997 5.17158 5.98358 9.29021 7.36593 9.86561 16.5196 48.0391 11.0999 9.43023 22.7295 9.69577 8.67991 7.3188 12.8405 9.39625 6.77208 21.6602 14.8022
threshold=35.500000000000007 33.500000000000007 3.5566239356994633 3.8084077835083012 15.317165374755861 4.5227272510528573 1.0000000180025095e-35 102.50000000000001 116.50000000000001 102.50000000000001 14.013287067413332 1996.5000000000002 73.500000000000014 1.1281999945640566 8.5000000000000018 1.0000000180025095e-35 0.83439999818801891 2.3750000000000004 2.6250000000000004 2009.5000000000002 102.50000000000001 96.500000000000014 1.5000000000000002 0.76764997839927684 82.500000000000014 81.500000000000014 2.4974000453948979 3.6250000000000004 89.500000000000014 3.4985954761505131
decision_type=2 2 2 2 2 2 2 2 2 2 2 2 2 2 2 2 2 2 2 2 2 2 2 2 2 2 2 2 2 2
left_child=1 5 -3 4 -2 6 12 -5 9 -7 -8 -12 -1 14 15 16 27 -18 -19 20 21 22 -20 -17 25 26 -15 28 -14 -30
right_child=3 2 -4 7 -6 8 10 -9 -10 -11 11 -13 13 24 -16 23 17 18 19 -21 -22 -23 -24 -25 -26 -27 -28 -29 29 -31
leaf_value=0.021157943592621735 0.024538733350982271 -0.036265657050873749 0.0084563179114637409 -0.014640258529896123 0.005132424913831566 0.0032553515803689765 0.017076970669001136 0.00095956312143550214 -0.0056641265425611959 0.034860505584627388 -0.0071021040205589752 0.0067733087839546395 0.022445534369219908 0.0085136937056394194 -0.033189576838165522 -0.015633013291982936 0.008994007243588566 -0.079439549019560227 -0.024763003129512073 0.016745004379656168 -0.0020924005151415868 -0.058027778163114017 0.010309135695919396 0.014164735142510231 -0.00017699870760452217 -0.035362693174649032 -0.024008024193346501 0.0097723442899847503 -0.0056576787099624302 -0.045201598923434227
leaf_weight=11.999999999999998 29 21 18 35 291 23 35 151 15.999999999999998 18 65 150 22 33 12.999999999999998 14.999999999999998 34 12.999999999999998 20 14.999999999999998 41 15.999999999999998 17 47 2932 19 14.999999999999998 56 38 15.999999999999998
leaf_count=12 29 21 18 35 291 23 35 151 16 18 65 150 22 33 13 15 34 13 20 15 41 16 17 47 2932 19 15 56 38 16
internal_value=2.23594e-05 -0.000472755 -0.0158856 0.00365954 0.00696754 -0.000304711 -0.000487692 -0.00202912 0.0111067 0.0176721 0.00465658 0.00255686 -0.000870648 -0.000956063 -0.00519419 -0.00405778 -0.00641544 -0.0123456 -0.0183317 -0.0103717 -0.014848 -0.0244617 -0.00875549 0.00679411 -0.000440935 -0.0117929 -0.00189618 0.000619882 -0.00614064 -0.018015
internal_weight=4226 3720 39 506 320 3681 3624 186 57 41 250 215 3374 3362 363 350 288 156 122 109 94 53 37 62 2999 67 48 132 76 54
internal_count=4226 3720 39 506 320 3681 3624 186 57 41 250 215 3374 3362 363 350 288 156 122 109 94 53 37 62 2999 67 48 132 76 54
is_linear=0
shrinkage=0.035


Tree=133
num_leaves=31
num_cat=0
split_feature=62 47 58 6 11 2 8 2 0 0 55 8 54 20 3 0 3 6 0 3 3 2 3 2 8 3 3 3 3 0
split_gain=8.19275 9.19635 6.96662 9.08909 6.74768 8.46283 10.2877 7.95034 6.35053 6.19348 5.68059 5.5503 5.2131 7.69949 25.585 16.9445 16.6296 13.9183 11.6742 11.1749 8.79824 7.33965 11.1153 15.5635 9.7667 6.58492 6.3642 13.8548 5.83132 10.9536
threshold=1.0000000180025095e-35 1.0000000180025095e-35 1.0000000180025095e-35 17.813669204711918 3.3750000000000004 98.500000000000014 2.5000000000000004 86.500000000000014 1936.5000000000002 2003.5000000000002 1.0000000180025095e-35 9.5000000000000018 1.0000000180025095e-35 1.0000000180025095e-35 0.83439999818801891 2002.5000000000002 2.9141999483108525 12.772783756256105 2012.5000000000002 1.5311999917030337 5.8863499164581308 113.50000000000001 1.2120999693870547 99.500000000000014 1.5000000000000002 1.2763999700546267 0.47145000100135809 0.57864999771118175 0.78949999809265148 1997.5000000000002
decision_type=2 2 2 2 2 2 2 2 2 2 2 2 2 2 2 2 2 2 2 2 2 2 2 2 2 2 2 2 2 2
left_child=2 4 8 -4 5 9 -7 -6 -1 -2 -9 12 26 14 -14 16 19 18 21 -16 -18 22 -15 -24 -25 -17 -10 -28 29 -29
right_child=1 -3 3 -5 7 6 -8 10 11 -11 -12 -13 13 17 15 25 20 -19 -20 -21 -22 -23 23 24 -26 -27 27 28 -30 -31
leaf_value=-0.014398215435259045 -0.0013121058487278576 0.00037991297246079607 0.038230148265800942 0.0053046492551418268 -0.041459787089856731 -0.031043180992572826 -0.00043500873526661763 -0.0082063835039843137 0.021342396038045226 0.02461034607186037 -0.031214752528350802 0.0025726730421291588 -0.054123802301008259 0.017873415624955671 -0.023334304800765083 0.024597093038053981 -0.05823520179092883 -0.0030372426075356818 -0.012164244521810259 0.0095117183441917105 -0.016984861578823379 0.019695269782523644 0.010191728796623648 -0.041355358075350526 -0.0058082216709326537 0.00085349293047976167 -0.027262049039204917 -0.0050098558434031231 0.00092506201477230842 0.028710808903623663
leaf_weight=34 33 242 11.999999999999998 52 11.999999999999998 21 35 85 18 15.999999999999998 14.999999999999998 1169 12.999999999999998 55 21 17 13.000000000000002 821 35 29 13.999999999999998 60 59 12.999999999999998 31 71 20 21 1190 25
leaf_count=34 33 242 12 52 12 21 35 85 18 16 15 1169 13 55 21 17 13 821 35 29 14 60 59 13 31 71 20 21 1190 25
internal_value=0.000102143 -0.00430856 0.000637349 0.0119983 -0.00952297 -0.00308109 -0.012287 -0.015466 0.00043873 0.00744029 -0.0119499 0.000579587 -0.000342748 -0.00194644 -0.00866817 -0.00477181 -0.0166643 -0.000823756 0.00633593 -0.00443634 -0.0382791 0.00935611 0.00531967 -0.00147437 -0.0170353 0.00568482 0.00123217 0.000925823 0.00140502 0.0135003
internal_weight=4252 459 3793 64 217 105 56 112 3729 49 100 3695 2526 1252 178 165 77 1074 253 50 27 218 158 103 44 88 1274 1256 1236 46
internal_count=4252 459 3793 64 217 105 56 112 3729 49 100 3695 2526 1252 178 165 77 1074 253 50 27 218 158 103 44 88 1274 1256 1236 46
is_linear=0
shrinkage=0.035


Tree=134
num_leaves=31
num_cat=0
split_feature=56 8 2 0 20 5 2 0 55 50 3 3 0 5 0 3 2 2 10 3 10 3 3 2 2 3 3 3 3 1
split_gain=9.51045 6.96799 9.78191 7.24795 7.61573 9.52249 10.6463 8.76291 8.74722 6.37183 5.8954 7.33669 6.13797 18.1727 16.7581 10.9139 15.9285 10.1119 8.61354 7.3211 7.48086 13.4322 9.01463 8.50191 8.10914 20.4399 7.99076 7.34921 8.34796 11.8944
threshold=1.0000000180025095e-35 5.5000000000000009 76.500000000000014 2000.5000000000002 1.0000000180025095e-35 655000.00000000012 116.50000000000001 1992.5000000000002 1.0000000180025095e-35 1.0000000180025095e-35 12.983049869537355 8.9176502227783221 2013.5000000000002 8519351.5000000019 2014.5000000000002 0.53374999761581432 101.50000000000001 95.500000000000014 3.8307291269302373 1.1281999945640566 1.6458333134651186 1.3862500190734866 1.2459999918937685 124.50000000000001 126.50000000000001 2.2200000286102299 3.7520000934600835 1.7074999809265139 1.6665999889373782 18.500000000000004
decision_type=2 2 2 2 2 2 2 2 2 2 2 2 2 2 2 2 2 2 2 2 2 2 2 2 2 2 2 2 2 2
left_child=1 2 -1 4 5 -3 -7 8 -6 -10 11 12 15 14 17 16 -4 -14 -19 -17 21 -21 -22 26 25 -25 27 28 -24 -30
right_child=-2 3 10 -5 7 6 -8 -9 9 -11 -12 -13 13 -15 -16 19 -18 18 -20 20 22 -23 23 24 -26 -27 -28 -29 29 -31
leaf_value=0.021094966726904009 -0.018079549073493361 -0.033409401776759245 0.032195507816694405 0.0036791196293955298 0.0046816945460450374 0.016599499360593552 -0.022018806082360884 -0.0030818877291348863 -0.017886216159480123 0.0054212798311010666 -0.019483885579944953 0.014716107931044518 -0.057581880817376085 0.00081268390147946781 -0.0069399384777566585 -0.0065393060395587243 -0.015235453978968928 -0.003690905768010351 -0.040448154394390687 -0.037199762254953382 0.011370564137964521 -0.0037169435640280867 -0.00096053875010932658 -0.057399304036910709 -0.0043816001304121466 0.0014922698744956183 -0.0065492664238592322 0.0037594793655233243 0.00088226948293546818 -0.04542944923960246
leaf_weight=22 36 18 26 854 495 17 15.999999999999998 550 38 22 22 32 13.999999999999998 174 82 299 11.999999999999998 17.000000000000004 13.999999999999998 17 81 82 291 12.000000000000002 140 15.999999999999998 168 671 14.000000000000002 11.999999999999998
leaf_count=22 36 18 26 854 495 17 16 550 38 22 22 32 14 174 82 299 12 17 14 17 81 82 291 12 140 16 168 671 14 12
internal_value=-0.000411295 -0.000256202 -0.00160881 0.00123556 -0.000569732 -0.0136598 -0.00216996 4.4645e-05 0.00314613 -0.00936267 -0.00184655 -0.00165839 -0.00191058 -0.00653703 -0.0165481 -0.00115008 0.0171658 -0.0334867 -0.0210909 -0.00154638 -0.000548921 -0.00979852 0.000108091 -0.000587668 -0.00792088 -0.0247956 0.00048247 0.00168533 -0.00269757 -0.0213185
internal_weight=4264 4228 2218 2010 1156 51 33 1105 555 60 2196 2174 2142 301 127 1841 38 45 31 1803 1504 99 1405 1324 168 28 1156 988 317 26
internal_count=4264 4228 2218 2010 1156 51 33 1105 555 60 2196 2174 2142 301 127 1841 38 45 31 1803 1504 99 1405 1324 168 28 1156 988 317 26
is_linear=0
shrinkage=0.035


Tree=135
num_leaves=31
num_cat=0
split_feature=0 20 0 10 8 10 10 8 8 10 3 3 0 2 8 31 52 3 20 5 10 53 60 10 0 3 0 3 10 0
split_gain=7.73281 8.39625 8.93097 8.62861 8.7274 8.37862 12.7363 9.45029 12.9862 8.01288 7.98255 7.43065 6.62464 9.24552 6.57143 6.70174 6.56639 6.56401 8.54883 7.71912 10.8752 9.78244 8.2303 8.31226 16.0542 21.0999 10.927 9.36481 8.11032 7.71537
threshold=2001.5000000000002 1.0000000180025095e-35 1992.5000000000002 4.0115790367126474 11.500000000000002 3.997916698455811 3.8744747638702397 35.500000000000007 33.500000000000007 4.0628955364227304 0.93059998750686657 0.53374999761581432 1976.5000000000002 88.500000000000014 2.5000000000000004 1.0000000180025095e-35 1.0000000180025095e-35 11.441349983215334 1.0000000180025095e-35 14550000.000000002 4.2449998855590829 1.0000000180025095e-35 1.0000000180025095e-35 3.7427625656127934 2008.5000000000002 1.3111499547958376 2008.5000000000002 0.90344998240470897 2.4895833730697636 2003.5000000000002
decision_type=2 2 2 2 2 2 2 2 2 2 2 2 2 2 2 2 2 2 2 2 2 2 2 2 2 2 2 2 2 2
left_child=1 12 3 4 16 6 7 8 -4 -5 -7 -2 -1 -14 17 -16 -3 18 29 20 21 22 23 24 27 -26 -25 -20 -29 -13
right_child=11 2 5 9 -6 10 -8 -9 -10 -11 -12 14 13 -15 15 -17 -18 -19 19 -21 -22 -23 -24 26 25 -27 -28 28 -30 -31
leaf_value=-0.021271191295409622 0.019044276880798863 -0.001392259221240377 -0.00519191431646851 -0.027987417344376448 0.0069735184037075819 0.026244839702174068 -0.028018240552395584 0.0029413674422440164 -0.037179895354376644 -0.0038680493277898405 0.00061480135762443148 -0.015812982405722143 0.016635737603902818 -0.0093193302831419238 0.0022145337801171864 0.025777387373646102 0.0090270100409009808 -0.026261496191987626 -0.022362478424794972 0.0013707806587946836 -0.02314830501900032 0.019141323300699394 0.014579981062075366 -0.01547306097780044 -0.04540651759505273 -0.0107239769267725 0.016143550388212947 0.032269492005212952 0.0015632198295427553 0.011150774693191052
leaf_weight=42 27 627 627 19 297 19 27 186 14.999999999999998 113 59 13.999999999999998 19 105 1192 13.999999999999998 83 11.999999999999998 14.999999999999998 309 40 20 22 20 26 112 36 11.999999999999998 57 99
leaf_count=42 27 627 627 19 297 19 27 186 15 113 59 14 19 105 1192 14 83 12 15 309 40 20 22 20 26 112 36 12 57 99
internal_value=-0.000430052 -0.00184828 -0.00123819 0.000840204 0.00194647 -0.00377553 -0.00477994 -0.00398717 -0.00599868 -0.00753726 0.00713335 0.00113509 -0.00939997 -0.00522707 0.00088304 0.00251065 -0.000160788 -0.00158696 -0.00117303 -0.00268115 -0.00615806 -0.00396333 -0.00556793 -0.00721519 -0.0102485 -0.0175506 0.00474784 0.00179259 0.00731314 0.00768537
internal_weight=4265 2238 2072 1139 1007 933 855 828 642 132 78 2027 166 124 2000 1206 710 794 782 669 360 320 300 278 222 138 56 84 69 113
internal_count=4265 2238 2072 1139 1007 933 855 828 642 132 78 2027 166 124 2000 1206 710 794 782 669 360 320 300 278 222 138 56 84 69 113
is_linear=0
shrinkage=0.035


Tree=136
num_leaves=31
num_cat=0
split_feature=3 20 10 10 52 3 5 0 0 3 0 0 0 0 0 5 10 5 12 12 11 0 3 54 3 25 20 10 10 8
split_gain=6.96336 19.0517 9.20093 5.95949 5.82306 8.03028 6.9016 9.74044 27.4845 13.0854 12.9506 4.52326 4.87945 7.8533 8.29701 7.341 6.15882 7.27771 9.7317 6.09959 8.15864 6.77157 6.31614 6.89675 7.84737 5.86031 6.06862 13.7633 7.08584 12.8738
threshold=0.53374999761581432 1.0000000180025095e-35 3.8307291269302373 3.1384943723678593 1.0000000180025095e-35 24.961750030517582 905000.00000000012 1996.5000000000002 2003.5000000000002 2.9363501071929936 2009.5000000000002 2001.5000000000002 1984.5000000000002 1975.5000000000002 1974.5000000000002 94000.000000000015 2.9309524297714238 905000.00000000012 1.0000000180025095e-35 1.0000000180025095e-35 1.8750000000000002 2000.5000000000002 1.0904499888420107 1.0000000180025095e-35 1.3862500190734866 1.0000000180025095e-35 1.0000000180025095e-35 3.958817839622498 3.997916698455811 3.5000000000000004
decision_type=2 2 2 2 2 2 2 2 2 2 2 2 2 2 2 2 2 2 2 2 2 2 2 2 2 2 2 2 2 2
left_child=1 -1 3 -3 5 11 7 9 -9 -6 -10 12 13 14 16 -15 -2 18 -18 20 22 -21 -14 24 -24 26 27 -22 -28 -30
right_child=4 2 -4 -5 6 -7 -8 8 10 -11 -12 -13 19 15 -16 -17 17 -19 -20 21 25 -23 23 -25 -26 -27 28 -29 29 -31
leaf_value=-0.022287168150767683 -0.01783784624595295 0.028248702079057685 0.048332555063068869 -0.0054783881934216397 0.011251486448063092 0.020608156844507904 -0.0017038761918623251 -0.055773831180100771 0.025177538197774147 -0.030205117009007014 -0.021849918989930304 0.0016285747797436059 0.0249780827695994 0.02111492116568196 -0.024837937514815066 0.0039998115909830184 0.00075742568298364462 0.0049251755163188761 -0.022615262979248655 0.0038705302475242065 -0.0020599033302244022 -0.016295174404428424 -0.02528620395238201 0.023806021075695752 0.0045040238063113816 0.015101171074533149 -0.004790744733699199 -0.038983851469494409 0.015167914072982968 -0.016447873596779326
leaf_weight=12.999999999999998 22 12.000000000000002 12.999999999999998 11.999999999999998 32 23 491 18 12.000000000000002 11.999999999999998 14.999999999999998 1671 18 35 17 218 68 193 31 278 33 21 13.999999999999998 12.999999999999998 38 18 829 19 55 21
leaf_count=13 22 12 13 12 32 23 491 18 12 12 15 1671 18 35 17 218 68 193 31 278 33 21 14 13 38 18 829 19 55 21
internal_value=6.40907e-05 0.0129196 0.0255966 0.0117706 -9.10196e-05 0.000428473 -0.00334495 -0.0122596 -0.0235216 -0.000435944 -0.000733597 0.000293823 -0.000854605 0.00181675 -0.00172679 0.00644821 -0.000395119 0.000969481 -0.00669676 -0.00200603 -0.00325361 0.00239878 0.00721407 0.00196437 -0.00380917 -0.00415298 -0.00453234 -0.0160654 -0.00385074 0.00630909
internal_weight=4265 50 37 24 4215 3635 580 89 45 44 27 3612 1941 584 331 253 314 292 99 1357 1058 299 83 65 52 975 957 52 905 76
internal_count=4265 50 37 24 4215 3635 580 89 45 44 27 3612 1941 584 331 253 314 292 99 1357 1058 299 83 65 52 975 957 52 905 76
is_linear=0
shrinkage=0.035


Tree=137
num_leaves=31
num_cat=0
split_feature=61 62 52 4 2 4 5 5 8 8 50 0 2 4 4 4 0 0 0 5 0 0 64 10 4 4 10 2 4 5
split_gain=6.22003 9.44437 8.78317 6.6376 13.8432 6.20319 5.90455 5.88265 5.2502 5.17256 4.96494 7.02815 5.8116 9.06293 8.30421 6.49677 13.8214 7.78396 6.82537 9.28667 5.11467 11.2321 9.15629 8.89866 8.79421 9.85849 17.0127 13.2325 12.326 7.36326
threshold=1.0000000180025095e-35 1.0000000180025095e-35 1.0000000180025095e-35 1.3025321960449221 90.500000000000014 1.3304248452186587 197500000.00000003 14100000.000000002 9.5000000000000018 6.5000000000000009 1.0000000180025095e-35 1986.5000000000002 85.500000000000014 2.1075547933578496 1.3945600986480715 1.0641588568687441 2008.5000000000002 1995.5000000000002 1996.5000000000002 15750000.000000002 1991.5000000000002 2001.5000000000002 1.0000000180025095e-35 4.0211939811706552 0.56965085864067089 0.7552764117717744 3.9238026142120366 100.50000000000001 0.68238946795463573 154.00000000000003
decision_type=2 2 2 2 2 2 2 2 2 2 2 2 2 2 2 2 2 2 2 2 2 2 2 2 2 2 2 2 2 2
left_child=6 2 3 9 -5 -6 10 -4 -3 -2 12 -12 13 14 15 16 18 -17 -1 -20 23 22 -22 -14 29 26 27 28 -26 -23
right_child=1 8 7 4 5 -7 -8 -9 -10 -11 11 -13 20 -15 -16 17 -18 -19 19 -21 21 24 -24 -25 25 -27 -28 -29 -30 -31
leaf_value=-0.0058811611634020404 0.0055716642078525863 -0.033432469314107517 -0.025385299048016896 -0.025094121783971791 -0.019619944442063574 0.0042572725412371951 0.01237131226310428 0.00023543419569730761 -0.0016886262334883213 0.015385780440873647 -0.0081925449566543108 0.0062482968908936032 0.0031353180832821531 -0.035280745409088786 0.011911366484929263 -0.036918190517359312 -0.028670545606315136 -0.0081667676795817296 0.02707702883558348 -0.0096562134652183624 -0.004390297138282432 0.0034876004032069643 -0.027355749557895419 -0.0072848365625653132 -0.017211583717167377 0.00044271131096771304 0.012961663462842504 -0.0031980670066895311 -0.062025019402615726 0.031117122354358435
leaf_weight=40 266 12.000000000000002 19 22 12.999999999999998 276 42 24 12.999999999999998 88 49 236 705 11.999999999999998 29 17 19 35 24 11.999999999999998 721 30 21 116 19 1303 23 26 12.999999999999998 19
leaf_count=40 266 12 19 22 13 276 42 24 13 88 49 236 705 12 29 17 19 35 24 12 721 30 21 116 19 1303 23 26 13 19
internal_value=9.5053e-05 0.00302562 0.0037836 0.00478137 0.00103821 0.00311323 -0.000516958 -0.0113652 -0.0176928 0.00805273 -0.000677024 0.0037394 -0.00107394 -0.00702769 -0.00490301 -0.00829003 -0.00275931 -0.0181185 0.00398399 0.0148553 -0.000697534 -0.00158627 -0.00507856 0.00165384 0.000223085 -0.000296429 -0.0120683 -0.0220751 -0.0367979 0.0146442
internal_weight=4244 733 708 665 311 289 3511 43 25 354 3469 285 3184 188 176 147 95 52 76 36 2996 2175 742 821 1433 1384 81 58 32 49
internal_count=4244 733 708 665 311 289 3511 43 25 354 3469 285 3184 188 176 147 95 52 76 36 2996 2175 742 821 1433 1384 81 58 32 49
is_linear=0
shrinkage=0.035


Tree=138
num_leaves=31
num_cat=0
split_feature=2 50 1 1 2 8 1 4 10 4 52 10 8 8 62 5 4 8 8 2 4 4 51 1 1 2 5 8 4 4
split_gain=7.88005 12.342 10.9797 8.697 22.679 31.4169 68.8107 13.4341 9.90015 6.84692 6.31474 8.69006 7.35715 6.64371 6.90381 6.24366 5.98753 6.50348 5.80675 5.80026 41.2531 18.0176 7.24376 5.65787 8.87984 7.34277 8.41607 9.00165 5.58729 5.79026
threshold=104.50000000000001 1.0000000180025095e-35 15.500000000000002 26.500000000000004 100.50000000000001 3.5000000000000004 20.500000000000004 0.49536667764186865 4.2111954689025888 0.54104334115982067 1.0000000180025095e-35 3.6231060028076176 15.500000000000002 10.500000000000002 1.0000000180025095e-35 3950000.0000000005 0.996025711297989 10.500000000000002 27.500000000000004 85.500000000000014 0.6306598186492921 0.52564522624015819 1.0000000180025095e-35 42.500000000000007 38.500000000000007 99.500000000000014 94000.000000000015 1.5000000000000002 0.60671734809875499 1.606062173843384
decision_type=2 2 2 2 2 2 2 2 2 2 2 2 2 2 2 2 2 2 2 2 2 2 2 2 2 2 2 2 2 2
left_child=1 2 19 4 7 6 -6 -4 10 -5 12 -12 13 14 28 -14 -7 -18 23 20 -1 -21 -22 24 -11 26 -25 -28 -9 -30
right_child=-2 -3 3 9 5 16 -8 8 -10 18 11 -13 15 -15 -16 -17 17 -19 -20 21 22 -23 -24 25 -26 -27 27 -29 29 -31
leaf_value=-0.065497582397781889 0.0014642781524580378 0.0058102320509563609 0.024387746511517386 -0.022250934202420088 -0.01150250572256744 0.013311889066145971 -0.10979669730365278 -0.02434111394037803 0.022173039086659751 0.0011823582960479042 -0.0086909273023285522 -0.039627264149487022 0.026862424326057618 -0.025321240513119847 -0.023276134578809143 7.659312263016636e-05 -0.029902664929236236 -0.0048057784390658515 -0.012937113723505967 0.035262635372186962 0.011604057070079022 0.00069788027023986001 -0.0090854597021359958 -0.02670669003020696 0.023345173578243703 0.012374482514590704 0.013459356707632542 -0.012179575339653623 -0.00036353345822232464 -0.023016021306812767
leaf_weight=11.999999999999998 2175 244 18 18 24 11.999999999999998 12.999999999999998 13.999999999999998 13.999999999999998 292 40 14.999999999999998 11.999999999999998 23 24 60 18 40 43 18 42 676 39 26 23 21 24 50 179 13.999999999999998
leaf_count=12 2175 244 18 18 24 12 13 14 14 292 40 15 12 23 24 60 18 40 43 18 42 676 39 26 23 21 24 50 179 14
internal_value=-2.0731e-06 -0.00156016 -0.00256068 -0.00496103 -0.00812193 -0.0224106 -0.0480649 -0.00437059 -0.00574379 -0.00164067 -0.00682955 -0.0177163 -0.00493891 -0.00773493 -0.00587477 0.00487169 -0.0083399 -0.0129989 -0.00081778 0.000541298 -0.00761609 0.00164634 0.00163178 0.00040034 0.00287489 -0.00599809 -0.00995797 -0.00377233 -0.0037466 -0.00212591
internal_weight=4223 2048 1804 1017 520 107 37 413 395 497 381 55 326 254 231 72 70 58 479 787 93 694 81 436 315 121 100 74 207 193
internal_count=4223 2048 1804 1017 520 107 37 413 395 497 381 55 326 254 231 72 70 58 479 787 93 694 81 436 315 121 100 74 207 193
is_linear=0
shrinkage=0.035


Tree=139
num_leaves=31
num_cat=0
split_feature=9 65 48 0 11 2 4 63 55 0 4 4 4 11 9 9 0 10 21 4 5 4 5 5 2 9 2 5 4 12
split_gain=6.12363 5.12581 6.41171 7.11633 5.53203 8.98161 9.19048 10.8203 8.56063 14.8662 9.79052 7.91267 12.6514 8.77283 5.71317 5.70944 6.58349 5.39254 5.0722 5.05684 4.58833 4.58744 4.27847 4.11724 5.54705 7.99871 10.7235 7.14966 6.41099 6.20515
threshold=5.0906732082366952 1.0000000180025095e-35 1.0000000180025095e-35 1992.5000000000002 3.3750000000000004 89.500000000000014 0.52564522624015819 1.0000000180025095e-35 1.0000000180025095e-35 2012.5000000000002 2.7205779552459721 0.49536667764186865 0.54104334115982067 2.6250000000000004 3.5972183942794804 0.89587974548339855 1973.5000000000002 4.0115790367126474 1.0000000180025095e-35 0.96147441864013683 1622000.0000000002 0.38624751567840582 24250000.000000004 157500000.00000003 134.50000000000003 2.1383330821990971 140.50000000000003 14100000.000000002 2.7205779552459721 8.5000000000000018
decision_type=2 2 2 2 2 2 2 2 2 2 2 2 2 2 2 2 2 2 2 2 2 2 2 2 2 2 2 2 2 2
left_child=1 4 3 -3 11 6 -6 15 18 10 17 13 -13 -1 -14 19 -17 -10 21 -8 -18 -7 -16 24 29 26 27 -26 -27 -23
right_child=-2 2 -4 -5 5 8 7 -9 9 -11 -12 12 14 -15 22 16 20 -19 -20 -21 -22 23 -24 -25 25 28 -28 -29 -30 -31
leaf_value=0.0019084857470459406 0.015624869569715474 0.0084730276198222727 -0.028897848563094158 -0.016743693380688245 -0.031096991338227926 0.017747627418488263 -0.002187608400049309 -0.023550406181856113 -0.01407608945761424 0.014426187054254115 0.011675580341136084 -0.028859054361196127 0.0010417449242389998 0.039556681348010901 0.021718066065261762 -0.015239213396430664 0.015163434054132698 -0.036285628047936107 0.018355522938464819 -0.027153502890555601 0 0.00075013720302346501 0.005008819268813961 0.011377819675511044 -0.013111061806066167 0.0029351466036013638 -0.0044272785237679888 -0.047571634558836624 -0.019464575559728674 -0.022662077524699269
leaf_weight=17.000000000000004 30 28 14.999999999999998 25 18 17 23 33 84 27 14.999999999999998 15.999999999999998 1885 12.999999999999998 26 22 37 15.999999999999998 18 17 69 1435 66 37 17.000000000000004 119 59 13.999999999999998 17 12.999999999999998
leaf_count=17 30 28 15 25 18 17 23 33 84 27 15 16 1885 13 26 22 37 16 18 17 69 1435 66 37 17 119 59 14 17 13
internal_value=0.000126177 1.13079e-05 -0.00944904 -0.00347904 0.000169745 -0.00108469 -0.00777772 -0.00553715 -0.0003037 -0.00853728 -0.0140217 0.00147703 0.00120254 0.0190289 0.00146118 -0.00187006 0.00174593 -0.017971 0.000369429 -0.0132443 0.00539698 0.000170554 0.00993257 -1.33295e-05 -0.000272792 -0.0053606 -0.0133924 -0.0297289 7.68119e-07 0.000523242
internal_weight=4228 4198 68 53 4130 2107 219 201 1888 142 115 2023 1993 30 1977 168 128 100 1746 40 106 1728 92 1711 1674 226 90 31 136 1448
internal_count=4228 4198 68 53 4130 2107 219 201 1888 142 115 2023 1993 30 1977 168 128 100 1746 40 106 1728 92 1711 1674 226 90 31 136 1448
is_linear=0
shrinkage=0.035


Tree=140
num_leaves=31
num_cat=0
split_feature=2 50 51 5 3 3 11 3 3 2 2 8 5 51 0 10 3 2 3 2 53 63 3 54 3 5 5 2 10 59
split_gain=6.09487 7.66314 6.63494 11.7608 6.00607 5.71826 5.58925 7.03269 12.3829 18.2158 15.1879 17.0992 19.6078 28.1428 23.6776 14.0859 12.6531 8.75883 6.79527 6.49372 11.8556 12.0661 11.3814 11.8015 11.4706 6.49373 6.40097 5.86568 5.78295 5.39861
threshold=103.50000000000001 1.0000000180025095e-35 1.0000000180025095e-35 1.0000000180025095e-35 1.1281999945640566 24.961750030517582 3.8750000000000004 1.4142499566078188 0.64110001921653759 87.500000000000014 89.500000000000014 2.5000000000000004 6950000.0000000009 1.0000000180025095e-35 1993.5000000000002 2.7474489212036137 1.0904499888420107 93.500000000000014 1.6033499836921694 89.500000000000014 1.0000000180025095e-35 1.0000000180025095e-35 1.4259999990463259 1.0000000180025095e-35 1.0103999972343447 12875428.500000002 11250000.000000002 97.500000000000014 4.3660714626312265 1.0000000180025095e-35
decision_type=2 2 2 2 2 2 2 2 2 2 2 2 2 2 2 2 2 2 2 2 2 2 2 2 2 2 2 2 2 2
left_child=1 6 5 -4 -3 29 7 8 9 -1 26 12 13 15 -15 -12 -13 -18 -9 20 21 -8 23 -21 -25 28 -10 -14 -24 -2
right_child=2 4 3 -5 -6 -7 19 18 10 -11 11 16 27 14 -16 -17 17 -19 -20 22 -22 -23 25 24 -26 -27 -28 -29 -30 -31
leaf_value=-0.020104867920279504 -0.0004302528326656381 0.0269175609825179 0.016699505082320241 0.0024672853419712435 0.003186938930386738 0.018723068549204618 -0.0018382327972732201 0.0092927722992583554 0.010199403036806373 0.029216118716669306 0.010612998474727978 0.023699458460013072 0.011343701549172403 -0.023571965140601003 -0.076662842452526109 -0.025421828953220565 -0.030036695006885567 0.0011481401953044245 -0.0005821092470767636 0.020744901477048796 -0.043754324044100942 -0.036782321309546631 -0.013175263467736854 -0.021743641705562672 0.013254378653385423 0.0031661548024517891 -0.01351927801904579 -0.016946926705539229 0.0074364313467552793 0.011993570442015135
leaf_weight=12.999999999999998 1629 12.999999999999998 81 545 211 19 64 93 61 26 21 20 24 23 20 33 14.999999999999998 35 927 41 12.999999999999998 13.999999999999998 149 23 21 52 17 12.999999999999998 18 43
leaf_count=13 1629 13 81 545 211 19 64 93 61 26 21 20 24 23 20 33 15 35 927 41 13 14 149 23 21 52 17 13 18 43
internal_value=4.47351e-05 -0.00139099 0.00126008 0.00433532 0.00468545 0.000118715 -0.0021783 -0.00109689 -0.00560668 0.0126404 -0.00817214 -0.0131792 -0.0204586 -0.0286556 -0.0494863 -0.0114383 0.000823022 -0.00857851 0.000324753 -0.00583317 -0.0139922 -0.00851861 -0.00334723 0.00745389 -0.0050778 -0.00756223 0.0049021 0.0011733 -0.0109122 -0.000102717
internal_weight=4277 1960 2317 626 224 1691 1736 1341 321 39 282 204 134 97 43 54 70 50 1020 395 91 78 304 85 44 219 78 37 167 1672
internal_count=4277 1960 2317 626 224 1691 1736 1341 321 39 282 204 134 97 43 54 70 50 1020 395 91 78 304 85 44 219 78 37 167 1672
is_linear=0
shrinkage=0.035


Tree=141
num_leaves=31
num_cat=0
split_feature=61 62 8 52 0 3 0 11 6 8 0 10 0 0 0 3 3 10 10 3 10 6 2 3 2 10 10 53 0 6
split_gain=7.96296 9.05868 6.3986 5.88218 5.62373 6.25861 5.65724 6.24274 5.77057 5.32335 5.30416 5.30203 4.84584 5.6788 16.2259 12.3682 16.609 11.2994 15.9026 12.2669 7.97551 11.2629 7.12451 9.89667 12.0517 13.7971 7.06066 8.02773 9.91588 8.00964
threshold=1.0000000180025095e-35 1.0000000180025095e-35 18.500000000000004 1.0000000180025095e-35 1979.5000000000002 1.6787500381469729 2008.5000000000002 3.8750000000000004 17.12052154541016 32.500000000000007 1971.5000000000002 3.7532051801681523 2016.5000000000002 1991.5000000000002 1998.5000000000002 0.31299999356269842 0.69154998660087597 3.0551215410232548 4.2449998855590829 0.95569998025894176 1.6458333134651186 9.7696051597595233 90.500000000000014 1.1281999945640566 100.50000000000001 3.6599026918411259 1.6458333134651186 1.0000000180025095e-35 2005.5000000000002 16.203439712524418
decision_type=2 2 2 2 2 2 2 2 2 2 2 2 2 2 2 2 2 2 2 2 2 2 2 2 2 2 2 2 2 2
left_child=2 3 12 -2 10 -6 7 -7 9 -9 -4 -11 13 -1 17 -16 -17 20 19 -19 -15 -22 26 24 25 -24 -18 28 29 -28
right_child=1 -3 4 -5 5 6 -8 8 -10 11 -12 -13 -14 14 15 16 22 18 -20 -21 21 -23 23 -25 -26 -27 27 -29 -30 -31
leaf_value=0.00091373289621644784 0.0046370760549811667 -0.018898342039605436 0.0030202571817570267 -0.009001921419372283 0.020413483472913507 0.002278120341267204 0.0088689288141000355 0.0010401896196076783 0.0013612093631457539 -0.031387832073080872 0.021720108194784687 -0.010021409115095328 0.0074032659865405463 -0.025079854947759918 -0.033883281137794256 0.021427202099189167 0.022319983187576997 -0.044772752067446714 0.015974425186506578 -0.015140956167744041 0.014972737086437099 -0.0057552556605644633 -0.043959575407505037 -0.0016523184312541433 -0.0022808012718764639 -0.001288807399570942 0.024753640019812558 0.026816305737197399 -0.0052200176443952815 0.0021443822096433428
leaf_weight=723 703 21 44 40 19 349 86 40 99 17 32 81 72 18 12.999999999999998 39 22 19 17 145 40 147 24 1162 51 14.999999999999998 28 13.999999999999998 144 58
leaf_count=723 703 21 44 40 19 349 86 40 99 17 32 81 72 18 13 39 22 19 17 145 40 147 24 1162 51 15 28 14 144 58
internal_value=2.05332e-08 0.00323681 -0.000703132 0.00388935 0.00212098 0.00111668 0.000538962 -0.00069357 -0.00506814 -0.0096697 0.0110964 -0.0140251 -0.00149164 -0.00173402 -0.00271358 -0.00112926 -0.000833084 -0.00913348 -0.0154862 -0.0188351 -0.00346802 -0.00125609 -0.00141987 -0.00252602 -0.0136452 -0.028034 0.00376995 0.00200598 0.000378665 0.00972556
internal_weight=4282 764 3518 743 767 691 672 586 237 138 76 98 2751 2679 1956 1570 1557 386 181 164 205 187 1518 1252 90 39 266 244 230 86
internal_count=4282 764 3518 743 767 691 672 586 237 138 76 98 2751 2679 1956 1570 1557 386 181 164 205 187 1518 1252 90 39 266 244 230 86
is_linear=0
shrinkage=0.035


Tree=142
num_leaves=31
num_cat=0
split_feature=56 0 3 65 5 2 3 3 0 0 20 8 0 20 2 5 10 3 5 47 8 48 5 3 5 51 3 8 3 10
split_gain=7.1265 6.82007 5.0531 4.17201 6.6551 4.02285 4.80341 6.77397 4.53456 6.49813 12.1508 7.44467 5.83745 6.79053 12.2299 14.8314 10.6405 9.88829 9.02816 7.18977 8.14511 11.8343 13.2087 6.60599 10.336 8.18713 6.46907 6.24309 9.8576 9.55356
threshold=1.0000000180025095e-35 1949.5000000000002 24.961750030517582 1.0000000180025095e-35 1717780.5000000002 68.500000000000014 0.31299999356269842 0.47145000100135809 1936.5000000000002 1982.5000000000002 1.0000000180025095e-35 3.5000000000000004 2001.5000000000002 1.0000000180025095e-35 98.500000000000014 1494211.5000000002 4.0437979698181161 1.8826500177383425 94000.000000000015 1.0000000180025095e-35 3.5000000000000004 1.0000000180025095e-35 11965000.000000002 0.71780002117156994 147812.50000000003 1.0000000180025095e-35 2.0264500379562382 1.5000000000000002 1.7932499647140505 3.997916698455811
decision_type=2 2 2 2 2 2 2 2 2 2 2 2 2 2 2 2 2 2 2 2 2 2 2 2 2 2 2 2 2 2
left_child=2 -2 3 5 -5 -1 -7 -8 -9 10 11 -10 23 14 15 17 19 -14 -18 26 21 22 -21 24 25 -11 27 28 29 -15
right_child=1 -3 -4 4 -6 6 7 8 9 12 -12 -13 13 16 -16 -17 18 -19 -20 20 -22 -23 -24 -25 -26 -27 -28 -29 -30 -31
leaf_value=0.019728238454231852 0.0062679858912642198 -0.025089693895397853 0.013891214568704142 0.014722156103986963 -0.012922924537730756 -0.017813826238943471 0.021155950779389397 -0.013126518709676138 -0.0037283142298973845 -0.0080428957790852733 0.0058195566089809065 -0.036023455661076766 0.057041466293041583 -0.0068085757637154744 0.0021525125945871695 -0.00012068017038770697 -0.029597828976906992 0.014254536006599665 -0.0046339636003443355 -0.038968942984472968 0.00046814787191942124 0.0061212885860898875 -0.0089405700738160801 -0.0013931445058575796 0.0052200943453030463 -0.049150508605516875 0.0040089854566095961 0.0030433070512703793 -0.025586509532398646 0.014796247360566932
leaf_weight=11.999999999999998 11.999999999999998 25 32 11.999999999999998 60 17 18 30 28 12 440 11.999999999999998 15.000000000000002 130 149 21 23 12.999999999999998 71 23 290 40 76 1576 17 12 879 185 26 30
leaf_count=12 12 25 32 12 60 17 18 30 28 12 440 12 15 130 149 21 23 13 71 23 290 40 76 1576 17 12 879 185 26 30
internal_value=0.000112744 -0.0149763 0.000248043 0.000140831 -0.00815288 0.000287249 0.000225621 0.000304862 0.00020771 0.000309677 0.00412993 -0.0141019 -0.000201915 0.001076 0.00720703 0.0221914 0.000386651 0.038413 -0.0110078 0.00103179 -0.00287145 -0.00980504 -0.0162543 -0.00176038 -0.0154655 -0.0298106 0.00237401 -0.00149535 -0.0060111 -0.00268006
internal_weight=4286 37 4249 4217 72 4145 4133 4116 4098 4068 480 40 3588 1971 198 49 1773 28 94 1679 429 139 99 1617 41 24 1250 371 186 160
internal_count=4286 37 4249 4217 72 4145 4133 4116 4098 4068 480 40 3588 1971 198 49 1773 28 94 1679 429 139 99 1617 41 24 1250 371 186 160
is_linear=0
shrinkage=0.035


Tree=143
num_leaves=31
num_cat=0
split_feature=30 58 5 50 2 4 4 64 4 55 10 0 0 4 10 5 53 0 0 0 5 4 2 8 10 2 4 10 4 52
split_gain=7.03024 5.63584 8.65675 6.54477 5.18163 10.627 11.7776 8.90081 11.8477 6.47913 6.74809 5.93323 6.80558 5.25859 5.49181 5.17824 14.4593 10.9603 7.00044 7.05216 6.74072 14.7349 7.64857 5.31138 5.11655 11.6491 14.8518 11.3474 5.95255 5.59086
threshold=1.0000000180025095e-35 1.0000000180025095e-35 51250000.000000007 1.0000000180025095e-35 108.50000000000001 0.27230378985404974 0.42771445214748388 1.0000000180025095e-35 1.0967105031013491 1.0000000180025095e-35 1.9494949579238894 1962.5000000000002 1980.5000000000002 2.3164188861846928 3.9012196063995366 17500.000000000004 1.0000000180025095e-35 2011.5000000000002 2003.5000000000002 1999.5000000000002 3500079.5000000005 1.2145268917083742 156.50000000000003 7.5000000000000009 4.0388386249542245 89.500000000000014 0.93815007805824291 4.5227272510528573 0.49536667764186865 1.0000000180025095e-35
decision_type=2 2 2 2 2 2 2 2 2 2 2 2 2 2 2 2 2 2 2 2 2 2 2 2 2 2 2 2 2 2
left_child=1 3 -3 4 5 -1 -7 9 -9 10 -6 -12 -13 14 -11 16 17 18 19 -14 21 -17 -22 -23 28 26 -26 -27 -8 -30
right_child=-2 2 -4 -5 7 6 24 8 -10 13 11 12 15 -15 -16 20 -18 -19 -20 -21 22 23 -24 -25 25 27 -28 -29 29 -31
leaf_value=-0.033349689139769628 0.020210461263855301 0.032449715775003038 0.0037642430118993214 0.0048131724412553015 0.019525909411169041 0.023311482486031626 0.015571874139383435 -0.035330573603784776 -0.00381423172229525 -0.007274762298958376 -0.0075928849630555227 0.010069307840261901 0.014593045591552918 0.006408850581441165 -0.032706372449031247 0.0094470835585633069 -0.027485278510130367 -0.015135977691587281 0.030785535565956878 -0.011130425276234748 0.0019170707805831265 -0.040871443595518073 -0.01522448924308022 -0.0092449741257497921 -0.055858667163894711 -0.0077882176196784718 -0.0050087729834896689 0.02160481023788452 -0.00087472537077827551 -0.0062942690909534053
leaf_weight=11.999999999999998 20 13.999999999999998 96 284 26 22 24 15.999999999999998 108 59 76 127 73 25 11.999999999999998 22 11.999999999999998 15.999999999999998 26 14.999999999999998 936 16.000000000000004 32 11.999999999999998 12.000000000000002 104 15.999999999999998 18 1724 269
leaf_count=12 20 14 96 284 26 22 24 16 108 59 76 127 73 25 12 22 12 16 26 15 936 16 32 12 12 104 16 18 1724 269
internal_value=9.60875e-06 -9.08615e-05 0.00769034 -0.000302186 -0.00068511 -0.00178861 -0.00159965 0.000823489 -0.00814497 0.00157853 0.00218883 0.00184276 0.00240678 -0.00716534 -0.0119919 0.00155841 0.00779642 0.0112515 0.0150696 0.0101129 0.000679756 -0.0117199 0.00133347 -0.0281638 -0.00186399 -0.00808168 -0.0280366 -0.00329692 -0.00139696 -0.00160988
internal_weight=4224 4204 110 4094 3810 2201 2189 1609 124 1485 1389 1363 1287 96 71 1160 142 130 114 88 1018 50 968 28 2167 150 28 122 2017 1993
internal_count=4224 4204 110 4094 3810 2201 2189 1609 124 1485 1389 1363 1287 96 71 1160 142 130 114 88 1018 50 968 28 2167 150 28 122 2017 1993
is_linear=0
shrinkage=0.035


Tree=144
num_leaves=31
num_cat=0
split_feature=4 64 0 9 0 56 0 10 10 4 53 4 4 9 4 4 4 4 0 5 11 10 4 4 10 4 0 20 61 4
split_gain=6.2227 4.71919 6.66479 12.7739 6.52006 4.35531 6.09909 4.36202 5.64018 20.3719 27.9019 17.9957 8.36035 7.90201 9.73101 8.58647 9.90306 13.5118 15.616 16.0517 8.92634 14.4649 32.5074 14.1068 7.10837 6.49608 11.5601 6.14903 6.34634 6.10588
threshold=2.8947371244430546 1.0000000180025095e-35 2000.5000000000002 1.8688347935676577 1981.5000000000002 1.0000000180025095e-35 1949.5000000000002 4.5227272510528573 3.8992187976837163 0.49536667764186865 1.0000000180025095e-35 0.42771445214748388 0.64366802573204052 1.4978661537170412 0.67074817419052135 0.7552764117717744 0.81551963090896618 0.88138869404792797 1994.5000000000002 4669391.5000000009 2.3750000000000004 2.7474489212036137 0.6306598186492921 0.6306598186492921 3.6599026918411259 2.1075547933578496 2012.5000000000002 1.0000000180025095e-35 1.0000000180025095e-35 0.56965085864067089
decision_type=2 2 2 2 2 2 2 2 2 2 2 2 2 2 2 2 2 2 2 2 2 2 2 2 2 2 2 2 2 2
left_child=1 5 3 4 -3 7 -7 8 11 10 -10 -1 29 15 -15 20 -17 18 -18 -20 23 22 -22 -13 -23 -19 -27 -16 -29 -11
right_child=-2 2 -4 -5 -6 6 -8 -9 9 12 -12 13 -14 14 27 16 17 25 19 -21 21 24 -24 -25 -26 26 -28 28 -30 -31
leaf_value=0.028544209358282387 0.009694476904518478 -0.012009192295696428 0.002609205087830285 -0.0007012751236590639 -0.040230287476132311 0.0051664965910946633 -0.022162949848240243 0.010207258356036619 0.0064111456506384112 -0.0035204958105459812 -0.064583958906928696 -0.013629401586073286 -0.0027171966956666934 0.023038850253591172 -0.0092774053470542038 0.011198278700070525 0.0053602067287369026 0.00035492711998571071 -0.047025353071391586 -0.0073159245804504123 0.00079970626971300905 -0.010786077129026485 -0.069597093133954333 0.018745108429226096 0.016145456750644372 -0.031394577857276257 0.0042563043748554989 0.0008659412058874558 0.0061755258003304888 0.024424223937392235
leaf_weight=27 78 22 65 56 20 15.999999999999998 24 51 12 14.999999999999998 14 33 591 25 62 80 28 858 24 26 16.000000000000004 85 14.999999999999998 31 12.999999999999998 21 22 1507 337 24
leaf_count=27 78 22 65 56 20 16 24 51 12 15 14 33 591 25 62 80 28 858 24 26 16 85 15 31 13 21 22 1507 337 24
internal_value=-3.52072e-05 -0.000222142 -0.00604002 -0.0117628 -0.0261116 1.85356e-05 -0.0113291 0.000137725 1.83082e-06 -0.00295239 -0.0327283 0.000606835 -0.00167084 0.000360414 0.00176473 -0.00180378 -0.000561378 -0.00153456 -0.0154141 -0.0269591 -0.00857387 -0.0138444 -0.034319 0.00207221 -0.00706885 -0.000315303 -0.0134326 0.00147283 0.00184006 0.0138132
internal_weight=4198 4120 163 98 42 3957 40 3917 3866 656 26 3210 630 3183 1931 1252 1059 979 78 50 193 129 31 64 98 901 43 1906 1844 39
internal_count=4198 4120 163 98 42 3957 40 3917 3866 656 26 3210 630 3183 1931 1252 1059 979 78 50 193 129 31 64 98 901 43 1906 1844 39
is_linear=0
shrinkage=0.035


Tree=145
num_leaves=31
num_cat=0
split_feature=30 2 5 62 0 61 2 3 0 0 5 3 0 3 10 5 5 10 2 10 3 2 53 8 3 0 3 3 60 0
split_gain=4.77368 4.52622 4.23712 4.50045 7.40726 6.46841 6.739 6.19157 5.26571 4.56088 3.41023 3.28029 7.91028 3.44736 4.35845 3.3926 3.96498 3.02687 11.4185 5.80836 10.9532 30.7727 6.05865 7.71705 6.01907 5.86598 8.90662 5.79639 6.35681 6.17799
threshold=1.0000000180025095e-35 72.500000000000014 197500000.00000003 1.0000000180025095e-35 1983.5000000000002 1.0000000180025095e-35 85.500000000000014 3.7788000106811528 1974.5000000000002 1936.5000000000002 905000.00000000012 1.7074999809265139 2002.5000000000002 10.178250312805178 3.8744747638702397 448762.00000000006 7960000.0000000009 4.5227272510528573 122.50000000000001 4.0211939811706552 0.47145000100135809 93.500000000000014 1.0000000180025095e-35 16.500000000000004 8.3196997642517108 1984.5000000000002 7.4959499835968026 5.009549856185914 1.0000000180025095e-35 1972.5000000000002
decision_type=2 2 2 2 2 2 2 2 2 2 2 2 2 2 2 2 2 2 2 2 2 2 2 2 2 2 2 2 2 2
left_child=1 -1 3 9 8 6 -6 -7 10 -3 -5 12 -8 14 15 -13 -17 19 -19 20 21 -11 23 24 -21 26 27 28 29 -22
right_child=-2 2 -4 4 5 7 11 -9 -10 17 -12 13 -14 -15 -16 16 -18 18 -20 22 25 -23 -24 -25 -26 -27 -28 -29 -30 -31
leaf_value=0.02021767708659172 0.016339377589523793 -0.012009158482472412 0.011211862159947064 0.0094650705400854355 -0.024127576463316616 -0.03908919768608532 -0.0086051900355439449 -0.0037038408340169834 0.016124830284492898 -0.059592944897138143 -0.014673188378976194 -0.019493325506802647 0.023818211922215095 0.0055593990296716016 -0.019948995518619599 0.012118540330231192 -0.0042261013071001252 0.018210047106095591 -0.019614659579900599 0.0027414838611462228 0.0012176974736252764 0.016959403859881254 -0.024472318346886072 -0.011526052861776867 -0.021924117827071592 0.00059371871362291187 0.028488029212543842 -0.010630416748985167 -0.010048710032636601 0.010787971201824306
leaf_weight=12.999999999999998 22 34 42 12.000000000000002 18 12.000000000000002 18 11.999999999999998 37 12.000000000000002 14.999999999999998 14.999999999999998 17 40 22 19 198 39 11.999999999999998 177 150 11.999999999999998 15.999999999999998 86 11.999999999999998 2890 18 30 30 185
leaf_count=13 22 34 42 12 18 12 18 12 37 12 15 15 17 40 22 19 198 39 12 177 150 12 16 86 12 2890 18 30 30 185
internal_value=0.000435886 0.000348149 0.000281115 0.000167065 -0.00319586 -0.00509721 -0.00384009 -0.0223224 0.00770798 0.000563344 -0.00392768 -0.00265509 0.00731887 -0.00386918 -0.00537684 -0.0039078 -0.00273795 0.000683568 0.00907041 0.000562388 0.000977948 -0.0220994 -0.00416978 -0.00289781 0.00105906 0.0011528 0.00504989 0.00390816 0.00513367 0.00652436
internal_weight=4215 4193 4180 4138 435 371 347 24 64 3703 27 329 35 294 254 232 217 3669 51 3618 3327 24 291 275 189 3303 413 395 365 335
internal_count=4215 4193 4180 4138 435 371 347 24 64 3703 27 329 35 294 254 232 217 3669 51 3618 3327 24 291 275 189 3303 413 395 365 335
is_linear=0
shrinkage=0.035


Tree=146
num_leaves=31
num_cat=0
split_feature=8 0 63 10 5 3 31 11 11 5 48 10 10 3 8 3 1 2 5 0 0 0 63 2 11 5 0 3 10 0
split_gain=4.79166 5.55447 9.17503 9.65516 18.8935 9.60001 7.20602 7.05859 10.5596 9.78185 7.4916 11.2866 10.499 7.78842 10.0885 8.24845 19.4035 8.69102 26.0247 7.62716 7.40391 8.13957 12.2792 24.3001 8.42804 8.00619 6.99096 6.86331 12.9699 7.55243
threshold=61.500000000000007 2010.5000000000002 1.0000000180025095e-35 1.8452380895614626 15150000.000000002 2.419549942016602 1.0000000180025095e-35 1.8750000000000002 1.1250000000000002 1196000.0000000002 1.0000000180025095e-35 2.236111164093018 4.0115790367126474 10.402899742126467 8.5000000000000018 1.1281999945640566 9.5000000000000018 85.500000000000014 147812.50000000003 1936.5000000000002 1967.5000000000002 1995.5000000000002 1.0000000180025095e-35 120.50000000000001 3.6250000000000004 1325000.0000000002 2012.5000000000002 1.6155499815940859 2.9978448152542119 2012.5000000000002
decision_type=2 2 2 2 2 2 2 2 2 2 2 2 2 2 2 2 2 2 2 2 2 2 2 2 2 2 2 2 2 2
left_child=1 7 3 4 -3 26 27 8 -1 -10 13 -12 20 15 -15 16 -9 18 -18 -17 -13 22 23 24 -22 -23 -4 28 -5 -30
right_child=-2 2 5 6 -6 -7 -8 10 9 -11 11 12 -14 14 -16 19 17 -19 -20 -21 21 25 -24 -25 -26 -27 -28 -29 29 -31
leaf_value=-0.0030577890055432716 0.0055155185102812544 -0.039673447423121518 -0.037027808682061736 0.040292754677565476 0.0065790649878482033 0.00017433296593953856 0.030363747855524221 -0.045372186686843639 0.033554680604413155 0.0073848886626462149 -0.023320403803385011 0.013963622143153441 -0.026764326959509741 -0.038554823633283379 -0.0045226124977586256 -0.018664722109989575 0.041283840543100317 -0.005347851270406428 -0.017554393640822834 0.0011688758051584959 -0.0020285471278158104 0.02334202833722035 0.01385800498645668 -0.048770115035275619 -0.030801890271902086 -0.0011363759175512115 -0.0064288110490888367 0.0038881225737455718 0.023337765446553627 -0.00083112146503272217
leaf_weight=72 223 15.999999999999998 14.999999999999998 18 29 159 13.999999999999998 12.999999999999998 24 62 37 32 21 12.999999999999998 47 23 18 268 17 2239 76 17 21 20 13.999999999999998 179 23 443 23 46
leaf_count=72 223 16 15 18 29 159 14 13 24 62 37 32 21 13 47 23 18 268 17 2239 76 17 21 20 14 179 23 443 23 46
internal_value=0.000533707 0.000254154 0.00288973 0.00507595 -0.0103332 -0.00363052 0.00637044 -0.000390744 0.00679809 0.0150099 -0.000765215 -0.00511867 -0.00328525 -7.47037e-05 -0.0124361 0.000217026 -0.00506978 -0.00319131 0.0129629 0.000958276 -0.00183643 -0.0034258 -0.010146 -0.0148279 -0.00681293 0.00108558 -0.019192 0.00567737 0.0146205 0.00741848
internal_weight=4222 3999 786 589 45 197 544 3213 158 86 3055 417 380 2638 60 2578 316 303 35 2262 359 327 131 110 90 196 38 530 87 69
internal_count=4222 3999 786 589 45 197 544 3213 158 86 3055 417 380 2638 60 2578 316 303 35 2262 359 327 131 110 90 196 38 530 87 69
is_linear=0
shrinkage=0.035


Tree=147
num_leaves=31
num_cat=0
split_feature=62 6 61 10 6 1 25 52 6 6 3 3 1 6 6 6 50 2 2 58 8 3 1 6 1 1 10 10 8 1
split_gain=6.45701 7.04537 5.9819 8.04179 17.4722 8.79698 8.55916 5.94003 7.27689 5.97883 5.96692 5.58715 5.83807 7.25251 6.54584 6.19407 5.20308 5.08584 6.70279 4.99933 4.91105 4.89216 4.39532 4.21835 4.10615 4.74112 12.5062 13.6218 7.75891 22.0853
threshold=1.0000000180025095e-35 18.478904724121097 1.0000000180025095e-35 2.2902930974960332 12.640675067901613 11.500000000000002 1.0000000180025095e-35 1.0000000180025095e-35 16.297492027282718 14.217102050781252 1.3479499816894533 0.90344998240470897 25.500000000000004 10.910957336425783 16.370829582214359 13.392363071441652 1.0000000180025095e-35 156.50000000000003 136.50000000000003 1.0000000180025095e-35 10.500000000000002 2.5670500993728642 65.500000000000014 16.589371681213382 74.500000000000014 24.500000000000004 4.0211939811706552 4.0628955364227304 1.5000000000000002 21.500000000000004
decision_type=2 2 2 2 2 2 2 2 2 2 2 2 2 2 2 2 2 2 2 2 2 2 2 2 2 2 2 2 2 2
left_child=2 11 16 4 -4 -6 7 9 -9 22 -11 -2 13 21 -15 -14 19 18 -12 24 -20 -13 -5 -17 25 28 -27 -28 29 -1
right_child=1 -3 3 6 5 -7 -8 8 -10 10 17 12 15 14 -16 23 -18 -19 20 -21 -22 -23 -24 -25 -26 26 27 -29 -30 -31
leaf_value=-0.0039654100626299498 0.015265609769026441 0.0052643835234286434 -0.04138667623003324 0.014633211919885073 0.022271052661297076 -0.0088799767959571903 -0.017284224425752958 -0.028257919626310461 0.0054910480007529273 -0.011162562351451549 0.0055226675452901995 -0.040284492987394324 0.015097190479487183 0.0069443592453996344 -0.010043362847337915 -0.0093771038076898554 0.0046155584239219649 0.020941956773865969 -0.026907555527985089 0.011977914601803207 0.0021616194774707162 -0.010794640705455097 -0.0040253705276797223 0.0048750704778474764 -0.011774449784029275 0.0035136849735036219 -0.042602819426988181 -0.0045408779094648485 -0.00016497665077345674 -0.047176135408878328
leaf_weight=448 13.999999999999998 87 13.999999999999998 127 15.999999999999998 31 20 13.000000000000002 17 28 374 14.000000000000002 24 32 179 69 270 23 13.000000000000002 38 13.999999999999998 14.999999999999998 17 39 39 704 11.999999999999998 106 1434 13.999999999999998
leaf_count=448 14 87 14 127 16 31 20 13 17 28 374 14 24 32 179 69 270 23 13 38 14 15 17 39 39 704 12 106 1434 14
internal_value=0.000170828 -0.00367898 0.000654897 0.00355454 -0.00848954 0.00193122 0.0047059 0.00543769 -0.00951684 0.00620805 0.00420665 -0.00570763 -0.00654045 -0.00978163 -0.00743817 -0.000604998 -1.43308e-05 0.00524959 0.00429532 -0.0004637 -0.0122333 -0.0259577 0.0124058 -0.00421692 -0.000640099 -0.000475419 0.00174233 -0.00875177 -0.00143825 -0.00537767
internal_weight=4245 473 3772 707 61 47 646 626 30 596 452 386 372 240 211 132 3065 424 401 2795 27 29 144 108 2757 2718 822 118 1896 462
internal_count=4245 473 3772 707 61 47 646 626 30 596 452 386 372 240 211 132 3065 424 401 2795 27 29 144 108 2757 2718 822 118 1896 462
is_linear=0
shrinkage=0.035


Tree=148
num_leaves=31
num_cat=0
split_feature=3 0 8 0 63 3 10 0 0 3 57 5 8 10 8 2 2 5 2 11 3 0 5 54 2 2 8 0 0 60
split_gain=14.5339 19.2649 14.5379 5.97764 6.96679 15.0598 9.08445 16.9278 7.20154 13.8458 6.46305 8.03071 6.15097 6.83278 8.02521 7.98896 10.6813 14.4874 6.44074 6.81774 6.18278 7.10517 10.9327 9.76672 7.02271 9.95917 14.8248 25.0935 23.8223 8.71575
threshold=0.53374999761581432 2007.5000000000002 1.5000000000000002 2010.5000000000002 1.0000000180025095e-35 2.419549942016602 3.4985954761505131 2012.5000000000002 2011.5000000000002 2.419549942016602 1.0000000180025095e-35 13100000.000000002 161.50000000000003 3.328355193138123 8.5000000000000018 111.50000000000001 109.50000000000001 210000.00000000003 104.50000000000001 4.1250000000000009 7.1232500076293954 2002.5000000000002 1494211.5000000002 1.0000000180025095e-35 107.50000000000001 101.50000000000001 3.5000000000000004 1991.5000000000002 1997.5000000000002 1.0000000180025095e-35
decision_type=2 2 2 2 2 2 2 2 2 2 2 2 2 2 2 2 2 2 2 2 2 2 2 2 2 2 2 2 2 2
left_child=1 2 -1 12 8 6 7 -6 9 -5 -7 -12 13 14 20 16 18 -18 -15 -20 21 24 23 -23 25 -2 27 -27 -29 -26
right_child=3 -3 -4 4 5 10 -8 -9 -10 -11 11 -13 -14 15 -16 -17 17 -19 19 -21 -22 22 -24 -25 29 26 -28 28 -30 -31
leaf_value=0.059665585432201622 -0.0028643506126564047 -0.017117915201932194 0.013465282140066847 0.033720944701693956 -0.036352328613400452 -0.0020358829010255273 -0.044200364862134058 0.018144800469279288 0.0025017764546824165 0.0033720169896259908 0.034197206269204611 -0.0018022757534636186 0.015399840215014088 -0.0057024106412799274 0.0035934332605421838 -0.00028422703296519764 -0.052163078619310493 -0.010191517150248401 -0.00090999010756349008 0.019067007621750235 -0.017759655631147328 0.034451008790456088 0.00019438720141252917 0.0051645197512974082 0.0040343059022530563 -0.0033863994786789754 0.0019983885685913266 -0.081652923554182064 -0.019845960965752602 -0.02203648748358383
leaf_weight=12.999999999999998 393 12.999999999999998 23 27 13.000000000000002 122 13.999999999999998 12.999999999999998 488 55 14.000000000000002 14.999999999999998 26 675 567 758 11.999999999999998 49 162 23 27 22 314 37 205 33 39 12.999999999999998 19 15.999999999999998
leaf_count=13 393 13 23 27 13 122 14 13 488 55 14 15 26 675 567 758 12 49 162 23 27 22 314 37 205 33 39 13 19 16
internal_value=-0.000379879 0.0183767 0.0313577 -0.000606083 0.00219447 -0.00357267 -0.0223881 -0.00937613 0.0041329 0.0136719 0.00151453 0.0160791 -0.00123574 -0.00136937 0.000204352 -0.00294894 -0.00513747 -0.0191846 -0.00411794 0.00165339 -0.00151455 -0.00109502 0.00281646 0.0165062 -0.00313056 -0.00543638 -0.0150192 -0.0251318 -0.0467215 0.00204818
internal_weight=4200 49 36 4151 761 191 40 26 570 82 151 29 3390 3364 1685 1679 921 61 860 185 1118 1091 373 59 718 497 104 65 32 221
internal_count=4200 49 36 4151 761 191 40 26 570 82 151 29 3390 3364 1685 1679 921 61 860 185 1118 1091 373 59 718 497 104 65 32 221
is_linear=0
shrinkage=0.035


Tree=149
num_leaves=31
num_cat=0
split_feature=21 3 3 2 8 51 2 2 2 2 3 25 3 3 0 0 0 0 10 5 3 10 3 5 2 5 2 53 5 0
split_gain=6.3883 5.13636 4.40704 4.30963 4.17794 7.89682 26.9049 10.9512 10.2816 17.205 8.75922 8.28409 9.52215 10.9827 7.48698 9.37498 9.39514 12.7013 7.23007 6.35927 6.18841 6.34113 6.33918 6.1125 6.09549 5.53203 5.30593 10.6578 7.19865 43.2998
threshold=1.0000000180025095e-35 2.2602500915527348 24.961750030517582 182.50000000000003 1.5000000000000002 1.0000000180025095e-35 93.500000000000014 79.500000000000014 82.500000000000014 90.500000000000014 1.4785500168800356 1.0000000180025095e-35 2.981299996376038 0.71780002117156994 1964.5000000000002 1976.5000000000002 1995.5000000000002 1997.5000000000002 1.9494949579238894 1.0000000180025095e-35 1.3479499816894533 1.9494949579238894 0.87884998321533214 3950000.0000000005 100.50000000000001 883950.00000000012 104.50000000000001 1.0000000180025095e-35 115000.00000000001 2008.5000000000002
decision_type=2 2 2 2 2 2 2 2 2 2 2 2 2 2 2 2 2 2 2 2 2 2 2 2 2 2 2 2 2 2
left_child=2 -2 3 4 5 7 8 -1 -7 -10 -11 12 13 -9 -15 -16 24 -18 19 -6 22 -22 -8 -14 -17 -24 27 28 29 -20
right_child=1 -3 -4 -5 18 6 20 11 9 10 -12 -13 23 14 15 16 17 -19 26 -21 21 -23 25 -25 -26 -27 -28 -29 -30 -31
leaf_value=0.024758278670907023 0.029468944393331187 0.00260972032447656 0.012600692840744601 -0.011973186966816063 0.027943904244289216 -0.036785273201763627 0.004933702928588901 0.012335570378765238 0.0033530224394124866 -0.050355276996126533 -0.012007510975608603 -0.025279520366638903 0.019675984169840816 0.005853927680959878 -0.035076888065371251 -0.0093630876269191494 -0.044832532808184632 -0.010303985557649682 -0.0018634895995773117 0.0053689421990903118 -0.014444045074012441 0.0079602150266364999 0.037530221600240721 4.4085215716989026e-05 0.01010793180700081 0.012520468614379448 0.001427552252023607 0.018502897596568802 -0.00089776043184572882 -0.05116674343060703
leaf_weight=13.999999999999998 14.999999999999998 20 32 37 17 15.999999999999998 31 32 64 12.000000000000002 19 24 24 38 17 34 12.999999999999998 234 173 110 17 110 23 88 44 23 1707 31 1195 24
leaf_count=14 15 20 32 37 17 16 31 32 64 12 19 24 24 38 17 34 13 234 173 110 17 110 23 88 44 23 1707 31 1195 24
internal_value=-1.23662e-05 0.0146683 -0.000138494 -0.000239645 -0.000131335 -0.00227446 0.00215353 -0.00475886 -0.0116422 -0.00705023 -0.0280162 -0.00555986 -0.00460691 -0.00706525 -0.00873169 -0.0103698 -0.00896838 -0.0123018 0.000445721 0.00859916 0.00968871 0.00485813 0.0174692 0.0044033 0.00158733 0.025595 0.000111694 -0.00146545 -0.00192436 -0.0081069
internal_weight=4238 35 4203 4171 4134 877 315 562 111 95 31 548 524 412 380 342 325 247 3257 127 204 127 77 112 78 46 3130 1423 1392 197
internal_count=4238 35 4203 4171 4134 877 315 562 111 95 31 548 524 412 380 342 325 247 3257 127 204 127 77 112 78 46 3130 1423 1392 197
is_linear=0
shrinkage=0.035


Tree=150
num_leaves=31
num_cat=0
split_feature=62 21 61 5 0 3 2 65 8 54 2 20 2 2 59 8 5 20 0 2 11 11 0 2 8 2 2 8 8 2
split_gain=5.5754 7.22796 6.51261 6.7702 6.4854 4.9701 4.26372 4.0401 5.3425 4.1017 9.199 15.9402 7.98346 10.5021 6.61219 5.46605 5.42455 6.25523 10.6 8.39665 8.05884 13.0515 12.5607 14.6747 10.2602 9.96892 5.60785 5.42722 4.72371 4.51375
threshold=1.0000000180025095e-35 1.0000000180025095e-35 1.0000000180025095e-35 22850000.000000004 2016.5000000000002 12.551199913024904 105.50000000000001 1.0000000180025095e-35 17.500000000000004 1.0000000180025095e-35 93.500000000000014 1.0000000180025095e-35 89.500000000000014 90.500000000000014 1.0000000180025095e-35 6.5000000000000009 17500.000000000004 1.0000000180025095e-35 1999.5000000000002 112.50000000000001 3.1250000000000004 4.3750000000000009 1995.5000000000002 106.50000000000001 4.5000000000000009 102.50000000000001 98.500000000000014 1.5000000000000002 8.5000000000000018 87.500000000000014
decision_type=2 2 2 2 2 2 2 2 2 2 2 2 2 2 2 2 2 2 2 2 2 2 2 2 2 2 2 2 2 2
left_child=1 4 5 -4 7 -2 -3 9 -9 -1 11 -11 29 -14 16 -15 17 18 19 -12 22 26 24 25 -19 -24 -22 -20 -18 -13
right_child=2 6 3 -5 -6 -7 -8 8 -10 10 14 12 13 15 -16 -17 28 20 27 -21 21 -23 23 -25 -26 -27 -28 -29 -30 -31
leaf_value=0.0013357416367070275 -0.0039354540743483822 0.032725895480467719 -0.038598006055905264 -0.0018202463440203038 0.010935985783827217 0.0083309412097351421 0.0051833442712531383 -0.014690775599602302 0.007307426481360668 -0.035009969285766905 -0.038165719777345654 -0.0013639559801057227 -0.034098928015120329 -0.01189093529159824 0.012504946515496289 0.0094076861071993 -0.0033403628291192732 0.023848348055283228 -0.0058640440292656408 -0.00014876214042305947 -0.00063843046599312847 -0.014535819831647373 -0.0098585141245275728 0.0092248418223112843 -0.010312253957888222 -0.052747827023124472 0.020653861827363548 0.025674332618713377 0.0010473528352972377 0.017449307306359213
leaf_weight=1843 399 12.000000000000002 12.000000000000002 11.999999999999998 67 44 15.999999999999998 47 18 23 15.000000000000002 60 19 44 48 21 730 29 13.000000000000002 12.999999999999998 18 18 15.000000000000002 19 15.999999999999998 11.999999999999998 88 11.999999999999998 509 20
leaf_count=1843 399 12 12 12 67 44 16 47 18 23 15 60 19 44 48 21 730 29 13 13 18 18 15 19 16 12 88 12 509 20
internal_value=-8.69344e-05 0.000362646 -0.00368905 -0.0210875 0.000226309 -0.00269716 0.0177691 2.63e-05 -0.00855403 0.000184701 -0.00103214 -0.00834498 -0.00440526 -0.0118835 -0.000146795 -0.00494505 -0.000558956 0.00394517 -0.00671879 -0.0211891 0.00660099 0.0123711 -0.00129151 -0.0140204 0.0117042 -0.030186 0.0170497 0.0096123 -0.00153702 0.00347511
internal_weight=4212 3745 467 24 3717 443 28 3650 65 3585 1742 187 164 84 1555 65 1507 268 53 28 215 124 91 46 45 27 106 25 1239 80
internal_count=4212 3745 467 24 3717 443 28 3650 65 3585 1742 187 164 84 1555 65 1507 268 53 28 215 124 91 46 45 27 106 25 1239 80
is_linear=0
shrinkage=0.035


Tree=151
num_leaves=31
num_cat=0
split_feature=8 3 62 3 11 0 3 8 5 3 0 3 47 2 3 5 0 3 63 2 0 3 2 5 5 3 2 2 5 3
split_gain=4.58411 3.88595 3.60274 4.63681 9.89231 9.35703 6.66031 8.24965 4.25885 4.03959 3.69133 19.4759 7.61449 7.52093 7.09833 8.62505 6.46052 9.82517 8.63167 12.2556 10.6794 7.73309 7.21769 7.18624 6.94347 6.39779 6.39702 5.52467 5.01127 4.95067
threshold=131.50000000000003 0.31299999356269842 1.0000000180025095e-35 1.7353999614715578 3.8750000000000004 2004.5000000000002 2.0588999986648564 2.5000000000000004 9902345.0000000019 12.551199913024904 2010.5000000000002 0.76764997839927684 1.0000000180025095e-35 116.50000000000001 2.901250004768372 14900000.000000002 2011.5000000000002 4.1425499916076669 1.0000000180025095e-35 91.500000000000014 2012.5000000000002 2.419549942016602 107.50000000000001 7960000.0000000009 418500.00000000006 2.0463500022888188 104.50000000000001 87.500000000000014 28500000.000000004 0.90344998240470897
decision_type=2 2 2 2 2 2 2 2 2 2 2 2 2 2 2 2 2 2 2 2 2 2 2 2 2 2 2 2 2 2
left_child=1 -1 10 4 5 8 7 -5 -4 -8 29 -12 16 14 15 -14 21 18 19 23 -20 -13 -22 27 25 -21 -26 -18 -19 -3
right_child=-2 2 3 6 -6 -7 9 -9 -10 -11 11 12 13 -15 -16 -17 17 28 20 24 22 -23 -24 -25 26 -27 -28 -29 -30 -31
leaf_value=0.015722215968135157 0.011284762713380836 -0.0058508802929528704 0.014997414840757848 -0.039923269629478446 -0.014393378814061483 0.039802434111157289 -0.0043164671289178044 -0.0016656454881032309 -0.009683743684117993 0.0083252863971626061 0.043455709695816039 0.026752048639208079 -0.040172332341472307 0.0079831276180323315 -0.0041113492738665408 -0.0031538599970440074 -0.010650389540195464 0.016423083291699489 -0.042870005831122403 0.0032907375084857151 0.0081573044645289593 0.004831793621747342 -0.023063862728769893 0.0018804123886705687 0.016566951366956347 -0.027352836199104787 0.0013102763273485313 -0.043598407504650265 0.0035548793256302623 6.6118529574906815e-05
leaf_weight=18 43 183 19 13.000000000000002 20 11.999999999999998 345 13.999999999999998 13.999999999999998 33 12.999999999999998 29 17.000000000000004 36 70 13.999999999999998 14.000000000000002 62 11.999999999999998 20 20 60 14.999999999999998 17 63 12.999999999999998 72 11.999999999999998 93 2948
leaf_count=18 43 183 19 13 20 12 345 14 14 33 13 29 17 36 70 14 14 62 12 20 20 60 15 17 63 13 72 12 93 2948
internal_value=4.51045e-05 -7.02606e-05 -0.000141191 -0.0030281 0.00557747 0.0146114 -0.00442389 -0.0209164 0.0044983 -0.00318915 0.000217722 0.0026117 0.00171142 -0.00557022 -0.0104492 -0.02413 0.00370924 0.0018477 -0.00233153 0.000704779 -0.0157298 0.0122117 -0.00544357 -0.0157429 0.0049932 -0.00917895 0.00851239 -0.0269735 0.00878566 -0.000280916
internal_weight=4314 4271 4253 470 65 45 405 27 33 378 3783 652 639 137 101 31 502 413 258 211 47 89 35 43 168 33 135 26 155 3131
internal_count=4314 4271 4253 470 65 45 405 27 33 378 3783 652 639 137 101 31 502 413 258 211 47 89 35 43 168 33 135 26 155 3131
is_linear=0
shrinkage=0.035


Tree=152
num_leaves=31
num_cat=0
split_feature=56 2 21 50 5 3 3 11 2 11 11 2 3 8 3 3 20 3 3 0 8 63 54 10 8 8 0 3 10 51
split_gain=4.51953 4.83274 9.024 8.59193 6.64246 8.87093 10.8657 12.4064 10.9611 8.58504 16.3802 15.5481 12.0978 10.9203 21.5636 7.93835 7.79763 15.3515 13.3181 12.2787 12.2149 8.98099 9.37784 9.36186 7.89719 6.84211 9.27805 7.90395 5.55052 9.62934
threshold=1.0000000180025095e-35 104.50000000000001 1.0000000180025095e-35 1.0000000180025095e-35 602000.00000000012 0.64110001921653759 0.95569998025894176 2.3750000000000004 91.500000000000014 2.1250000000000004 2.6250000000000004 97.500000000000014 0.80965000391006481 8.5000000000000018 2.4054000377655034 1.078500032424927 1.0000000180025095e-35 4.1425499916076669 0.53374999761581432 1996.5000000000002 1.5000000000000002 1.0000000180025095e-35 1.0000000180025095e-35 4.1143791675567636 1.5000000000000002 1.5000000000000002 1996.5000000000002 1.3318499922752383 1.5416666865348818 1.0000000180025095e-35
decision_type=2 2 2 2 2 2 2 2 2 2 2 2 2 2 2 2 2 2 2 2 2 2 2 2 2 2 2 2 2 2
left_child=1 2 3 4 9 -6 7 -7 -9 12 11 -11 -1 16 -15 -14 17 19 -18 -12 -21 23 -23 25 -25 26 27 -20 29 -17
right_child=-2 -3 -4 -5 5 6 -8 8 -10 10 13 -13 15 14 -16 28 18 -19 21 20 -22 22 -24 24 -26 -27 -28 -29 -30 -31
leaf_value=-0.024228352085221561 -0.011875751454538355 0.00084684254953725716 0.027525509072037845 0.0044116968863293039 0.023868701397057841 0.010144256174671825 -0.00098580888571068656 -0.0063073307573795314 -0.049726519615772895 -0.012442671340890228 -0.043076405892769502 -0.057650895501673224 0.031189190892502668 -0.051650288175791502 -0.003831603250219761 0.012752551166216533 0.028528276185608575 0.020445517792151528 -0.032199029975477605 0.0097052362779155386 -0.032132379043102267 -0.036617418116165534 -0.0016133818135907253 0.0033117880369894774 -0.033397839751313718 0.009542147553309838 0.0068452318697594687 0.0025561620406806471 0.01290727151632309 -0.026331168952630834
leaf_weight=14.999999999999998 41 2098 11.999999999999998 245 15.999999999999998 11.999999999999998 1249 13.000000000000002 15.999999999999998 27 20 13.999999999999998 14.999999999999998 17 33 14 17 11.999999999999998 19 19 13.999999999999998 17 20 12.000000000000002 15.999999999999998 96 38 12.999999999999998 34 15
leaf_count=15 41 2098 12 245 16 12 1249 13 16 27 20 14 15 17 33 14 17 12 19 19 14 17 20 12 16 96 38 13 34 15
internal_value=-0.000450708 -0.000334802 -0.00153892 -0.00172342 -0.00256005 -0.00124581 -0.00157691 -0.01909 -0.0311801 -0.00600061 -0.00820536 -0.0289264 0.0035438 -0.00578712 -0.0208182 0.00914584 -0.00332176 -0.0140143 -0.000467219 -0.0220831 -0.00841562 -0.0027224 -0.0182828 0.000314862 -0.0180331 0.00350963 -0.00475676 -0.0183771 0.00346475 -0.00760868
internal_weight=4199 4158 2060 2048 1803 1306 1290 41 29 497 404 41 93 363 50 78 313 65 248 53 33 231 37 194 28 166 70 32 63 29
internal_count=4199 4158 2060 2048 1803 1306 1290 41 29 497 404 41 93 363 50 78 313 65 248 53 33 231 37 194 28 166 70 32 63 29
is_linear=0
shrinkage=0.035


Tree=153
num_leaves=31
num_cat=0
split_feature=65 5 10 3 3 8 5 49 10 3 2 3 3 8 1 1 53 2 2 10 60 5 1 8 1 2 57 10 1 3
split_gain=4.9786 6.37136 4.4583 7.40789 8.76046 5.93831 6.44297 5.73951 9.25926 6.10216 9.01758 15.2347 10.534 8.75641 17.3356 7.86727 6.88717 5.71399 8.43924 10.8668 4.70183 6.57544 6.12369 4.70624 4.1725 6.44126 3.96653 4.0525 5.14891 8.89834
threshold=1.0000000180025095e-35 1400005.0000000002 3.8701274394989018 0.47145000100135809 0.64110001921653759 26.500000000000004 1717780.5000000002 1.0000000180025095e-35 4.0437979698181161 2.9141999483108525 89.500000000000014 0.76764997839927684 0.64110001921653759 2.5000000000000004 8.5000000000000018 20.500000000000004 1.0000000180025095e-35 126.50000000000001 146.50000000000003 4.0729484558105478 1.0000000180025095e-35 13650000.000000002 8.5000000000000018 69.500000000000014 10.500000000000002 85.500000000000014 1.0000000180025095e-35 4.3944444656372079 7.5000000000000009 1.9201499819755556
decision_type=2 2 2 2 2 2 2 2 2 2 2 2 2 2 2 2 2 2 2 2 2 2 2 2 2 2 2 2 2 2
left_child=2 -2 3 -1 -5 -6 -7 9 -9 10 11 -4 -12 14 -11 -16 17 26 19 -19 21 -15 -23 -24 -13 -26 27 28 29 -14
right_child=1 -3 7 4 5 6 -8 8 -10 13 12 24 16 20 15 -17 -18 18 -20 -21 -22 22 23 -25 25 -27 -28 -29 -30 -31
leaf_value=-0.022332023941418703 0.011454020145535471 -0.014173859667032959 -0.045068288810551166 0.017321260771308189 9.614099221756245e-06 0.021522685655318202 0.0032460799370305424 0.029123633719566798 -0.0076329253432340935 -0.0025201788608653426 0.025796662554765742 0.014108490804067026 0.034664147603511802 0.0038421422639340163 -0.05652815091907977 -0.016316188067197802 -0.020802638984388777 -0.035545066608022903 0.01163245809107627 -0.0011120803725940211 -0.014987240349089629 0.0068866093780293519 -0.019612754537626946 -0.0032025187468928541 0.0066834014207124703 -0.02767134611767072 -0.013043039483182573 0.011973093880566233 -9.2388057891103922e-05 -0.0026155872684355606
leaf_weight=15.999999999999998 13.999999999999998 58 12.999999999999998 38 2798 24 464 17 14.999999999999998 38 20 11.999999999999998 14.000000000000002 124 14.000000000000002 11.999999999999998 17 19 18 26 37 26 47 40 13.000000000000002 11.999999999999998 15.999999999999998 65 190 15.999999999999998
leaf_count=16 14 58 13 38 2798 24 464 17 15 38 20 12 14 124 14 12 17 19 18 26 37 26 47 40 13 12 16 65 190 16
internal_value=-1.65079e-05 -0.00907805 0.000142012 0.000710503 0.000828627 0.000632158 0.00419068 -0.00216665 0.0121318 -0.0027634 -9.23458e-05 -0.0139599 0.00166285 -0.00631149 -0.0178741 -0.0393253 0.000327187 0.0013731 -0.00812361 -0.0161452 -0.00354918 -0.00170067 -0.00777875 -0.0122098 -0.00208551 -0.0101696 0.0033869 0.00435778 0.00205589 0.0152822
internal_weight=4233 72 4161 3340 3324 3286 488 821 32 789 451 50 401 338 64 26 381 364 63 45 274 237 113 87 37 25 301 285 220 30
internal_count=4233 72 4161 3340 3324 3286 488 821 32 789 451 50 401 338 64 26 381 364 63 45 274 237 113 87 37 25 301 285 220 30
is_linear=0
shrinkage=0.035


Tree=154
num_leaves=31
num_cat=0
split_feature=3 0 0 62 3 0 10 0 61 3 3 11 11 10 10 51 20 64 3 5 5 3 3 0 5 57 3 3 52 11
split_gain=11.1344 10.2854 20.2604 4.92443 5.30764 5.17659 7.15065 5.00604 5.03153 6.49145 8.04344 20.2079 39.7757 16.1523 15.7002 16.5242 10.9189 6.32942 8.99483 6.36978 7.45825 7.1075 7.33448 6.89121 6.30755 6.28868 10.5054 11.6211 9.24887 7.67721
threshold=0.53374999761581432 2004.5000000000002 1996.5000000000002 1.0000000180025095e-35 10.178250312805178 1984.5000000000002 3.436491966247559 2016.5000000000002 1.0000000180025095e-35 1.1281999945640566 0.83439999818801891 2.1250000000000004 2.6250000000000004 4.051119565963746 2.4895833730697636 1.0000000180025095e-35 1.0000000180025095e-35 1.0000000180025095e-35 2.0076498985290532 1.0000000180025095e-35 883950.00000000012 1.5199999809265139 3.4822499752044682 1970.5000000000002 309000.00000000006 1.0000000180025095e-35 2.7459000349044804 1.8492000102996828 1.0000000180025095e-35 1.8750000000000002
decision_type=2 2 2 2 2 2 2 2 2 2 2 2 2 2 2 2 2 2 2 2 2 2 2 2 2 2 2 2 2 2
left_child=1 2 -1 7 5 -5 -7 8 9 10 13 -12 -13 14 15 -2 -14 19 -19 25 21 -21 23 -23 -16 26 27 29 -28 -11
right_child=3 -3 -4 4 -6 6 -8 -9 -10 17 11 12 16 -15 24 -17 -18 18 -20 20 -22 22 -24 -25 -26 -27 28 -29 -30 -31
leaf_value=-0.0056872696401551372 0.011399712388403715 -0.005364306699898509 0.049930258112400774 0.0031856916787671961 0.0054627018990277346 -0.0033902007166558461 -0.014627007933333517 0.0097343934672799969 0.0026818659128091133 -0.017766561630540172 0.015147142919649682 -0.070447892124950895 -0.033231601409986621 -0.03371877422742546 0.024229729014759265 -0.03908545943722129 -0.004695754319016544 -0.027599522313022096 -0.0032729511548052815 0.008231743852980436 2.9077584360972711e-06 -0.0073443885839078581 0.00057520611553142479 -0.035039442329020759 0.0021275902616412004 -0.011817445372732787 0.024443527091381843 -0.0079153437814675279 -0.0068543291978538047 0.010326994749270381
leaf_weight=12.999999999999998 15 17 19 71 65 205 105 65 696 11.999999999999998 29 13.999999999999998 19 12.999999999999998 41 15 96 22 101 19 2124 20 23 26 26 25 55 83 13.999999999999998 149
leaf_count=13 15 17 19 71 65 205 105 65 696 12 29 14 19 13 41 15 96 22 101 19 2124 20 23 26 26 25 55 83 14 149
internal_value=-3.88255e-05 0.0163785 0.027795 -0.000237085 -0.00370735 -0.00528658 -0.00723664 0.000181413 7.57304e-06 -0.000625411 -0.00580805 -0.0108439 -0.0167718 0.00144197 0.00646808 -0.014233 -0.00967129 -0.000103158 -0.00782565 0.000271574 -0.000412191 -0.0103383 -0.0155213 -0.0234478 0.0158359 0.00473957 0.00610101 0.00265182 0.018061 0.00812552
internal_weight=4197 49 32 4148 446 381 310 3702 3637 2941 268 158 129 110 97 30 115 2673 123 2550 2212 88 69 46 67 338 313 244 69 161
internal_count=4197 49 32 4148 446 381 310 3702 3637 2941 268 158 129 110 97 30 115 2673 123 2550 2212 88 69 46 67 338 313 244 69 161
is_linear=0
shrinkage=0.035


Tree=155
num_leaves=31
num_cat=0
split_feature=0 10 2 0 0 2 3 5 3 51 2 10 2 0 3 5 59 5 3 2 8 3 3 5 3 62 3 0 5 2
split_gain=4.59272 6.28317 8.07998 6.95683 6.3851 7.38061 16.0931 28.3737 10.4507 5.71923 8.2095 8.65669 5.84879 5.7956 8.89559 6.69827 5.78207 5.6624 5.33495 7.01707 6.81646 4.93259 10.5067 5.07793 5.74247 5.67225 5.13097 14.038 10.8788 8.98767
threshold=2001.5000000000002 1.8874999880790713 85.500000000000014 1991.5000000000002 1991.5000000000002 86.500000000000014 0.76764997839927684 17500.000000000004 0.85545000433921825 1.0000000180025095e-35 100.50000000000001 3.7094297409057622 133.50000000000003 1984.5000000000002 1.2120999693870547 154.00000000000003 1.0000000180025095e-35 951000.00000000012 0.97860002517700206 84.500000000000014 1.5000000000000002 1.2962499856948855 1.3479499816894533 29500000.000000004 10.178250312805178 1.0000000180025095e-35 2.1652499437332158 1997.5000000000002 1.0000000180025095e-35 106.50000000000001
decision_type=2 2 2 2 2 2 2 2 2 2 2 2 2 2 2 2 2 2 2 2 2 2 2 2 2 2 2 2 2 2
left_child=1 2 -1 -4 9 8 7 -7 -6 16 11 13 -12 15 -15 -11 -3 -5 19 -2 -20 -8 -23 24 25 26 27 28 29 -24
right_child=18 4 3 17 5 6 21 -9 -10 10 12 -13 -14 14 -16 -17 -18 -19 20 -21 -22 22 23 -25 -26 -27 -28 -29 -30 -31
leaf_value=-0.012802270397916437 -0.015041453905403616 -0.0023815829739044737 0.0019685046806169511 0.039571193151672686 0.034346668996848163 -0.056012035269486268 0.0030467926782965665 0.010312829219736161 0.00086880754851154053 0.030508339297259227 0.010417135703612761 -0.013970985872540623 -0.011704614663496616 -0.029833357403484674 0.0019660671147414383 0.0040415277797332472 0.010878750588809855 0.011881730096414685 -0.0028731136988118526 0.011370501778741309 0.0019827291727414456 -0.03347152914404869 0.028804534187935521 -0.00063714260345736561 0.010093628920912744 -0.022780205810511555 -0.0093773320779337432 -0.014759461823088538 -0.0037213030177799446 -0.002898645524154691
leaf_weight=19 12.999999999999998 632 43 13.999999999999998 12.999999999999998 18.000000000000004 124 12.999999999999998 63 14.999999999999998 185 49 14.999999999999998 11.999999999999998 62 46 42 27 473 106 1398 13.999999999999998 32 344 24 26 244 61 61 15.999999999999998
leaf_count=19 13 632 43 14 13 18 124 13 63 15 185 49 15 12 62 46 42 27 473 106 1398 14 32 344 24 26 244 61 61 16
internal_value=-5.86044e-06 -0.00110279 0.00729399 0.0119573 -0.00151658 -0.00344486 -0.00426467 -0.0286906 0.0069897 0.000402382 0.00380748 -0.00151857 0.00869932 0.00305782 -0.00349629 0.0109651 -0.00153779 0.0220954 0.00121361 0.00836928 0.000753329 -0.00343294 -0.00441506 -0.00386869 -0.00625421 -0.00717074 -0.00613369 -0.00144026 0.00606411 0.0183576
internal_weight=4204 2214 103 84 2111 1053 977 31 76 1058 384 184 200 135 74 61 674 41 1990 119 1871 946 822 808 464 440 414 170 109 48
internal_count=4204 2214 103 84 2111 1053 977 31 76 1058 384 184 200 135 74 61 674 41 1990 119 1871 946 822 808 464 440 414 170 109 48
is_linear=0
shrinkage=0.035


Tree=156
num_leaves=31
num_cat=0
split_feature=62 58 6 3 61 8 2 3 3 3 55 0 6 8 10 0 0 48 2 3 8 0 25 0 0 6 61 0 3 3
split_gain=4.52294 4.5258 7.69996 4.96466 4.48084 5.2604 3.84236 7.60029 5.20219 4.98272 3.29587 8.57592 8.97711 4.50304 6.84601 7.56549 11.1655 9.81101 7.27315 9.43314 6.85654 6.30352 6.15066 14.3518 14.7327 12.728 4.93228 4.3376 15.8219 7.47005
threshold=1.0000000180025095e-35 1.0000000180025095e-35 17.752213478088382 0.31299999356269842 1.0000000180025095e-35 9.5000000000000018 85.500000000000014 2.1235500574111943 2.4453500509262089 12.551199913024904 1.0000000180025095e-35 1993.5000000000002 15.04513454437256 7.5000000000000009 4.0115790367126474 1992.5000000000002 1995.5000000000002 1.0000000180025095e-35 96.500000000000014 2.9141999483108525 11.500000000000002 1955.5000000000002 1.0000000180025095e-35 2012.5000000000002 1994.5000000000002 11.90359687805176 1.0000000180025095e-35 2014.5000000000002 8.4818501472473162 1.5311999917030337
decision_type=2 2 2 2 2 2 2 2 2 2 2 2 2 2 2 2 2 2 2 2 2 2 2 2 2 2 2 2 2 2
left_child=1 3 -3 -1 6 -6 8 -8 -2 -9 13 -12 -13 22 15 21 17 18 19 -17 -20 -15 27 24 -24 -26 -16 28 -5 -29
right_child=4 2 -4 10 5 -7 7 9 -10 -11 11 12 -14 14 26 16 -18 -19 20 -21 -22 -23 23 -25 25 -27 -28 29 -30 -31
leaf_value=-0.018396609717773068 -0.02855963206663728 0.033518557159373394 0.0028812462534913994 -0.0011360941298615946 -0.033426145714062903 -0.0016549857573118062 0.0080253280568750047 -0.0056377163158445286 -0.0012981024481356145 0.0069821246520362116 -0.01252715356645899 0.020543139376988016 -0.0021935430977874518 -0.01260376701793737 -0.0082075654003575475 -0.040894887235015623 0.0029923165884849531 -0.036903649200900245 0.017795186518598349 0.001162680614453096 -0.0050313807976016976 0.0087772184046821314 -0.0082454356673088963 -0.024736579797588861 0.054797491945326328 0.013773456546783564 0.010241751187791429 0.023099349070340395 -0.028129581261564188 0.0014995188001813669
leaf_weight=17 14.999999999999998 11.999999999999998 46 1842 12.000000000000002 12.999999999999998 78 297 19 43 89 23 186 17 115 13.000000000000002 670 11.999999999999998 19 11.999999999999998 82 292 21 11.999999999999998 12.999999999999998 31 20 21 26 185
leaf_count=17 15 12 46 1842 12 13 78 297 19 43 89 23 186 17 115 13 670 12 19 12 82 292 21 12 13 31 20 21 26 185
internal_value=-0.000313111 9.2461e-05 0.00971034 -5.96759e-05 -0.00352082 -0.0176715 -0.002697 -0.00175495 -0.0138476 -0.00402075 2.9026e-05 -0.00349365 0.000386156 0.000338956 0.00200725 0.00290885 0.00112142 -0.00790548 -0.00486114 -0.0213717 -0.000587754 0.00755841 -0.000631754 0.00901526 0.0155533 0.0268815 -0.00540626 -0.000994927 -0.00152759 0.00381085
internal_weight=4253 3776 58 3718 477 25 452 418 34 340 3701 298 209 3403 1252 1117 808 138 126 25 101 309 2151 77 65 44 135 2074 1868 206
internal_count=4253 3776 58 3718 477 25 452 418 34 340 3701 298 209 3403 1252 1117 808 138 126 25 101 309 2151 77 65 44 135 2074 1868 206
is_linear=0
shrinkage=0.035


Tree=157
num_leaves=31
num_cat=0
split_feature=8 58 5 3 12 56 0 2 3 8 3 8 55 2 20 11 3 5 10 62 2 3 0 0 11 0 20 5 2 10
split_gain=5.97467 4.68202 7.77528 4.80676 5.37541 3.86547 5.56296 3.53079 3.31093 5.01861 4.03521 16.017 4.08398 6.50013 8.06335 8.46763 6.72539 6.07984 5.18566 4.6715 5.15251 6.69561 6.54957 4.53744 4.05903 3.59458 14.1165 10.4105 16.1994 13.9117
threshold=161.50000000000003 1.0000000180025095e-35 53500000.000000007 0.31299999356269842 8.5000000000000018 1.0000000180025095e-35 1946.5000000000002 182.50000000000003 14.878799915313722 7.5000000000000009 12.983049869537355 7.5000000000000009 1.0000000180025095e-35 102.50000000000001 1.0000000180025095e-35 3.3750000000000004 1.4018500447273257 951000.00000000012 2.236111164093018 1.0000000180025095e-35 85.500000000000014 1.6665999889373782 1992.5000000000002 2013.5000000000002 3.8750000000000004 2002.5000000000002 1.0000000180025095e-35 115000.00000000001 102.50000000000001 3.7920082807540898
decision_type=2 2 2 2 2 2 2 2 2 2 2 2 2 2 2 2 2 2 2 2 2 2 2 2 2 2 2 2 2 2
left_child=1 3 -3 -1 5 7 -7 8 10 -10 12 -12 19 14 -14 16 -16 -15 -19 25 22 24 -21 -20 -22 26 27 28 29 -5
right_child=-2 2 -4 4 -6 6 -8 -9 9 -11 11 -13 13 17 15 -17 -18 18 23 20 21 -23 -24 -25 -26 -27 -28 -29 -30 -31
leaf_value=-0.018874554853667232 0.015307687709588678 0.031495806306600573 0.0033867174319963419 -0.0087442631903462669 -0.015788949216750486 0.0078325519914428411 -0.017996380532273291 -0.010914899721534716 0.02561001240822176 0.0026595222330361144 -0.042990975297414344 0.0043973439175773558 0.024752528740093111 -0.029422807258990363 0.02799471743318897 -0.01328522549396647 0.00090432774593834507 -0.025938877730816604 -0.0066691778931786691 -0.0007898094058036803 0.018811674867773912 -0.0042982951182732902 -0.036126879296623747 0.012787819750607016 -0.0051949302628636366 0.0021665432226142894 0.00066360475270616339 -0.00051218450968735856 -0.0058090320548719989 -0.057918794882924937
leaf_weight=15.999999999999998 30 12.999999999999998 91 12.000000000000002 26 13.999999999999998 32 35 13.999999999999998 55 11.999999999999998 26 14.999999999999998 14.999999999999998 11.999999999999998 48 84 13.999999999999998 107 13.000000000000002 26 260 11.999999999999998 15.999999999999998 11.999999999999998 1376 1737 63 43 18
leaf_count=16 30 13 91 12 26 14 32 35 14 55 12 26 15 15 12 48 84 14 107 13 26 260 12 16 12 1376 1737 63 43 18
internal_value=-1.15093e-06 -0.000114077 0.00718352 -0.000300728 -0.000223177 -0.000119481 -0.0100988 -2.5175e-06 9.54776e-05 0.00764048 -3.8764e-05 -0.0112411 7.32806e-05 -0.00376639 0.00117258 -0.00142536 0.00456236 -0.00891815 -0.00646349 0.000409036 -0.00359778 -0.00227918 -0.018556 -0.00404136 0.011247 0.000808897 -0.000188188 -0.0110055 -0.0199085 -0.039222
internal_weight=4247 4217 104 4113 4097 4071 46 4025 3990 69 3921 38 3883 311 159 144 96 152 137 3572 323 298 25 123 38 3249 1873 136 73 30
internal_count=4247 4217 104 4113 4097 4071 46 4025 3990 69 3921 38 3883 311 159 144 96 152 137 3572 323 298 25 123 38 3249 1873 136 73 30
is_linear=0
shrinkage=0.035


Tree=158
num_leaves=31
num_cat=0
split_feature=61 4 8 11 11 2 2 4 4 0 5 5 4 4 0 0 1 4 4 10 0 5 5 57 54 0 0 5 60 4
split_gain=5.17763 6.83448 9.01667 9.79887 7.53273 10.3943 10.0825 24.5476 13.142 10.0187 9.18703 13.1237 8.2931 14.2695 6.77806 8.1643 6.13648 5.99037 9.48416 8.38042 8.68114 14.0557 7.00987 17.5563 17.9801 17.7756 9.88707 8.29375 5.98138 6.02895
threshold=1.0000000180025095e-35 0.7552764117717744 15.500000000000002 1.3750000000000002 3.6250000000000004 86.500000000000014 89.500000000000014 0.52564522624015819 0.52564522624015819 2007.5000000000002 5550000.0000000009 1325000.0000000002 0.68238946795463573 0.45657004415988928 2003.5000000000002 1998.5000000000002 14.500000000000002 0.81551963090896618 0.88138869404792797 3.8744747638702397 1994.5000000000002 4956700.0000000009 1.0000000180025095e-35 1.0000000180025095e-35 1.0000000180025095e-35 2009.5000000000002 2001.5000000000002 883950.00000000012 1.0000000180025095e-35 1.0419008135795595
decision_type=2 2 2 2 2 2 2 2 2 2 2 2 2 2 2 2 2 2 2 2 2 2 2 2 2 2 2 2 2 2
left_child=1 2 3 -1 5 -5 7 -6 16 -10 11 12 13 -7 15 -15 -8 -3 19 20 -19 -22 23 24 26 -25 -20 28 29 -24
right_child=-2 17 -4 4 6 10 8 -9 9 -11 -12 -13 -14 14 -16 -17 -18 18 22 -21 21 -23 27 25 -26 -27 -28 -29 -30 -31
leaf_value=0.018129330048435612 0.0028880415133682659 0.0082440535564214813 0.020628736808896066 0.006395976572235426 -0.049004172551678486 -0.037721560913324355 0.0054583397799959537 0.013622564437985422 -0.010941513226463879 0.017786009623110294 -0.002591738040749492 -0.047658694767300044 -0.032156907544901164 0.0065617243398658261 0.02312492192708529 -0.02845731917826029 0.039757139601310096 -0.0022842752619513444 0.010095817088879444 0.010354707884009589 -0.044653334975030955 -0.0089211523547082349 -0.020534088696424778 0.0017210519264141719 0.00028057144683214926 -0.050688477878387164 0.030957754429915253 9.364349550207337e-05 -0.031732319120317702 0
leaf_weight=18 744 108 14.999999999999998 29 15.000000000000002 13.999999999999998 12.000000000000002 13.999999999999998 57 19 43 19 25 21 11.999999999999998 11.999999999999998 13.999999999999998 48 73 21 21 37 25 20 154 11.999999999999998 46 2532 12.999999999999998 54
leaf_count=18 744 108 15 29 15 14 12 14 57 19 43 19 25 21 12 12 14 48 73 21 21 37 25 20 154 12 46 2532 13 54
internal_value=0.000238164 -0.000324806 -0.00504038 -0.00629397 -0.00779071 -0.0125224 -0.00140947 -0.0192659 0.00378814 -0.00359919 -0.01631 -0.0219403 -0.0156102 -0.00815061 0.00163123 -0.00658345 0.0247802 0.000181315 -0.000105656 -0.00943166 -0.0134281 -0.0224259 0.000301199 0.00531466 0.00820837 -0.0188199 0.0183655 -0.000282676 -0.0105481 -0.00668712
internal_weight=4247 3503 339 324 306 175 131 29 102 76 146 103 84 59 45 33 26 3164 3056 127 106 58 2929 305 273 32 119 2624 92 79
internal_count=4247 3503 339 324 306 175 131 29 102 76 146 103 84 59 45 33 26 3164 3056 127 106 58 2929 305 273 32 119 2624 92 79
is_linear=0
shrinkage=0.035


Tree=159
num_leaves=31
num_cat=0
split_feature=3 8 10 5 2 5 8 0 1 62 3 2 10 2 21 2 8 3 8 47 3 8 5 10 55 3 54 0 11 3
split_gain=6.29805 3.57533 4.58846 9.55462 4.54983 4.52739 4.17248 4.65483 3.81205 3.15262 4.6562 4.72131 9.07828 13.3646 4.05207 7.49629 3.90336 3.25892 4.38767 4.74174 3.15556 3.13192 14.2184 2.98582 2.95357 5.90941 6.80349 7.02341 8.69119 5.29359
threshold=0.31299999356269842 41.500000000000007 3.8084077835083012 4489125.0000000009 101.50000000000001 14900000.000000002 138.50000000000003 2006.5000000000002 23.500000000000004 1.0000000180025095e-35 9.4185500144958514 98.500000000000014 3.1384943723678593 90.500000000000014 1.0000000180025095e-35 105.50000000000001 4.5000000000000009 1.7074999809265139 3.5000000000000004 1.0000000180025095e-35 6.9059000015258798 33.500000000000007 3420000.0000000005 3.5990195274353032 1.0000000180025095e-35 8.3196997642517108 1.0000000180025095e-35 1999.5000000000002 3.8750000000000004 12.983049869537355
decision_type=2 2 2 2 2 2 2 2 2 2 2 2 2 2 2 2 2 2 2 2 2 2 2 2 2 2 2 2 2 2
left_child=-1 9 3 -3 8 -6 7 -7 -4 14 11 12 -11 -14 21 -16 -15 -13 19 -19 23 24 -23 -20 29 26 27 -26 -29 -2
right_child=1 2 4 -5 5 6 -8 -9 -10 10 -12 17 13 16 15 -17 -18 18 20 -21 -22 22 -24 -25 25 -27 -28 28 -30 -31
leaf_value=-0.021863713805098089 0.00067049633895038471 0.028805304971834023 0 0.0040935915167549129 0.010650621624462391 -0.012465626354060639 0.011088103994284759 0.0074452016685623689 -0.024573880364351413 0.0070711460784905495 0.0083280650538049249 0.0040560498701246546 -0.03146526745674403 0.013184768751170488 0.030735193672776221 -0.0012277448520712231 -0.0089618998848293979 -0.029189660252859961 -0.0063157772797379419 -0.0056865769069641831 0.0049846582550477862 -0.037488759374121827 -0.00070976596594642929 -0.023159151280298829 -0.010195183491535875 0.010337881236139573 -0.015363012032005036 -7.0763919600530693e-05 0.029089887476091585 -0.011840519326933039
leaf_weight=14.999999999999998 2994 20 14.000000000000002 232 43 51 19 19 15.999999999999998 89 37 22 22 19 13.999999999999998 22 18 25 78 19 23 13.999999999999998 92 14.999999999999998 66 32 61 75 13.999999999999998 41
leaf_count=15 2994 20 14 232 43 51 19 19 16 89 37 22 22 19 14 22 18 25 78 19 23 14 92 15 66 32 61 75 14 41
internal_value=5.29121e-05 0.000136668 0.00322118 0.00616786 -0.00136152 0.00144986 -0.00304496 -0.00700787 -0.0134358 -0.000200389 -0.00327893 -0.00460684 2.93374e-05 -0.0105047 0.000129837 0.0116497 0.00241235 -0.00836604 -0.0100995 -0.0194314 -0.00640907 3.54908e-06 -0.00588869 -0.00926854 0.000196063 -0.00346773 -0.00555928 -0.00161607 0.00476911 0.000497063
internal_weight=4221 4206 414 252 162 132 89 70 30 3792 367 330 148 59 3425 36 37 182 160 44 116 3389 106 93 3283 248 216 155 89 3035
internal_count=4221 4206 414 252 162 132 89 70 30 3792 367 330 148 59 3425 36 37 182 160 44 116 3389 106 93 3283 248 216 155 89 3035
is_linear=0
shrinkage=0.035


Tree=160
num_leaves=31
num_cat=0
split_feature=61 2 1 5 3 1 8 3 10 2 1 54 2 3 3 10 3 1 2 1 5 3 1 59 2 10 5 2 5 3
split_gain=5.40458 9.59143 17.6461 9.40156 6.78682 5.73662 7.52548 6.29521 5.97373 4.93731 4.74855 4.49363 9.72587 8.37213 14.2297 12.5346 9.43447 12.8191 7.56506 10.035 10.2652 7.41895 7.24096 7.08521 6.08657 7.33489 7.11387 5.78937 6.98498 6.13268
threshold=1.0000000180025095e-35 99.500000000000014 6.5000000000000009 1.0000000180025095e-35 1.5071499943733218 30.500000000000004 2.5000000000000004 1.4259999990463259 3.7781505584716801 105.50000000000001 11.500000000000002 1.0000000180025095e-35 108.50000000000001 1.4018500447273257 1.2962499856948855 3.1595455408096318 1.078500032424927 29.500000000000004 99.500000000000014 16.500000000000004 127500.00000000001 1.6155499815940859 45.500000000000007 1.0000000180025095e-35 91.500000000000014 3.328355193138123 6275000.0000000009 99.500000000000014 448762.00000000006 4.6996998786926278
decision_type=2 2 2 2 2 2 2 2 2 2 2 2 2 2 2 2 2 2 2 2 2 2 2 2 2 2 2 2 2 2
left_child=11 2 -2 4 -3 7 -7 -4 10 -6 -9 -1 13 14 16 -16 17 18 19 20 -13 22 -14 -23 -18 26 -26 -15 -29 -30
right_child=1 3 5 -5 9 6 -8 8 -10 -11 -12 12 21 27 15 -17 24 -19 -20 -21 -22 23 -24 -25 25 -27 -28 28 29 -31
leaf_value=0.00041804159315216672 -0.036743709718601573 0.0015353881337990365 0.013268435346517475 0.003336040976845684 0.0069102052368223673 -0.030019040797344028 -0.00021737310313619677 0.016231824049807116 -0.016008406172972174 0.032607818226329986 -0.002231796724891121 0.0026399839608108292 0.011095230549510221 0.0007310419207982098 -0.060168188217740781 -0.011994156042812393 0.023772376270534901 0.01505341508612037 -0.0032262877145782117 -0.050424630506015901 -0.038986088153404687 -0.0015975324448934171 -0.01224483867117057 0.021264877927051312 -0.02965674016942434 0.010294342885690708 0.0050674512071105151 -0.019678193132111502 -0.00080671950853006421 -0.016219068669900298
leaf_weight=2001 17 23 46 463 13.999999999999998 15.999999999999998 27 22 27 31 65 16.000000000000004 116 251 12.000000000000002 14.999999999999998 11.999999999999998 12.999999999999998 19 17 11.999999999999998 705 18 15.999999999999998 16.000000000000004 26 11.999999999999998 42 153 39
leaf_count=2001 17 23 46 463 14 16 27 22 27 31 65 16 116 251 12 15 12 13 19 17 12 705 18 16 16 26 12 42 153 39
internal_value=-9.19876e-05 0.00260039 -0.00352888 0.00514497 0.0172095 -0.000572283 -0.0117764 0.00248239 -0.00193219 0.0249751 0.00254867 -0.00066896 -0.0021099 -0.00531584 -0.011981 -0.0348515 -0.00743861 -0.0156841 -0.0220901 -0.0297735 -0.0158686 0.000347412 0.00787956 -0.00105901 0.00224553 -0.00285164 -0.015053 -0.00295615 -0.00690494 -0.00401424
internal_weight=4262 751 220 531 68 203 43 160 114 45 87 3511 1510 655 170 27 143 77 64 45 28 855 134 721 66 54 28 485 234 192
internal_count=4262 751 220 531 68 203 43 160 114 45 87 3511 1510 655 170 27 143 77 64 45 28 855 134 721 66 54 28 485 234 192
is_linear=0
shrinkage=0.035


Tree=161
num_leaves=31
num_cat=0
split_feature=50 0 20 5 5 5 0 8 5 0 8 5 0 3 19 3 3 3 0 11 3 3 8 3 11 0 3 5 11 3
split_gain=6.4593 6.04384 14.5285 11.2027 8.50777 5.72266 5.28417 4.89761 4.72448 5.37835 4.50043 9.02261 4.713 4.90486 4.67191 4.21176 3.94474 4.44659 3.92119 5.12315 8.92458 3.95694 3.6551 4.22963 4.61826 4.0854 3.51484 3.63151 3.27535 3.33944
threshold=1.0000000180025095e-35 1984.5000000000002 1.0000000180025095e-35 127500.00000000001 154.00000000000003 392953.50000000006 1975.5000000000002 4.5000000000000009 2931025.5000000005 1985.5000000000002 15.500000000000002 210000.00000000003 1996.5000000000002 3.07604992389679 1.0000000180025095e-35 1.2962499856948855 18.537199974060062 12.983049869537355 1986.5000000000002 3.1250000000000004 1.3716999888420107 2.1894999742507939 81.500000000000014 2.3538000583648686 3.8750000000000004 1992.5000000000002 1.8984000086784365 6644000.0000000009 4.6250000000000009 0.47145000100135809
decision_type=2 2 2 2 2 2 2 2 2 2 2 2 2 2 2 2 2 2 2 2 2 2 2 2 2 2 2 2 2 2
left_child=1 2 3 -1 6 7 -4 -6 -2 -10 14 -12 22 -14 16 -7 17 18 19 20 -3 -22 23 -13 25 -25 -21 -28 29 -20
right_child=8 10 4 -5 5 15 -8 -9 9 -11 11 12 13 -15 -16 -17 -18 -19 28 26 21 -23 -24 24 -26 -27 27 -29 -30 -31
leaf_value=-0.031978403018573298 0.014352488534381758 -0.040965026425269356 0.0050012566847036843 0.0021068721421710823 -4.3757794424891472e-05 0.014882124251853198 0.026576098196906969 -0.026855027146637438 -0.012036659823730589 0.0044695039149479599 0.022318752828985454 0.0042564235050627534 0.011840015428351058 0.0012749437891167482 0.019080937112753212 0.0028163379437519025 0.016572021564468742 -0.017059722133970355 -0.013409489043770978 0.015333422377705576 0.0028569468988672549 -0.017326156488731502 0.004367919129124858 0.0041994813234638431 -0.015386452060925669 -0.0088994079806376247 -0.019486715751198619 0.0067307471575645313 0.0083014725681394338 -0.0016433726183273088
leaf_weight=24 51 11.999999999999998 26 22 21 38 31 12.999999999999998 26 230 23 46 61 416 11.999999999999998 412 12.999999999999998 23 29 12.999999999999998 22 24 63 49 60 69 12.000000000000002 11.999999999999998 39 2323
leaf_count=24 51 12 26 22 21 38 31 13 26 230 23 46 61 416 12 412 13 23 29 13 22 24 63 49 60 69 12 12 39 2323
internal_value=-0.000159308 -0.000544177 0.00272591 -0.0159415 0.00434287 0.00281416 0.017021 -0.0108195 0.00472011 0.00274598 -0.00112335 0.00118613 0.000519311 0.00265164 -0.0018415 0.00386985 -0.00194927 -0.00205249 -0.00190614 -0.00884791 -0.0152541 -0.00778073 -0.00301548 -0.00511003 -0.0075506 -0.00345575 0.00128527 -0.0065631 -0.00162601 -0.00179483
internal_weight=4215 3908 587 46 541 484 57 34 307 256 3321 787 764 477 2534 450 2522 2509 2486 95 58 46 287 224 178 118 37 24 2391 2352
internal_count=4215 3908 587 46 541 484 57 34 307 256 3321 787 764 477 2534 450 2522 2509 2486 95 58 46 287 224 178 118 37 24 2391 2352
is_linear=0
shrinkage=0.035


Tree=162
num_leaves=31
num_cat=0
split_feature=65 12 5 10 2 10 2 3 8 62 57 51 54 3 1 1 2 2 1 20 3 1 3 2 48 3 25 3 2 2
split_gain=5.30493 5.30906 4.38923 3.92699 14.0746 7.9015 11.2541 6.16844 6.01452 8.76897 4.84632 4.92911 6.68968 4.95688 4.76257 5.37481 4.73052 3.95928 3.72762 11.1786 7.31288 6.50595 6.11308 4.7787 5.28213 4.69826 4.51911 10.399 5.15646 4.40844
threshold=1.0000000180025095e-35 1.0000000180025095e-35 1717780.5000000002 4.2663733959198007 133.50000000000003 4.0115790367126474 88.500000000000014 0.31299999356269842 167.50000000000003 1.0000000180025095e-35 1.0000000180025095e-35 1.0000000180025095e-35 1.0000000180025095e-35 2.3686999082565312 12.500000000000002 43.500000000000007 128.50000000000003 117.50000000000001 37.500000000000007 1.0000000180025095e-35 8.9176502227783221 41.500000000000007 2.4974000453948979 100.50000000000001 1.0000000180025095e-35 2.7987500429153447 1.0000000180025095e-35 1.0598499774932864 98.500000000000014 129.50000000000003
decision_type=2 2 2 2 2 2 2 2 2 2 2 2 2 2 2 2 2 2 2 2 2 2 2 2 2 2 2 2 2 2
left_child=3 2 -2 5 10 7 -7 -1 9 14 11 12 13 -5 -8 16 17 -16 26 22 21 -21 -20 25 29 -23 -9 -28 -29 -25
right_child=1 -3 -4 4 -6 6 8 18 -10 -11 -12 -13 -14 -15 15 -17 -18 -19 19 20 -22 23 -24 24 -26 -27 27 28 -30 -31
leaf_value=-0.022744173451326788 0.0039385559894144538 0.0084820984330247449 -0.018617882138312173 0.0087519127823985528 -0.021537934898980895 -0.033833983543164588 0.0074037460243378417 -4.9266475512196636e-08 0.018943174459040167 -0.033439393563482626 -0.010804893311113119 0.019005951659521087 0.012292717353875439 -0.019690636727958916 -0.011167504636388201 0.0030317181120527556 -0.024605269300118093 0.0088269478389993317 -0.0022076260746621032 0.013447509232156266 0.031490325019909789 0.0006199000341021606 -0.034796374277426649 0.0059141053394364419 0.017457938933093102 -0.016881298855981892 0.037422784472170928 0.016043947136519771 -0.0074082614361982929 -0.0089718573565284419
leaf_weight=12.999999999999998 12.999999999999998 15.999999999999998 47 12.000000000000002 20 15.999999999999998 37 3344 11.999999999999998 11.999999999999998 12.999999999999998 55 59 17 50 46 24 14.999999999999998 16.000000000000004 77 11.999999999999998 61 11.999999999999998 92 34 26 11.999999999999998 18 28 32
leaf_count=13 13 16 47 12 20 16 37 3344 12 12 13 55 59 17 50 46 24 15 16 77 12 61 12 92 34 26 12 18 28 32
internal_value=0.000130605 -0.00897173 -0.0137175 0.000299232 0.0054007 7.24121e-05 -0.00648586 0.000442605 -0.00408407 -0.00568958 0.00898071 0.0108541 0.00558322 -0.00796355 -0.00356133 -0.00661178 -0.0115938 -0.00646305 0.000529172 0.00390084 0.00569966 0.00463858 -0.0169528 0.00181954 0.00544005 -0.00472286 0.000168844 0.00977104 0.00187756 0.00201752
internal_weight=4241 76 60 4165 176 3989 212 3777 196 184 156 143 88 29 172 135 89 65 3764 362 334 322 28 245 158 87 3402 58 46 124
internal_count=4241 76 60 4165 176 3989 212 3777 196 184 156 143 88 29 172 135 89 65 3764 362 334 322 28 245 158 87 3402 58 46 124
is_linear=0
shrinkage=0.035


Tree=163
num_leaves=31
num_cat=0
split_feature=56 9 10 5 9 10 2 0 0 9 3 61 2 10 5 55 10 5 20 5 5 10 9 2 3 3 3 3 3 0
split_gain=4.74481 4.52795 6.90856 5.69041 4.13943 3.9123 4.10366 4.07537 12.9812 9.49017 11.0735 15.4526 18.1704 10.7486 13.5958 9.31768 7.97242 9.59294 6.69031 6.93262 8.33343 6.27995 6.15157 5.99486 7.09002 5.53375 11.3665 8.79345 7.52906 5.38774
threshold=1.0000000180025095e-35 3.6242519617080693 3.8701274394989018 6050000.0000000009 4.0689902305603036 4.5227272510528573 72.500000000000014 1993.5000000000002 1996.5000000000002 0.89587974548339855 2.1652499437332158 1.0000000180025095e-35 116.50000000000001 3.5566239356994633 11965000.000000002 1.0000000180025095e-35 2.5732142925262456 309000.00000000006 1.0000000180025095e-35 1.0000000180025095e-35 210000.00000000003 4.1143791675567636 3.3140207529067998 107.50000000000001 1.0103999972343447 0.47145000100135809 0.69154998660087597 0.57864999771118175 0.53374999761581432 1983.5000000000002
decision_type=2 2 2 2 2 2 2 2 2 2 2 2 2 2 2 2 2 2 2 2 2 2 2 2 2 2 2 2 2 2
left_child=1 5 3 -3 -4 6 -1 15 9 -9 11 12 16 14 -12 18 -11 -18 21 23 -21 29 -22 24 -20 -10 27 28 -27 -8
right_child=-2 2 4 -5 -6 -7 7 8 25 10 13 -13 -14 -15 -16 -17 17 -19 19 20 22 -23 -24 -25 -26 26 -28 -29 -30 -31
leaf_value=0.017786435155073804 -0.011614817509297715 0.018443981425324454 -0.012479148138702538 0.0043128476457931775 0.00073678563351921268 0.0089246530351313677 -0.025938689989417243 -0.029154696810130894 -0.018410272270441057 -0.020115401993691922 -0.042317055259197954 0.031856865971376574 -0.037155708816779015 0.0065295042959244362 -0.010900581366791014 -0.010533715420720085 0.024580533999090014 -0.003055244040945055 -0.012404944891187672 -0.024411712706585726 0.0011386960228345487 0.0069149608473208831 0.014341952362280017 0.018717184166813439 0.0088059569991974524 0.022068306721746919 -0.00070805743408962547 0.036088420967985362 -0.014233809143304825 -0.0014301636446267367
leaf_weight=13.999999999999998 42 39 41 292 93 54 26 25 20 13.999999999999998 24 15.999999999999998 15.999999999999998 22 56 76 25 37 23 13.999999999999998 733 21 45 54 98 13 2213 17 13 19
leaf_count=14 42 39 41 292 93 54 26 25 20 14 24 16 16 22 56 76 25 37 23 14 733 21 45 54 98 13 2213 17 13 19
internal_value=-4.79431e-05 7.13813e-05 0.00332255 0.00603366 -0.00335642 -0.000338856 -0.000479407 -0.000555424 -0.00133605 -0.00915008 -0.0066334 0.00117141 -0.00443154 -0.0148454 -0.0207532 0.0012101 0.0028281 0.00827372 0.00208516 0.00282502 0.00142416 -0.00860924 0.00192206 0.00911089 0.00469116 -0.000524805 -0.000357384 0.0172562 0.00399752 -0.0158847
internal_weight=4195 4153 465 331 134 3688 3634 3620 2511 235 210 108 92 102 80 1109 76 62 1033 967 792 66 778 175 121 2276 2256 43 26 45
internal_count=4195 4153 465 331 134 3688 3634 3620 2511 235 210 108 92 102 80 1109 76 62 1033 967 792 66 778 175 121 2276 2256 43 26 45
is_linear=0
shrinkage=0.035


Tree=164
num_leaves=31
num_cat=0
split_feature=65 5 58 5 46 2 2 10 3 20 10 2 5 1 3 8 8 1 1 1 8 2 60 3 3 3 3 1 2 3
split_gain=3.56753 7.45922 3.22685 5.73744 4.18661 3.99246 6.94949 9.38511 5.03874 3.84347 3.62413 9.03546 18.136 7.54326 8.13994 6.5286 10.2115 9.7693 6.27758 6.42722 4.38937 4.45061 6.53305 5.14288 8.14129 6.97204 8.4765 4.12957 5.54429 7.42355
threshold=1.0000000180025095e-35 1400005.0000000002 1.0000000180025095e-35 51250000.000000007 1.0000000180025095e-35 82.500000000000014 81.500000000000014 2.6449579000473027 0.87884998321533214 1.0000000180025095e-35 3.3147007226943974 90.500000000000014 309000.00000000006 12.500000000000002 1.2459999918937685 7.5000000000000009 2.5000000000000004 20.500000000000004 10.500000000000002 6.5000000000000009 35.500000000000007 91.500000000000014 1.0000000180025095e-35 0.76764997839927684 0.69154998660087597 1.078500032424927 1.1281999945640566 7.5000000000000009 104.50000000000001 6.0505998134613046
decision_type=2 2 2 2 2 2 2 2 2 2 2 2 2 2 2 2 2 2 2 2 2 2 2 2 2 2 2 2 2 2
left_child=2 -2 4 -4 5 6 8 -8 -1 -10 20 12 15 18 -15 16 17 -12 19 -14 21 22 -7 24 -23 -25 -27 28 -13 -30
right_child=1 -3 3 -5 -6 10 7 -9 9 -11 11 27 13 14 -16 -17 -18 -19 -20 -21 -22 23 -24 25 -26 26 -28 -29 29 -31
leaf_value=-0.020138912124435106 0.015878261841833594 -0.012491597183796837 0.02590376456314698 0.0029913262221962218 -0.017003030539106796 0.0039311670609112623 -0.042574977762137464 -0.0040330743491649636 0.016274131696257327 -0.0014877411880284208 -0.043128682734817271 0.0097360197755137125 -0.016706907321649946 0.03016244591077169 0.0011266293657365544 -0.04605126198725059 0.0075717244923114791 -0.0044998830083757642 -0.029418032438059651 0.012076512135859386 0.0089278534419967651 0.0035416534448663387 0.027652595756451289 0.011331925493741587 -0.034596848474099086 -0.021833356452484926 0.00057223783947948003 -0.00047823796736195449 -0.0047302863410625022 0.0085591950073721831
leaf_weight=13.999999999999998 12.999999999999998 60 14.999999999999998 86 15.999999999999998 305 11.999999999999998 20 17 86 19 122 18 13.999999999999998 57 11.999999999999998 13.999999999999998 13.999999999999998 13.999999999999998 18 97 14.000000000000002 13.999999999999998 72 11.999999999999998 20 1368 1480 132 83
leaf_count=14 13 60 15 86 16 305 12 20 17 86 19 122 18 14 57 12 14 14 14 18 97 14 14 72 12 20 1368 1480 132 83
internal_value=0.00034674 -0.00726948 0.000482363 0.00663192 0.000327507 0.000400622 -0.00520168 -0.0193915 -0.00117443 0.0015553 0.000616441 -0.000424187 -0.00788193 -6.53017e-05 0.00721571 -0.0236152 -0.0170103 -0.0274065 -0.0103774 -0.00233047 0.00170961 0.00131601 0.00506086 0.000508063 -0.0146253 0.000788586 0.000232644 0.000317577 0.0038088 0.000407844
internal_weight=4238 73 4165 101 4064 4048 149 32 117 103 3899 1997 180 121 71 59 47 33 50 36 1902 1805 319 1486 26 1460 1388 1817 337 215
internal_count=4238 73 4165 101 4064 4048 149 32 117 103 3899 1997 180 121 71 59 47 33 50 36 1902 1805 319 1486 26 1460 1388 1817 337 215
is_linear=0
shrinkage=0.035


Tree=165
num_leaves=31
num_cat=0
split_feature=30 8 21 2 61 4 4 2 2 55 50 2 10 4 5 4 2 10 10 2 4 2 4 2 2 4 2 4 4 4
split_gain=5.55526 4.75381 4.26405 5.06374 4.09318 7.75931 28.3855 6.13544 7.53954 4.57992 4.44796 4.48821 11.7003 9.37151 4.90706 4.89406 11.065 12.0211 9.97031 14.8977 16.5851 11.8359 17.6007 12.5589 8.75415 8.17672 9.77211 7.09692 6.93044 6.36806
threshold=1.0000000180025095e-35 131.50000000000003 1.0000000180025095e-35 107.50000000000001 1.0000000180025095e-35 1.3025321960449221 1.325508773326874 93.500000000000014 88.500000000000014 1.0000000180025095e-35 1.0000000180025095e-35 82.500000000000014 2.6449579000473027 0.87623926997184765 154.00000000000003 0.7552764117717744 118.50000000000001 1.9494949579238894 2.5732142925262456 93.500000000000014 0.6306598186492921 88.500000000000014 0.52564522624015819 91.500000000000014 114.50000000000001 0.52564522624015819 99.500000000000014 0.67074817419052135 0.81551963090896618 0.79394227266311657
decision_type=2 2 2 2 2 2 2 2 2 2 2 2 2 2 2 2 2 2 2 2 2 2 2 2 2 2 2 2 2 2
left_child=1 2 4 -4 10 9 -7 8 -8 -6 11 12 13 -1 -14 16 17 -13 19 -19 -21 22 -20 -23 25 -25 -27 -18 29 -17
right_child=-2 -3 3 -5 5 6 7 -9 -10 -11 -12 15 14 -15 -16 28 27 18 21 20 -22 23 -24 24 -26 26 -28 -29 -30 -31
leaf_value=-0.006488611250650137 0.016402617253207911 0.01035324738547206 0.026046212518587707 -0.0016095924359910629 0.0058637606729704944 -0.052973310440778736 0.0015079547842033205 0.0013738181536335073 -0.034004108595661824 -0.01176420051643723 0.0030004816951283613 0.014416179827772654 0.016496786275754374 -0.048516558196395637 -0.0062213064878462601 0.00097310658627404619 0.024278573804332512 -0.045300470981261005 -0.048698715768237075 0.011669540263712409 -0.037555604387860514 0.025886055727735821 0.004324303671717644 0.013848163350834511 -0.030359848975669596 -0.021639302999888723 0.0016560700543902141 -0.0062485900758765646 -0.0012516430214401628 0.018688595012557218
leaf_weight=13.000000000000002 23 48 15.000000000000002 15.999999999999998 372 11.999999999999998 15.000000000000002 284 12.999999999999998 18 280 25 13.999999999999998 12.999999999999998 51 64 22 22 17.000000000000004 20 12.999999999999998 15.999999999999998 12.999999999999998 27 14.999999999999998 36 54 14.999999999999998 2633 40
leaf_count=13 23 48 15 16 372 12 15 284 13 18 280 25 14 13 51 64 22 22 17 20 13 16 13 27 15 36 54 15 2633 40
internal_value=-0.000386564 -0.000482896 -0.000611177 0.0121133 -0.000710333 0.00169632 -0.00229937 -0.000181764 -0.0155235 0.00501768 -0.00121615 -0.0015956 -0.00921607 -0.028586 -0.00112585 -0.00136334 -0.00563997 -0.00821568 -0.0107027 -0.0236184 -0.00820494 -0.00659248 -0.0262673 -0.00244306 -0.00605887 -0.00269764 -0.00777825 0.0120179 -0.00089987 0.00791652
internal_weight=4219 4196 4148 31 4117 714 324 312 28 390 3403 3123 91 26 65 3032 295 258 233 55 33 178 30 148 132 117 90 37 2737 104
internal_count=4219 4196 4148 31 4117 714 324 312 28 390 3403 3123 91 26 65 3032 295 258 233 55 33 178 30 148 132 117 90 37 2737 104
is_linear=0
shrinkage=0.035


Tree=166
num_leaves=31
num_cat=0
split_feature=3 9 1 30 0 20 31 5 47 2 2 11 9 3 0 0 48 5 5 0 2 2 5 0 9 0 0 5 0 60
split_gain=5.95574 8.50806 7.10091 4.4977 3.0336 9.41914 8.80372 7.12014 19.094 13.773 13.5419 18.4749 9.16135 6.83805 7.61243 6.36055 8.01308 15.2443 13.485 18.8771 10.9002 18.9521 9.96333 7.25842 7.23276 6.85669 6.25795 5.76623 7.25104 6.45655
threshold=0.53374999761581432 1.2424533367156985 15.500000000000002 1.0000000180025095e-35 2001.5000000000002 1.0000000180025095e-35 1.0000000180025095e-35 115000.00000000001 1.0000000180025095e-35 101.50000000000001 103.50000000000001 3.8750000000000004 1.7005987167358401 2.2779500484466557 1999.5000000000002 1980.5000000000002 1.0000000180025095e-35 1.0000000180025095e-35 2520400.0000000005 1992.5000000000002 92.500000000000014 89.500000000000014 309000.00000000006 1975.5000000000002 0.89587974548339855 1974.5000000000002 1988.5000000000002 10100000.000000002 1992.5000000000002 1.0000000180025095e-35
decision_type=2 2 2 2 2 2 2 2 2 2 2 2 2 2 2 2 2 2 2 2 2 2 2 2 2 2 2 2 2 2
left_child=1 2 -1 4 5 7 -6 8 10 12 11 -2 -9 -11 -15 23 17 20 19 -18 21 24 -19 25 -17 -7 -20 29 -29 -24
right_child=3 -3 -4 -5 6 15 -8 9 -10 13 -12 -13 -14 14 -16 16 18 22 26 -21 -22 -23 27 -25 -26 -27 -28 28 -30 -31
leaf_value=-0.013776147976517675 -0.01375766234169714 0.031369702574279575 0.018825265013178192 0.01475327178940177 0.00055316774448791058 0.001929811352225319 0.018787097072623896 0.038748545632912558 0.01275616080723703 0.0058019259402062751 -0.0081208442816579803 -0.069160610482096679 8.7072185975940603e-05 -0.034393143255565188 0.00010836093242351826 -0.010107119851960585 -0.0032808067939477038 -0.03155865828692913 -0.013254819214951972 -0.061269259685507192 0.010676004804007464 -0.031106706602751968 -0.0043682631162788232 0.011335018863686241 0.023563848780840637 -0.021565078052692116 0.00027619029550254344 0.0045378679320841149 -0.0025876307771984714 -0.024909592850506309
leaf_weight=17.000000000000004 15.000000000000002 17 13.999999999999998 24 1940 308 32 12.000000000000002 19 14.999999999999998 26 14.999999999999998 18 21 11.999999999999998 12.000000000000002 15.000000000000002 12.999999999999998 62 11.999999999999998 211 22 331 105 19 14.999999999999998 124 265 510 19
leaf_count=17 15 17 14 24 1940 308 32 12 19 15 26 15 18 21 12 12 15 13 62 12 211 22 331 105 19 15 124 265 510 19
internal_value=9.41361e-05 0.0122258 0.00102057 -4.72411e-05 -0.000136403 -0.00103133 0.000859312 -0.00937894 -0.0170077 -0.00189904 -0.0271834 -0.042853 0.0163592 -0.0134471 -0.0221615 -0.000401042 -0.00140734 -0.000442794 -0.00771623 -0.0303837 0.00711696 -0.006955 -0.00220279 0.00338644 0.0105667 0.000770125 -0.00427155 -0.00183429 -0.000146207 -0.00555614
internal_weight=4240 48 31 4192 4168 2196 1972 153 75 78 56 30 30 48 33 2043 1615 1402 213 27 264 53 1138 428 31 323 186 1125 775 350
internal_count=4240 48 31 4192 4168 2196 1972 153 75 78 56 30 30 48 33 2043 1615 1402 213 27 264 53 1138 428 31 323 186 1125 775 350
is_linear=0
shrinkage=0.035


Tree=167
num_leaves=31
num_cat=0
split_feature=58 5 0 0 5 11 54 3 0 19 3 8 3 12 8 5 2 2 3 1 3 2 0 2 11 55 5 5 0 3
split_gain=3.83634 5.61617 3.6027 12.5945 10.1528 12.4941 8.89287 10.6975 6.76493 7.8116 7.32264 18.3121 17.1976 6.67391 5.19343 11.0506 7.12629 14.8092 11.5618 11.1003 9.44534 7.92149 5.03948 7.79958 7.37541 7.2007 6.51461 7.78816 6.63589 6.87702
threshold=1.0000000180025095e-35 51250000.000000007 1982.5000000000002 1975.5000000000002 127500.00000000001 3.3750000000000004 1.0000000180025095e-35 1.9751500487327578 2001.5000000000002 1.0000000180025095e-35 0.76764997839927684 2.5000000000000004 0.64110001921653759 1.0000000180025095e-35 2.5000000000000004 1622000.0000000002 90.500000000000014 89.500000000000014 1.078500032424927 6.5000000000000009 1.6155499815940859 91.500000000000014 1992.5000000000002 136.50000000000003 4.3750000000000009 1.0000000180025095e-35 1.0000000180025095e-35 1494211.5000000002 1985.5000000000002 1.3612499833106997
decision_type=2 2 2 2 2 2 2 2 2 2 2 2 2 2 2 2 2 2 2 2 2 2 2 2 2 2 2 2 2 2
left_child=2 -2 3 4 5 -1 -7 -8 10 14 11 12 -4 22 16 -16 17 18 -10 -19 -20 -18 23 25 -24 26 28 -28 -12 -30
right_child=1 -3 8 -5 -6 6 7 -9 9 -11 13 -13 -14 -15 15 -17 21 19 20 -21 -22 -23 24 -25 -26 -27 27 -29 29 -31
leaf_value=0.0058760179739732014 0.027008732726797463 0.0030528440633893353 0.018067624869715908 0.0092367865216019911 0.0010702722762441475 -0.044880987589192747 0.010754902970045803 -0.031296192256733774 -0.022845935224191004 0.026586136400699619 -0.0075851660581386614 -0.045277803389465111 -0.02918012768251356 0.001945433599891399 0.013162020436011631 0.0007913269182816074 -0.023239034210680985 0.00071261136563351515 0.02108586701170231 0.044381465148594645 -0.0024963658254470349 -0.0027070722550083886 -0.0056090060192596995 -0.024594857877120378 0.0200461143553257 -0.012905186507911625 -0.021415947211285431 0.00062233012568946354 0.028721318140625954 0.0068192325183269332
leaf_weight=25 12.999999999999998 88 22 197 307 15.999999999999998 13.000000000000002 14.999999999999998 22 12.999999999999998 22 15.999999999999998 14.999999999999998 382 96 1012 23 12.000000000000002 29 17 67 599 738 14.999999999999998 12.999999999999998 45 20 302 25 58
leaf_count=25 13 88 22 197 307 16 13 15 22 13 22 16 15 382 96 1012 23 12 29 17 67 599 738 15 13 45 20 302 25 58
internal_value=-0.000316545 0.00638799 -0.000482196 0.00209043 -0.00166373 -0.0136946 -0.0247366 -0.0120145 -0.000896886 0.000537178 -0.00251736 -0.0152046 -0.00130465 -0.00209208 0.000341772 0.00187564 -0.00186556 0.00503714 -0.000526331 0.026996 0.00475333 -0.00350518 -0.00333987 -0.00056085 -0.00513652 0.000249625 0.00166697 -0.000803154 0.00919462 0.0137005
internal_weight=4237 101 4136 573 376 69 44 28 3563 1890 1673 53 37 1620 1877 1108 769 147 118 29 96 622 1238 487 751 472 427 322 105 83
internal_count=4237 101 4136 573 376 69 44 28 3563 1890 1673 53 37 1620 1877 1108 769 147 118 29 96 622 1238 487 751 472 427 322 105 83
is_linear=0
shrinkage=0.035


Tree=168
num_leaves=31
num_cat=0
split_feature=61 2 8 10 0 5 10 0 0 2 8 8 8 10 5 2 63 47 19 5 63 5 2 2 5 8 5 0 0 5
split_gain=4.38426 6.44379 9.64466 10.1578 7.83705 7.66704 5.34986 5.02298 11.7731 9.82176 40.0513 20.4229 10.0505 7.5926 6.89874 6.28647 7.60765 6.22985 6.22212 5.96613 5.66315 13.7058 12.557 19.1229 10.0464 8.4333 12.0832 11.6567 7.67506 7.86323
threshold=1.0000000180025095e-35 103.50000000000001 3.5000000000000004 2.3062499761581425 2012.5000000000002 12875428.500000002 3.4508064985275273 1993.5000000000002 1996.5000000000002 103.50000000000001 2.5000000000000004 2.5000000000000004 5.5000000000000009 4.6287877559661874 6950000.0000000009 96.500000000000014 1.0000000180025095e-35 1.0000000180025095e-35 1.0000000180025095e-35 1694000.0000000002 1.0000000180025095e-35 55000.000000000007 92.500000000000014 100.50000000000001 1400005.0000000002 1.5000000000000002 9600000.0000000019 2010.5000000000002 2012.5000000000002 31250000.000000004
decision_type=2 2 2 2 2 2 2 2 2 2 2 2 2 2 2 2 2 2 2 2 2 2 2 2 2 2 2 2 2 2
left_child=7 2 3 5 -5 -2 -4 13 9 10 -9 -11 -13 17 -14 -12 -17 -1 20 -19 -10 22 -22 -24 -23 26 27 -26 29 -28
right_child=1 -3 6 4 -6 -7 -8 8 18 11 15 12 14 -15 -16 16 -18 19 -20 -21 21 24 23 -25 25 -27 28 -29 -30 -31
leaf_value=0.00070341267797020845 -0.042767960438824949 0.0053675632027126007 0.0095202703610117925 0.0003226254936307669 -0.027670626614242792 -0.0050945045432219142 -0.003480996025570979 -0.063205142316964683 0.00083945791797652948 0.034756599461331091 -0.014080622051014765 -0.032101366729941218 0.014688799213132132 -0.024738506158097431 -0.0071850097549245942 0.0097905585693195477 -0.020182194814085962 0.017889243742041292 0.022280146775643033 0.0042612011621285537 -0.043593660247822609 0.021223571000377767 0.022321163898333909 -0.026004965600695602 0.029256863949696215 -0.00039078158834671888 -0.036537720940349738 -0.012548373186753857 -0.0038852803815432172 -0.0031367853604830232
leaf_weight=818 15.000000000000002 461 100 97 12.999999999999998 11.999999999999998 62 17 1513 15.999999999999998 67 14.999999999999998 22 11.999999999999998 75 39 12.999999999999998 49 13.999999999999998 193 17 22 14.999999999999998 26 14.000000000000002 476 33 17 26 11.999999999999998
leaf_count=818 15 461 100 97 13 12 62 17 1513 16 67 15 22 12 75 39 13 49 14 193 17 22 15 26 14 476 33 17 26 12
internal_value=0.000366543 0.00277565 -0.00121931 -0.00802926 -0.00318938 -0.0268666 0.00454291 -0.000153601 -0.00102862 -0.00799559 -0.0145099 -0.00100177 -0.00638797 0.00184285 -0.00210682 -0.00707009 0.00202494 0.00216845 -0.000182768 0.00709006 -0.000338621 -0.0030473 -0.0191471 -0.00817251 -0.0014588 -0.00236033 -0.0114416 0.00660101 -0.0193259 -0.0279307
internal_weight=4281 760 299 137 110 27 162 3521 2449 264 136 128 112 1072 97 119 52 1060 2185 242 2171 658 58 41 600 578 102 31 71 45
internal_count=4281 760 299 137 110 27 162 3521 2449 264 136 128 112 1072 97 119 52 1060 2185 242 2171 658 58 41 600 578 102 31 71 45
is_linear=0
shrinkage=0.035


Tree=169
num_leaves=31
num_cat=0
split_feature=64 48 3 11 62 2 11 2 0 2 2 0 11 3 0 48 2 2 3 11 2 11 2 2 11 3 5 54 8 5
split_gain=5.28114 7.4615 19.2823 5.47554 4.36073 5.36502 5.24595 5.08035 4.33896 8.69576 3.70122 3.83853 4.0944 4.16405 4.88349 3.56039 4.44195 3.53264 4.30723 6.7222 7.24598 8.09931 11.3092 22.7152 11.3285 7.55612 7.21207 8.89277 7.19305 5.68728
threshold=1.0000000180025095e-35 1.0000000180025095e-35 2.7218999862670903 2.8750000000000004 1.0000000180025095e-35 115.50000000000001 3.3750000000000004 85.500000000000014 1999.5000000000002 110.50000000000001 98.500000000000014 2003.5000000000002 2.1250000000000004 3.4518500566482548 1989.5000000000002 1.0000000180025095e-35 143.50000000000003 73.500000000000014 1.0904499888420107 1.6250000000000002 86.500000000000014 3.6250000000000004 93.500000000000014 89.500000000000014 3.3750000000000004 1.0438999533653261 2350000.0000000005 1.0000000180025095e-35 3.5000000000000004 5275000.0000000009
decision_type=2 2 2 2 2 2 2 2 2 2 2 2 2 2 2 2 2 2 2 2 2 2 2 2 2 2 2 2 2 2
left_child=4 3 -3 -2 17 6 10 -8 9 -5 11 12 -6 14 -14 16 -7 -1 19 -19 -21 22 23 -22 25 29 27 -26 -23 -24
right_child=1 2 -4 8 5 15 7 -9 -10 -11 -12 -13 13 -15 -16 -17 -18 18 -20 20 21 28 24 -25 26 -27 -28 -29 -30 -31
leaf_value=0.01645359735541484 0.017172577304020525 -0.05408343023749497 0.0030307652827571423 -0.032828452480189937 0.0099031686672697902 0.00043035232563149828 -0.03178859098370259 -0.0085357125535438678 0.0021111027351274976 -0.0037774010365716937 -0.0073441579283045778 0.012637616497774919 -0.001288082286948338 0.007587353132665159 -0.029749086914459863 0.0067784993848039052 -0.022207361053388854 0.014515322658233345 0.00084353283057593282 0.010068874909335541 0.0065517897039651879 0.0054638812565512363 0.013399496809745001 -0.049024663926412672 -0.049525433231641838 -0.020792165545746685 0.0016726220644867193 -0.010933526590466501 -0.015834928257083523 -0.0069387811721750986
leaf_weight=15.999999999999998 13.999999999999998 12.000000000000002 15.999999999999998 15.999999999999998 22 57 11.999999999999998 126 54 51 76 32 15.000000000000002 12.999999999999998 13.999999999999998 89 11.999999999999998 23 3270 35 13.999999999999998 86 44 23 14.000000000000002 14.999999999999998 11.999999999999998 15.999999999999998 24 26
leaf_count=16 14 12 16 16 22 57 12 126 54 51 76 32 15 13 14 89 12 23 3270 35 14 86 44 23 14 15 12 16 24 26
internal_value=-0.000125709 -0.00628427 -0.0224073 -0.0027872 0.000121019 -0.00305387 -0.00572458 -0.0107844 -0.00523277 -0.0111214 -0.00161595 0.00292981 -0.00201692 -0.00838657 -0.0156199 0.00217817 -0.00374265 0.000532916 0.000457164 -0.00333419 -0.00471098 -0.00663503 -0.0115401 -0.0283307 -0.00645158 0.000923903 -0.0210932 -0.0300162 0.00070031 0.0058293
internal_weight=4249 163 28 135 4086 468 310 138 121 67 172 96 64 42 29 158 69 3618 3602 332 309 274 164 37 127 85 42 30 110 70
internal_count=4249 163 28 135 4086 468 310 138 121 67 172 96 64 42 29 158 69 3618 3602 332 309 274 164 37 127 85 42 30 110 70
is_linear=0
shrinkage=0.035


Tree=170
num_leaves=31
num_cat=0
split_feature=30 5 2 2 5 5 2 9 48 3 5 0 2 11 10 3 2 12 2 3 5 5 0 2 3 0 57 3 0 0
split_gain=4.65514 3.09498 3.5669 5.86958 15.9301 6.07288 7.13488 4.94496 8.30409 8.31617 5.48087 4.84173 5.88741 4.7634 4.70275 3.90859 3.73358 3.63094 6.66576 6.70482 3.63055 18.017 19.5902 14.9634 17.1923 16.645 9.3755 11.4554 21.6021 16.3293
threshold=1.0000000180025095e-35 157500000.00000003 133.50000000000003 125.50000000000001 1400005.0000000002 9902345.0000000019 130.50000000000003 2.1383330821990971 1.0000000180025095e-35 5.2458999156951913 13650000.000000002 1989.5000000000002 140.50000000000003 3.8750000000000004 4.6833331584930429 21.052749633789066 102.50000000000001 5.5000000000000009 72.500000000000014 0.31299999356269842 115000.00000000001 1.0000000180025095e-35 2008.5000000000002 115.50000000000001 0.57864999771118175 1993.5000000000002 1.0000000180025095e-35 3.07604992389679 2010.5000000000002 2011.5000000000002
decision_type=2 2 2 2 2 2 2 2 2 2 2 2 2 2 2 2 2 2 2 2 2 2 2 2 2 2 2 2 2 2
left_child=1 2 3 14 -5 6 -6 8 9 10 11 -4 -13 -12 15 17 -16 18 -1 -20 21 22 23 24 -21 -25 27 28 -24 -30
right_child=-2 -3 7 4 5 -7 -8 -9 -10 -11 13 12 -14 -15 16 -17 -18 -19 19 20 -22 -23 26 25 -26 -27 -28 -29 29 -31
leaf_value=0.022783914146820707 0.01493667380914092 0.0061389452966142694 -0.010824440586408883 0.026720221249800592 -0.022825546550564468 0.0042814251127731339 0.0080921627797186386 -0.00025433752877897155 0.013906945349648597 -0.031774971716105938 -0.0091138124681105284 -0.007606593342388379 0.020470067659765483 -0.03405358012020588 0.0012863056796789171 0.012981986009730743 0.02163519919663668 -0.0096438045504037301 -0.024771421087905764 0.041537599085830157 3.1302386348615392e-05 -0.034058191900226201 -0.048578218743597211 0.0035928551280250149 0.0020703408878616756 -0.050032934427261352 -0.038766362357884644 0.013000648894093254 0.024905220047105103 -0.014529336317595815
leaf_weight=13.999999999999998 24 91 32 35 23 171 13.999999999999998 218 17 20 33 15.999999999999998 19 12.999999999999998 24 25 20 53 12.999999999999998 12.999999999999998 2810 21 18 14.000000000000002 407 12.999999999999998 14.999999999999998 21 14.999999999999998 65
leaf_count=14 24 91 32 35 23 171 14 218 17 20 33 16 19 13 24 25 20 53 13 13 2810 21 18 14 407 13 15 21 15 65
internal_value=-0.000121357 -0.000210025 -0.000350367 -3.11942e-05 0.00521989 0.00148313 -0.0111758 -0.00363587 -0.00850455 -0.0114646 -0.00760734 -0.00113408 0.00773165 -0.0167738 -0.00039138 -0.000535558 0.0108499 -0.000636523 -0.000494436 -0.000596722 -0.00049687 -0.00296113 -0.00177754 0.00174421 0.00339187 -0.0230292 -0.0134643 -0.00996395 -0.0149842 -0.00689756
internal_weight=4287 4263 4172 3804 243 208 37 368 150 133 113 67 35 46 3561 3517 44 3492 3439 3425 3412 602 581 447 420 27 134 119 98 80
internal_count=4287 4263 4172 3804 243 208 37 368 150 133 113 67 35 46 3561 3517 44 3492 3439 3425 3412 602 581 447 420 27 134 119 98 80
is_linear=0
shrinkage=0.035


Tree=171
num_leaves=31
num_cat=0
split_feature=3 0 0 0 55 25 25 2 5 10 0 2 10 10 3 8 3 2 2 3 2 5 11 10 0 2 1 3 2 10
split_gain=4.77298 3.76859 5.83997 5.6967 6.90582 5.14528 5.05219 15.8273 10.2269 5.58345 5.56716 6.68602 6.49869 9.37735 22.8412 6.98507 6.36471 5.56269 10.3607 10.4426 7.87016 15.9378 15.0016 24.6488 10.795 9.74586 10.6948 7.35126 6.60512 8.57461
threshold=0.31299999356269842 1936.5000000000002 1984.5000000000002 1986.5000000000002 1.0000000180025095e-35 1.0000000180025095e-35 1.0000000180025095e-35 114.50000000000001 26287.500000000004 3.8992187976837163 2014.5000000000002 86.500000000000014 3.3765244483947758 3.4007576704025273 2.7459000349044804 3.5000000000000004 9.1392998695373553 85.500000000000014 97.500000000000014 2.7826499938964848 108.50000000000001 12250000.000000002 2.1250000000000004 2.6622807979583745 1994.5000000000002 102.50000000000001 17.500000000000004 1.2459999918937685 95.500000000000014 3.1595455408096318
decision_type=2 2 2 2 2 2 2 2 2 2 2 2 2 2 2 2 2 2 2 2 2 2 2 2 2 2 2 2 2 2
left_child=-1 -2 5 4 -4 -3 10 8 -8 -10 12 -12 15 14 -14 17 -13 -5 19 28 21 22 27 -24 -22 -25 -27 -20 29 -19
right_child=1 2 3 6 -6 -7 7 -9 9 -11 11 16 13 -15 -16 -17 -18 18 20 -21 24 -23 23 25 -26 26 -28 -29 -30 -31
leaf_value=-0.018039282313185849 -0.011253395454337199 0.0038412781575726256 -0.0044027958940830048 -0.011838131508746302 -0.028338801545145755 -0.01568831269289641 0.041598109845510309 -0.015164083730118971 -0.0023476626005334159 0.024425893899053336 0.027837689050473274 0.00052310784645496979 -0.055126507740467789 -0.0021854826000411746 0.0029487204439938072 0.0024791249094551463 0.013859846503094393 0.0072622753845459631 0.019656114272773268 -0.0085829509232115617 0.016751114014212452 0 -0.059889016916354509 0.00073335692314086139 -0.0034983061908467504 -0.0063513491414487356 -0.051985125803030462 -0.011401558679412119 0.021657606050216906 -0.022279533873383817
leaf_weight=17 35 589 120 63 15.999999999999998 15.999999999999998 15.999999999999998 23 23 14.999999999999998 12.999999999999998 235 12.999999999999998 1258 20 1016 53 163 12.999999999999998 59 40 122 20 26 150 13.000000000000002 11.999999999999998 27 35 11.999999999999998
leaf_count=17 35 589 120 63 16 16 16 23 23 15 13 235 13 1258 20 1016 53 163 13 59 40 122 20 26 150 13 12 27 35 12
internal_value=-5.45278e-05 2.1837e-05 0.000119311 -0.000418561 -0.00741787 0.00329687 -0.000139261 0.00866603 0.0189389 0.00853129 -0.000343905 0.00418912 -0.000791302 -0.00267908 -0.0208264 0.000584572 0.00302296 -0.00196251 -0.00104512 0.00431232 -0.00445836 -0.00875596 -0.0182893 -0.0278381 0.00082095 -0.0143255 -0.0294798 -0.0010319 0.00796708 0.00511153
internal_weight=4233 4216 4181 3576 136 605 3440 77 54 38 3363 301 3062 1291 33 1771 288 755 692 269 423 233 111 71 190 51 25 40 210 175
internal_count=4233 4216 4181 3576 136 605 3440 77 54 38 3363 301 3062 1291 33 1771 288 755 692 269 423 233 111 71 190 51 25 40 210 175
is_linear=0
shrinkage=0.035


Tree=172
num_leaves=31
num_cat=0
split_feature=8 0 31 8 25 20 3 6 6 63 6 47 6 0 3 0 11 3 3 10 8 51 3 6 10 0 0 0 3 8
split_gain=4.98137 5.29766 5.87947 10.6883 5.80875 9.42002 15.7468 5.84205 5.52008 5.19778 13.559 6.95359 8.85622 6.82297 7.29589 6.47632 6.35761 5.19093 5.41857 10.5946 20.4689 7.45351 4.71377 7.32131 5.07866 4.87944 4.3777 6.80107 10.2368 8.90421
threshold=61.500000000000007 2010.5000000000002 1.0000000180025095e-35 3.5000000000000004 1.0000000180025095e-35 1.0000000180025095e-35 2.0076498985290532 13.76526975631714 15.317165374755861 1.0000000180025095e-35 11.449019432067873 1.0000000180025095e-35 16.703097343444828 2013.5000000000002 2.419549942016602 2011.5000000000002 4.3750000000000009 0.31299999356269842 0.71780002117156994 3.8992187976837163 1.5000000000000002 1.0000000180025095e-35 4.801650047302247 16.793559074401859 3.4985954761505131 2012.5000000000002 1992.5000000000002 1996.5000000000002 0.87884998321533214 1.5000000000000002
decision_type=2 2 2 2 2 2 2 2 2 2 2 2 2 2 2 2 2 2 2 2 2 2 2 2 2 2 2 2 2 2
left_child=1 2 17 -4 5 6 -3 -8 -5 11 -11 13 -13 14 15 -7 -15 -1 19 21 -21 -19 24 -24 25 -12 -20 28 -28 -30
right_child=-2 4 3 8 -6 9 7 -9 -10 10 22 12 -14 16 -16 -17 -18 18 26 20 -22 -23 23 -25 -26 -27 27 -29 29 -31
leaf_value=0.021422926357159248 0.0053125863780964936 0.046224908556789165 0.0059341081678867345 -0.041792410180469343 -0.017251406372421316 0.032925853772088884 0.021176233833655713 -0.0080136484727263459 -0.0087906545664255455 -0.029703081133464971 -0.0095945093297159483 -0.031036346648461544 -0.00045120115878102796 0.0037580327478703114 0.0051536027446997708 0.010687171795123886 -0.015277496371728679 0.010523277586833999 0.0012732099274069672 0.0024517443617805834 -0.055107145270829404 -0.014810906718969346 0.02450549346059561 0.00016798082948116645 -0.015876520340144633 0.012493902537152171 0.024710473438868157 -0.00050879373272025665 -0.022963468509579175 -0.0049628460614662322
leaf_weight=11.999999999999998 210 14.999999999999998 20 14.000000000000002 17 27 12.999999999999998 20 11.999999999999998 20 23 11.999999999999998 109 204 108 42 23 32 1103 15.000000000000002 13.999999999999998 24 19 63 34 24 11.999999999999998 1630 37 312
leaf_count=12 210 15 20 14 17 27 13 20 12 20 23 12 109 204 108 42 23 32 1103 15 14 24 19 63 34 24 12 1630 37 312
internal_value=7.0636e-05 -0.0002047 -0.000826868 -0.0131181 0.00239612 0.00286245 0.0177098 0.00371855 -0.0275154 0.00182982 -0.00323235 0.00360047 -0.00372832 0.00580358 0.0109366 0.0197603 0.0017631 -0.000645082 -0.000735644 -0.00940272 -0.0261876 -0.000372886 0.00016623 0.00605555 -0.0057756 0.00167353 -0.000494011 -0.00147407 -0.00581422 -0.00693638
internal_weight=4220 4010 3237 46 773 756 48 33 26 708 183 525 121 404 177 69 227 3191 3179 85 29 56 163 82 81 47 3094 1991 361 349
internal_count=4220 4010 3237 46 773 756 48 33 26 708 183 525 121 404 177 69 227 3191 3179 85 29 56 163 82 81 47 3094 1991 361 349
is_linear=0
shrinkage=0.035


Tree=173
num_leaves=31
num_cat=0
split_feature=8 3 3 11 3 60 3 1 3 1 2 3 2 3 5 51 3 3 3 3 5 3 3 1 1 11 3 11 11 2
split_gain=5.02063 7.53405 7.37536 5.98869 8.0487 6.49387 5.10028 5.37895 7.66963 8.13159 46.1529 6.04875 21.3823 6.87835 13.012 6.3099 5.16091 7.83611 24.2974 5.26543 4.90743 7.94919 9.47358 10.9348 9.60732 10.1509 4.94958 19.0832 14.9931 9.77906
threshold=2.5000000000000004 0.31299999356269842 0.53374999761581432 3.1250000000000004 0.76764997839927684 1.0000000180025095e-35 0.57864999771118175 24.500000000000004 0.69154998660087597 21.500000000000004 103.50000000000001 0.85545000433921825 95.500000000000014 1.22995001077652 1325000.0000000002 1.0000000180025095e-35 3.376350045204163 2.1456500291824345 2.0463500022888188 1.9201499819755556 14100000.000000002 7.2281000614166269 4.801650047302247 4.5000000000000009 3.5000000000000004 2.8750000000000004 2.0463500022888188 3.8750000000000004 2.1250000000000004 89.500000000000014
decision_type=2 2 2 2 2 2 2 2 2 2 2 2 2 2 2 2 2 2 2 2 2 2 2 2 2 2 2 2 2 2
left_child=1 -1 -3 -2 -5 -6 -4 8 -8 11 -11 12 -10 14 15 -13 17 18 19 -9 21 22 23 24 25 -15 28 29 -25 -28
right_child=3 2 6 4 5 -7 7 16 9 10 -12 13 -14 20 -16 -17 -18 -19 -20 -21 -22 -23 -24 26 -26 -27 27 -29 -30 -31
leaf_value=-0.027791341014206411 0.0022534409019031591 0.017682969632841973 -0.023335528925061223 -0.022057318728205495 -4.7877396837742797e-05 -0.0078349285546121094 0.020491188535390392 0.00050795788134680225 -0.04041663326864893 -0.061708954071297374 0.018954088515498572 0.0079292101096816187 0.008026720687423064 -0.02967129156914981 -0.0074607654391483473 0.032005394369363789 -0.015654479160904886 0.011156691879034042 -0.04558974947035313 0.021812251178423562 -0.00095519257019312221 -0.030107623857939071 0.017305329486727715 -0.040351387389500941 -0.031630620189756153 0.00098953962554647161 -0.011989314344711604 -0.019810778652550654 -0.0033035753646814951 0.019004662068907996
leaf_weight=12.999999999999998 1164 22 12.999999999999998 21 1480 143 14.999999999999998 276 21 15.999999999999998 17 40 22 18 51 20 20 90 12.999999999999998 13.999999999999998 364 15.999999999999998 20 13.999999999999998 34 43 14.999999999999998 31 128 58
leaf_count=13 1164 22 13 21 1480 143 15 276 21 16 17 40 22 18 51 20 20 90 13 14 364 16 20 14 34 43 15 31 128 58
internal_value=-0.000520926 -0.0022292 -0.00196925 0.000333076 -0.00102608 -0.000739462 -0.00229902 -0.002079 -0.00353718 -0.0039491 -0.0207685 -0.0033045 -0.0159728 -0.00264511 0.00543974 0.0163764 0.00124673 0.00214883 -0.000548909 0.00161388 -0.00386426 -0.00665843 -0.00553399 -0.00692534 -0.0169509 -0.00836234 -0.00299365 0.00278096 -0.00722505 0.0125364
internal_weight=4212 1404 1391 2808 1644 1623 1369 1356 943 928 33 895 43 852 111 60 413 393 303 290 741 377 361 341 95 61 246 104 142 73
internal_count=4212 1404 1391 2808 1644 1623 1369 1356 943 928 33 895 43 852 111 60 413 393 303 290 741 377 361 341 95 61 246 104 142 73
is_linear=0
shrinkage=0.035


Tree=174
num_leaves=31
num_cat=0
split_feature=9 3 2 10 0 0 64 2 2 9 5 5 54 3 3 0 3 5 3 10 10 60 0 5 0 10 0 5 5 9
split_gain=3.89326 4.60824 4.33295 4.69274 4.41801 7.80985 9.29816 13.8543 6.48518 22.5815 8.46008 9.81888 7.41771 15.5296 10.9014 8.38939 12.4015 9.12944 6.78787 11.7072 6.72529 6.44675 6.31967 8.72202 5.50042 5.97203 5.71958 5.44734 5.29659 5.29544
threshold=2.8029010295867924 1.3716999888420107 73.500000000000014 1.9494949579238894 2001.5000000000002 1984.5000000000002 1.0000000180025095e-35 124.50000000000001 94.500000000000014 2.6020033359527592 1400005.0000000002 10100000.000000002 1.0000000180025095e-35 0.85545000433921825 2.1652499437332158 1986.5000000000002 1.3862500190734866 1717780.5000000002 0.95569998025894176 3.8992187976837163 2.3062499761581425 1.0000000180025095e-35 1997.5000000000002 11965000.000000002 1975.5000000000002 2.9978448152542119 1979.5000000000002 951000.00000000012 951000.00000000012 1.7005987167358401
decision_type=2 2 2 2 2 2 2 2 2 2 2 2 2 2 2 2 2 2 2 2 2 2 2 2 2 2 2 2 2 2
left_child=2 -2 -1 -4 5 21 8 -8 9 12 18 -12 15 -14 -15 -7 28 -18 19 -10 -20 24 23 -19 25 -5 -26 -27 -17 -22
right_child=1 -3 3 4 -6 6 7 -9 10 -11 11 -13 13 14 -16 16 17 22 20 -21 29 -23 -24 -25 26 27 -28 -29 -30 -31
leaf_value=0.016444430159197915 0.017638958904553543 0.001437083062029407 0.0040404320605645846 -0.019120052198320629 0.00014116973105010968 -0.023131987789024911 -0.0024944852772686215 -0.050764976998361258 0.0046855414217481257 -0.05357546600946584 -0.012103484858703313 -0.0012011946752761616 -0.05066473875753582 0.0047046122521860528 -0.031487923180560269 0.027020750446915629 -0.027650111933189787 0.0088133174768564373 -0.014985315986443313 -0.03508816327154636 0.013928852057616627 -0.011457440932027319 0.0096012376942788257 -0.019366908025741578 0.018006937529891728 -0.005575398404090463 0.0034728203684827614 0.0056630795027273464 0.0010468969838145902 0.00087704792222939435
leaf_weight=17 21 1031 229 19 1543 20 17.000000000000004 11.999999999999998 25 11.999999999999998 146 327 11.999999999999998 31 13.999999999999998 24 18 21 14.999999999999998 12.999999999999998 97 43 39 34 45 91 123 123 15.999999999999998 63
leaf_count=17 21 1031 229 19 1543 20 17 12 25 12 146 327 12 31 14 24 18 21 15 13 97 43 39 34 45 91 123 123 16 63
internal_value=-6.62588e-05 0.00177861 -0.000675767 -0.000773226 -0.00114962 -0.0025726 -0.0043531 -0.0235532 -0.00372583 -0.00865538 -0.0019814 -0.00458851 -0.00607117 -0.0169037 -0.00695698 -0.00239426 0.000456305 -0.00551771 0.00379431 -0.00942718 0.00671246 0.00125833 -0.00101473 -0.00861069 0.00265133 -0.000825281 0.00745976 0.000872257 0.0169528 0.00883794
internal_weight=4241 1052 3189 3172 2943 1400 956 29 927 241 686 473 229 57 45 172 152 112 213 38 175 444 94 55 401 233 168 214 40 160
internal_count=4241 1052 3189 3172 2943 1400 956 29 927 241 686 473 229 57 45 172 152 112 213 38 175 444 94 55 401 233 168 214 40 160
is_linear=0
shrinkage=0.035


Tree=175
num_leaves=31
num_cat=0
split_feature=62 64 48 3 11 0 25 55 3 5 46 5 5 0 0 3 0 3 0 3 61 3 3 10 3 0 3 3 3 3
split_gain=4.87963 4.89702 5.31085 16.1723 4.5781 3.59884 6.943 4.79277 5.56045 15.4146 4.91803 4.40682 17.1521 11.6634 13.3881 25.7299 8.95756 7.11734 10.1763 8.79052 8.6308 8.74167 7.54645 6.94036 5.7124 5.67256 4.66705 4.58956 4.52492 6.62686
threshold=1.0000000180025095e-35 1.0000000180025095e-35 1.0000000180025095e-35 2.981299996376038 2.8750000000000004 2010.5000000000002 1.0000000180025095e-35 1.0000000180025095e-35 12.551199913024904 6950000.0000000009 1.0000000180025095e-35 1.0000000180025095e-35 115000.00000000001 1975.5000000000002 2008.5000000000002 1.8826500177383425 2005.5000000000002 2.1741499900817876 1999.5000000000002 0.80965000391006481 1.0000000180025095e-35 2.3686999082565312 0.95569998025894176 4.6833331584930429 1.2459999918937685 1962.5000000000002 1.5071499943733218 1.6787500381469729 1.4018500447273257 1.2603499889373782
decision_type=2 2 2 2 2 2 2 2 2 2 2 2 2 2 2 2 2 2 2 2 2 2 2 2 2 2 2 2 2 2
left_child=1 5 4 -4 -3 7 -7 8 10 -10 11 13 -13 25 16 -16 17 18 26 -20 21 -19 -21 -14 -24 -1 28 -28 29 -15
right_child=-2 2 3 -5 -6 6 -8 -9 9 -11 -12 12 23 14 15 -17 -18 20 19 22 -22 -23 24 -25 -26 -27 27 -29 -30 -31
leaf_value=-0.00097688715082282825 -0.0031778778317179848 0.015901833321154121 -0.0479082680012171 0.0043161758850602545 -0.0045308578189396939 0.0038394335851136599 -0.018207495720022254 -0.0043545416640101134 -0.041856693562120198 -0.00059802833513610747 -0.019678781774826348 -0.029628506129040666 0.00058315265688208082 0.006405549812573904 -0.053744740220216594 0.01380220835581422 0.021554426317413649 -0.022430769305962783 -0.021373730674709965 0.0277341839619554 -0.022467738085087726 0.0098516372091003827 -0.022093498390741071 0.023725520459003748 0.0061430230301425422 -0.026263936964174114 0.032504674950106581 0.012853525478651541 -0.0064190269880320724 0.026337417401301751
leaf_weight=23 477 13.999999999999998 12.000000000000002 15.999999999999998 127 624 17 244 12.999999999999998 54 12.999999999999998 22 2127 103 12.000000000000002 13.999999999999998 47 11.999999999999998 22 11.999999999999998 21 48 11.999999999999998 14.999999999999998 26 20 21 53 22 25
leaf_count=23 477 14 12 16 127 624 17 244 13 54 13 22 2127 103 12 14 47 12 22 12 21 48 12 15 26 20 21 53 22 25
internal_value=0.000154087 0.000574518 -0.00523003 -0.0188856 -0.00239206 0.000847206 0.00322455 0.000334513 0.000754613 -0.00912699 0.00100656 0.00111579 0.000433765 0.00409902 0.00577252 -0.0181444 0.00728248 0.00544627 0.00795825 -0.00343363 -0.00369707 0.00310459 0.00469001 0.000757026 -0.00306677 -0.0131077 0.0116267 0.0188126 0.00796896 0.010486
internal_weight=4268 3791 169 28 141 3622 641 2981 2737 67 2670 2657 2164 493 450 26 424 377 296 72 81 60 50 2142 38 43 224 74 150 128
internal_count=4268 3791 169 28 141 3622 641 2981 2737 67 2670 2657 2164 493 450 26 424 377 296 72 81 60 50 2142 38 43 224 74 150 128
is_linear=0
shrinkage=0.035


Tree=176
num_leaves=31
num_cat=0
split_feature=3 56 0 8 5 12 3 8 62 61 2 53 3 65 55 10 2 5 3 0 2 2 0 8 11 5 0 2 60 2
split_gain=4.09813 3.61436 4.60406 3.12371 6.37683 5.08929 4.85369 7.47674 3.92095 5.1547 4.68009 12.8999 7.01887 5.39379 5.46747 6.05754 5.40518 4.94321 4.7783 3.45995 9.03228 5.83842 28.5456 23.6565 25.8388 5.07847 7.77755 8.72221 5.93152 5.2251
threshold=24.961750030517582 1.0000000180025095e-35 1946.5000000000002 21.500000000000004 210000.00000000003 8.5000000000000018 12.983049869537355 4.5000000000000009 1.0000000180025095e-35 1.0000000180025095e-35 115.50000000000001 1.0000000180025095e-35 0.93059998750686657 1.0000000180025095e-35 1.0000000180025095e-35 1.9494949579238894 116.50000000000001 49600000.000000007 0.31299999356269842 2001.5000000000002 104.50000000000001 100.50000000000001 1991.5000000000002 3.5000000000000004 2.1250000000000004 1252500.0000000002 2005.5000000000002 91.500000000000014 1.0000000180025095e-35 104.50000000000001
decision_type=2 2 2 2 2 2 2 2 2 2 2 2 2 2 2 2 2 2 2 2 2 2 2 2 2 2 2 2 2 2
left_child=1 3 -3 6 -5 -6 8 -8 10 -10 18 12 -12 14 15 -14 -17 -16 -1 20 21 -20 -23 24 -24 26 27 -21 29 -28
right_child=-2 2 -4 4 5 -7 7 -9 9 -11 11 -13 13 -15 17 16 -18 -19 19 25 -22 22 23 -25 -26 -27 28 -29 -30 -31
leaf_value=-0.019432912349700928 0.011864097724461722 0.0076825774588550524 -0.017274727854787585 0.025535173594951631 0.0022375132715340617 -0.012962008417584003 -0.034286891875931855 -0.0018290257410844789 -0.0028386990772985054 -0.022196716598338551 0.017479918645613868 -0.033326497389236466 0.018699258366305579 -0.018844610692690247 -0.022888338569637939 -0.0138088577773422 -0.00050800722427433748 0.0003080011846755952 -0.0009787024353925906 0.035035014482638377 0.0043731829140705039 0.0069715355196705384 -0.0064862987118271672 -0.0066546655896818274 -0.072847622974530651 0.0011801231159411908 0.0042740776590373128 0.0080973758683539933 0.024123669991145534 -0.010522841126481827
leaf_weight=12.999999999999998 35 11.999999999999998 30 12.999999999999998 734 27 11.999999999999998 27 284 17 22 14.999999999999998 18 22 26 39 590 19 635 21 346 70 12.000000000000002 41 18 931 138 48 13.999999999999998 36
leaf_count=13 35 12 30 13 734 27 12 27 284 17 22 15 18 22 26 39 590 19 635 21 346 70 12 41 18 931 138 48 14 36
internal_value=0.00010511 4.61919e-06 -0.0100905 0.000108662 0.002115 0.00167964 -0.000346176 -0.0124673 -0.00020194 -0.00400768 0.000171324 -0.00222804 -0.00154751 -0.00215986 -0.00160047 -0.000767439 -0.00135609 -0.0132625 0.00094839 0.00107221 -0.000320262 -0.00241814 -0.00883587 -0.0243253 -0.0474251 0.00238795 0.00673507 0.0167042 0.00299792 0.00116001
internal_weight=4265 4230 42 4188 774 761 3414 39 3375 301 3074 751 736 714 692 647 629 45 2323 2310 1122 776 141 71 30 1188 257 69 188 174
internal_count=4265 4230 42 4188 774 761 3414 39 3375 301 3074 751 736 714 692 647 629 45 2323 2310 1122 776 141 71 30 1188 257 69 188 174
is_linear=0
shrinkage=0.035


Tree=177
num_leaves=31
num_cat=0
split_feature=0 8 0 10 62 61 55 8 21 2 10 48 3 2 5 5 3 19 2 2 2 8 5 8 2 0 5 10 51 2
split_gain=4.44963 3.54577 3.83063 3.88914 3.58219 6.30505 4.23996 5.08433 4.09796 8.40426 3.46747 3.45792 7.72794 18.6064 13.2604 10.8309 5.04589 4.93548 4.85033 3.61356 4.34044 4.3797 3.50405 3.12145 3.01131 2.89433 14.6531 7.54312 7.44584 16.412
threshold=1936.5000000000002 59.500000000000007 1978.5000000000002 3.9183334112167363 1.0000000180025095e-35 1.0000000180025095e-35 1.0000000180025095e-35 7.5000000000000009 1.0000000180025095e-35 105.50000000000001 1.8874999880790713 1.0000000180025095e-35 2.7640999555587773 124.50000000000001 763500.00000000012 352500.00000000006 1.9751500487327578 1.0000000180025095e-35 182.50000000000003 171.50000000000003 148.50000000000003 3.5000000000000004 8715524.0000000019 83.500000000000014 119.50000000000001 2013.5000000000002 8022880.0000000009 4.4645111560821542 1.0000000180025095e-35 95.500000000000014
decision_type=2 2 2 2 2 2 2 2 2 2 2 2 2 2 2 2 2 2 2 2 2 2 2 2 2 2 2 2 2 2
left_child=-1 4 23 -4 8 6 10 -8 11 -10 -6 17 13 14 16 -14 -13 18 19 20 25 -22 -16 -3 -5 -2 27 28 -27 -30
right_child=1 2 3 24 5 -7 7 -9 9 -11 -12 12 15 -15 22 -17 -18 -19 -20 -21 21 -23 -24 -25 -26 26 -28 -29 29 -31
leaf_value=-0.012427921180427074 0.00099601245132768758 0.027396970712145165 0.0059664916408262809 -0.012792566565347128 0.010304618510107201 -0.021897766473392644 0.018977098459067445 -0.0038623517956584696 0.03441472519819553 -0.0015820824926098189 -0.0043539170131207524 -0.011568249705692998 0.030393217682838439 -0.04188378023267969 0.012467948593920277 -0.0011373807722637266 -0.040079905035977179 0.019908292952924966 -0.0152551655715021 0.018283699259161949 -0.02712092166501456 -0.003618207167834044 -0.0022932504464665223 0.0029865816305749693 0.0021065841271595749 -0.00072396806110110558 0.0030502750057079804 -0.034062357569889477 -0.045719833937090101 0.0041578787127509714
leaf_weight=34 2682 14.000000000000002 139 28 20 20 23 23 11.999999999999998 20 336 22 12.999999999999998 18 30 284 11.999999999999998 14.999999999999998 23 12.999999999999998 11.999999999999998 41 53 11.999999999999998 38 53 190 17 16.000000000000004 14.999999999999998
leaf_count=34 2682 14 139 28 20 20 23 23 12 20 336 22 13 18 30 284 12 15 23 13 12 41 53 12 38 53 190 17 16 15
internal_value=0 0.000103492 0.00430932 0.00265282 -0.000142246 -0.0031867 -0.00219943 0.00768093 0.000220881 0.0124975 -0.00349894 0.000104898 -0.00282304 -0.0097333 -0.00445922 0.000334233 -0.0225388 0.000517323 0.000415291 0.000539444 0.00045662 -0.00937568 0.0031062 0.0167233 -0.00428474 0.000635584 -0.00267235 -0.0133792 -0.00882124 -0.022155
internal_weight=4228 4194 231 205 3963 422 402 46 3541 32 356 3509 432 135 117 297 34 3077 3062 3039 3026 53 83 26 66 2973 291 101 84 31
internal_count=4228 4194 231 205 3963 422 402 46 3541 32 356 3509 432 135 117 297 34 3077 3062 3039 3026 53 83 26 66 2973 291 101 84 31
is_linear=0
shrinkage=0.035


Tree=178
num_leaves=31
num_cat=0
split_feature=10 20 0 10 2 5 3 0 3 10 0 1 25 0 5 1 0 10 0 3 2 5 5 0 60 0 2 8 5 11
split_gain=5.29344 8.62701 15.2143 16.1061 13.356 12.9873 7.61047 7.51677 5.50572 8.57291 8.46782 8.11403 6.33947 11.3413 10.548 5.3925 5.34856 5.05379 6.4271 6.4455 5.17674 9.00834 6.36976 5.14982 4.77847 6.22238 4.78729 4.66474 5.05739 4.65813
threshold=4.2886903285980233 1.0000000180025095e-35 2000.5000000000002 3.9436051845550542 112.50000000000001 127500.00000000001 0.47145000100135809 2014.5000000000002 5.1672000885009775 3.9183334112167363 2013.5000000000002 7.5000000000000009 1.0000000180025095e-35 2005.5000000000002 3420000.0000000005 15.500000000000002 2005.5000000000002 4.0211939811706552 1984.5000000000002 8.6977500915527362 104.50000000000001 392953.50000000006 1515000.0000000002 1972.5000000000002 1.0000000180025095e-35 1980.5000000000002 134.50000000000003 2.5000000000000004 7287500.0000000009 0.87500000000000011
decision_type=2 2 2 2 2 2 2 2 2 2 2 2 2 2 2 2 2 2 2 2 2 2 2 2 2 2 2 2 2 2
left_child=1 2 3 -1 5 -5 15 -2 10 -10 11 -4 14 -14 -13 -3 -16 18 19 23 21 -19 -22 -8 25 26 -25 28 -27 -20
right_child=7 6 8 4 -6 -7 17 -9 9 -11 -12 12 13 -15 16 -17 -18 20 29 -21 22 -23 -24 24 -26 27 -28 -29 -30 -31
leaf_value=-0.0042193855302408339 0.0095116781051943298 0.0025583515375709296 0.025019083378712337 -0.069019956735769897 -0.0094204377438873062 -0.018948445945978165 -0.00047923892179247129 -0.01166757986911883 -0.0045785364376021214 0.025798019396917275 -0.023676249863952399 -0.022946057332848963 0.029001585931361967 -0.010948057840194774 -0.0095950974383287972 0.035495843195499713 0.016709888355247678 -0.037500536787509919 0.014129702318074373 0.025712635145577437 0.020933086548000576 -0.0053329499640502043 -0.0042849840931265121 0.016279303541355251 -0.010046307122432874 0 -0.0064767169671563016 -0.0013961114058188436 0.025889115226111918 3.5258007477601946e-05
leaf_weight=69 143 12.000000000000002 13.999999999999998 14.000000000000002 22 12.999999999999998 202 23 21 23 19 32 17 15.999999999999998 17 11.999999999999998 19 13.999999999999998 28 15.999999999999998 12.999999999999998 39 98 107 18 18 11.999999999999998 92 18 3057
leaf_count=69 143 12 14 14 22 13 202 23 21 23 19 32 17 16 17 12 19 14 28 16 13 39 98 107 18 18 12 92 18 3057
internal_value=0.00040743 0.000155265 -0.00558667 -0.0152761 -0.030415 -0.0465117 0.000609603 0.00651443 0.000876333 0.0114817 -0.0026523 0.000980293 -0.00254728 0.00982828 -0.00863382 0.0198582 0.00431719 0.000480063 0.000757229 0.00450717 -0.00550743 -0.0143996 -0.00115536 0.00372351 0.00692346 0.0082027 0.0139351 0.00279305 0.0132944 0.000168286
internal_weight=4218 4052 296 118 49 27 3756 166 178 44 134 115 101 33 68 24 36 3732 3568 483 164 53 111 467 265 247 119 128 36 3085
internal_count=4218 4052 296 118 49 27 3756 166 178 44 134 115 101 33 68 24 36 3732 3568 483 164 53 111 467 265 247 119 128 36 3085
is_linear=0
shrinkage=0.035


Tree=179
num_leaves=31
num_cat=0
split_feature=8 0 21 5 0 10 10 4 8 4 4 4 5 0 5 5 4 4 5 0 0 4 10 51 11 5 5 0 4 4
split_gain=3.26007 2.74021 2.75897 4.38182 2.67638 2.56152 13.2625 28.5838 6.96659 9.89175 6.32379 15.9376 23.4303 12.7223 10.93 14.9258 9.27381 8.06594 7.22344 5.2682 11.3976 5.29534 7.79983 4.86369 4.53265 9.54282 4.15588 3.97705 3.75716 5.23605
threshold=131.50000000000003 2016.5000000000002 1.0000000180025095e-35 2520400.0000000005 1993.5000000000002 3.3765244483947758 3.4007576704025273 1.3206618428230288 3.5000000000000004 0.67074817419052135 1.3025321960449221 1.3304248452186587 8519351.5000000019 2013.5000000000002 6950000.0000000009 161148.50000000003 0.42771445214748388 1.2370254993438723 1218834.5000000002 1984.5000000000002 1987.5000000000002 1.1750639081001284 2.236111164093018 1.0000000180025095e-35 3.3750000000000004 9902345.0000000019 167500000.00000003 1968.5000000000002 0.83127734065055858 1.0810421705245974
decision_type=2 2 2 2 2 2 2 2 2 2 2 2 2 2 2 2 2 2 2 2 2 2 2 2 2 2 2 2 2 2
left_child=1 2 5 -4 -2 8 7 -7 19 -10 13 12 -12 16 15 23 -8 -18 -19 28 21 22 -21 -15 -22 -26 -13 -11 -1 -30
right_child=4 -3 3 -5 -6 6 10 -9 9 27 11 26 -14 14 -16 -17 17 18 -20 20 24 -23 -24 -25 25 -27 -28 -29 29 -31
leaf_value=0.015595206349622458 0.019267783904546185 0.0060109887265762463 0.020800902270368838 -0.0051569237112998973 0.0025115830497780935 -0.063809510641588046 0.023598511911481618 -0.00017227560033400858 0.026114567153155802 -0.014451461461165716 -0.063238462491104236 -0.0023072062030478594 -0.0031915739570448011 -0.019564714708244023 0.012316418804577553 -0.051915940783917904 0.0008242603350290897 0.031898023029691296 0.0060725671297016861 -0.0075740781211677726 -0.0010339752126736624 -0.0011831725960946642 -0.041478607849070898 0.0052296318315407809 -0.033893698628991845 0.0021942498081674176 0.011150069951561504 0.0021187572355829448 -0.0075894872284971359 0.0096975355760504801
leaf_weight=31 18 88 18.000000000000004 12.999999999999998 32 11.999999999999998 24 26 20 17 11.999999999999998 899 21 22 14.999999999999998 12.999999999999998 705 18 47 15.999999999999998 809 14.999999999999998 18 15.999999999999998 14.999999999999998 20 28 1192 40 44
leaf_count=31 18 88 18 13 32 12 24 26 20 17 12 899 21 22 15 13 705 18 47 16 809 15 18 16 15 20 28 1192 40 44
internal_value=4.14153e-05 -6.46106e-05 -0.000196041 0.0100397 0.00883765 -0.000276387 -0.00123684 -0.021434 0.000520755 0.0022894 -0.00080264 -0.00275463 -0.026296 0.00137496 -0.0132701 -0.0209213 0.00260967 0.00192344 0.0136257 -0.00163405 -0.00254449 -0.0187857 -0.0262458 -0.00921371 -0.00157839 -0.0137353 -0.00188727 0.00187256 0.00538161 0.00145259
internal_weight=4264 4214 4126 31 50 4095 1858 38 2237 1229 1820 960 33 860 66 51 794 770 65 1008 893 49 34 38 844 35 927 1209 115 84
internal_count=4264 4214 4126 31 50 4095 1858 38 2237 1229 1820 960 33 860 66 51 794 770 65 1008 893 49 34 38 844 35 927 1209 115 84
is_linear=0
shrinkage=0.035


Tree=180
num_leaves=31
num_cat=0
split_feature=62 4 2 61 4 5 20 2 11 1 4 2 65 10 10 5 2 4 5 5 57 1 54 4 2 4 2 1 53 2
split_gain=3.58903 5.08743 10.8921 6.18403 8.74479 6.47487 17.5814 13.7465 7.26229 13.8544 13.2851 7.89124 5.77141 6.59498 5.96574 7.88606 10.3345 9.17634 5.83893 25.8354 14.8631 11.0956 7.8214 9.44563 7.69897 8.39838 13.5207 10.678 6.37199 7.28645
threshold=1.0000000180025095e-35 0.7552764117717744 78.500000000000014 1.0000000180025095e-35 0.6306598186492921 1515000.0000000002 1.0000000180025095e-35 103.50000000000001 3.6250000000000004 20.500000000000004 0.68238946795463573 97.500000000000014 1.0000000180025095e-35 3.8343495130538945 1.6458333134651186 14900000.000000002 95.500000000000014 0.85919114947319042 1.0000000180025095e-35 115000.00000000001 1.0000000180025095e-35 50.500000000000007 1.0000000180025095e-35 0.80197915434837352 107.50000000000001 1.1693813204765322 99.500000000000014 25.500000000000004 1.0000000180025095e-35 94.500000000000014
decision_type=2 2 2 2 2 2 2 2 2 2 2 2 2 2 2 2 2 2 2 2 2 2 2 2 2 2 2 2 2 2
left_child=1 2 -1 5 -5 6 7 -4 9 -8 11 -11 14 -14 15 16 17 -3 20 -20 21 22 28 -24 25 26 -25 -27 29 -16
right_child=-2 12 3 4 -6 -7 8 -9 -10 10 -12 -13 13 -15 18 -17 -18 -19 19 -21 -22 -23 23 24 -26 27 -28 -29 -30 -31
leaf_value=0.026494637571275237 -0.0031972699234962317 0.0015651591643691062 -0.050287553281015293 -0.0090902946327001827 0.016116836318897234 -0.00031110584209798964 -0.024719279142618181 -0.003266580237218967 0.0040481210109173209 0.027469207378476856 -0.025704195455648005 -0.0042002630590608258 -0.016312206988930704 0.0071412616604163009 0.0066795011869130224 0.0021279054904802587 0.0020774081389109294 -0.03377271901454558 -0.043932473634369675 0.00067073834193202451 -0.020700737665908839 -0.018104292073287068 0.031662460036575794 0.014711082105440173 0.0090626322355447809 -0.030565772456618456 -0.017122152506732023 0.0068437543203491574 -0.0053542128023174084 0.024012701027560982
leaf_weight=12.999999999999998 475 11.999999999999998 21 30 36 110 49 11.999999999999998 56 19 14.999999999999998 18 49 20 51 70 29 33 14.999999999999998 2750 25 20 12.999999999999998 43 96 25 25 13.999999999999998 17 75
leaf_count=13 475 12 21 30 36 110 49 12 56 19 15 18 49 20 51 70 29 33 15 2750 25 20 13 43 96 25 25 14 17 75
internal_value=-0.00033388 2.80444e-05 -0.00381128 -0.00496174 0.00466827 -0.00709463 -0.0109906 -0.0338395 -0.0059931 -0.0115628 0.00103419 0.0123113 0.00045981 -0.0094842 0.000670242 -0.00627084 -0.0141614 -0.0244821 0.000988077 0.00041234 0.00491339 0.00665761 0.00808842 0.00384404 0.00190752 -0.0045203 0.00290379 -0.0172576 0.0144161 0.0171185
internal_weight=4236 3761 379 366 66 300 190 33 157 101 52 37 3382 69 3313 144 74 45 3169 2765 404 379 359 216 203 107 68 39 143 126
internal_count=4236 3761 379 366 66 300 190 33 157 101 52 37 3382 69 3313 144 74 45 3169 2765 404 379 359 216 203 107 68 39 143 126
is_linear=0
shrinkage=0.035


Tree=181
num_leaves=31
num_cat=0
split_feature=0 0 12 2 62 2 0 5 3 2 2 48 5 2 0 2 5 5 2 2 8 0 0 8 3 2 8 52 2 2
split_gain=4.02763 7.36203 7.81778 7.63197 7.16347 7.03977 6.91257 7.05929 6.37511 7.16984 6.33949 6.18463 11.1759 20.3689 19.3452 7.328 8.82055 10.4521 9.12874 7.45164 15.1572 24.2956 5.9727 6.39515 5.56765 5.91013 7.93426 5.17219 10.2793 7.09382
threshold=2002.5000000000002 1984.5000000000002 1.0000000180025095e-35 76.500000000000014 1.0000000180025095e-35 90.500000000000014 1975.5000000000002 12250000.000000002 0.69154998660087597 102.50000000000001 160.50000000000003 1.0000000180025095e-35 20750000.000000004 92.500000000000014 1993.5000000000002 107.50000000000001 1974325.0000000002 5976000.0000000009 113.50000000000001 100.50000000000001 1.5000000000000002 1993.5000000000002 1986.5000000000002 3.5000000000000004 1.0438999533653261 104.50000000000001 2.5000000000000004 1.0000000180025095e-35 100.50000000000001 91.500000000000014
decision_type=2 2 2 2 2 2 2 2 2 2 2 2 2 2 2 2 2 2 2 2 2 2 2 2 2 2 2 2 2 2
left_child=1 5 3 -3 11 -1 10 -8 9 -2 -7 15 13 -13 -15 19 -17 -18 -19 22 21 -21 23 -5 -22 26 -26 29 -29 -4
right_child=8 2 27 4 -6 6 7 -9 -10 -11 -12 12 -14 14 -16 16 17 18 -20 20 24 -23 -24 -25 25 -27 -28 28 -30 -31
leaf_value=-0.006503992282931895 0.026893431699058664 0.018553176990759215 0.017234314657437307 -0.035568284646536288 -0.01218694328123565 -0.0013533986395154324 0.012070991054122179 -0.00080001177565550044 0.00084500240657212978 -0.0049478990649804476 0.017048949827551844 0.0072042511186905609 -0.0020248233331148242 -0.017170958962898865 -0.072303587567061192 0.011464394244782884 -0.021524383000563831 0.010880343947295147 -0.0028619612640013326 0.0027352031711488957 0.013149030592511685 -0.060501510435605754 -0.00091328401355376325 -0.0022404904481680954 -0.035431063627057217 -8.8790770647102524e-05 -0.0086644676766545192 -0.033620357682928446 0.0004215178537581648 0.0018585793297122609
leaf_weight=96 23 18 41 12.000000000000002 113 276 168 75 1821 12.999999999999998 24 18 84 22 11.999999999999998 86 27 80 219 13.000000000000002 15.999999999999998 15.999999999999998 444 15.999999999999998 15.999999999999998 68 75 12.999999999999998 48 301
leaf_count=96 23 18 41 12 113 276 168 75 1821 13 24 18 84 22 12 86 27 80 219 13 16 16 444 16 16 68 75 13 48 301
internal_value=-8.40293e-05 -0.00103214 -0.00220179 -0.0034746 -0.00378611 0.00218147 0.00372937 0.00810429 0.00113873 0.0155249 0.000164725 -0.0029998 -0.0100136 -0.0226037 -0.0381894 -0.00211308 0.00156089 -0.00107341 0.000833088 -0.00435383 -0.0099288 -0.0329494 -0.00192471 -0.0173181 -0.00593847 -0.00794034 -0.0137237 0.00207141 -0.00723033 0.00375184
internal_weight=4254 2397 1758 1355 1337 639 543 243 1857 36 300 1224 136 52 34 1088 412 326 299 676 204 29 472 28 175 159 91 403 61 342
internal_count=4254 2397 1758 1355 1337 639 543 243 1857 36 300 1224 136 52 34 1088 412 326 299 676 204 29 472 28 175 159 91 403 61 342
is_linear=0
shrinkage=0.035


Tree=182
num_leaves=31
num_cat=0
split_feature=4 10 52 0 0 5 10 4 4 61 4 11 10 5 4 2 21 0 53 2 60 47 5 8 8 0 0 4 2 5
split_gain=8.82571 8.10302 3.88409 5.94056 8.88987 14.6653 6.78921 5.68231 7.62642 4.99551 7.20947 5.71622 10.8241 7.17493 5.2815 5.22865 4.6828 4.49257 23.7061 7.06715 6.35041 4.56846 6.28384 4.66254 4.19961 9.47514 11.0169 16.8061 7.76936 7.51197
threshold=0.38624751567840582 3.2475490570068364 1.0000000180025095e-35 1992.5000000000002 2003.5000000000002 115000.00000000001 3.9929521083831792 0.80197915434837352 0.98080420494079601 1.0000000180025095e-35 0.80915078520774852 3.6250000000000004 3.5397225618362431 32175000.000000004 0.61812710762023937 90.500000000000014 1.0000000180025095e-35 1998.5000000000002 1.0000000180025095e-35 90.500000000000014 1.0000000180025095e-35 1.0000000180025095e-35 763500.00000000012 3.5000000000000004 2.5000000000000004 2000.5000000000002 2002.5000000000002 1.2424239516258242 144.50000000000003 8715524.0000000019
decision_type=2 2 2 2 2 2 2 2 2 2 2 2 2 2 2 2 2 2 2 2 2 2 2 2 2 2 2 2 2 2
left_child=1 -1 9 6 5 -5 -4 -6 -9 16 14 -12 -13 15 -11 -14 17 18 21 20 -19 -2 23 -23 25 29 27 -27 -28 -21
right_child=2 -3 3 4 7 -7 -8 8 -10 10 11 12 13 -15 -16 -17 -18 19 -20 24 -22 22 -24 -25 -26 26 28 -29 -30 -31
leaf_value=-0.0034717553286598272 -0.0026276343017525806 0.032879174247678174 0.0076500537425599766 -0.04075106391310692 0.019008910180891264 -0.0073610367952883652 -0.008995454982843069 -0.022069526601582765 2.9619727405571495e-05 -0.00091668444947124676 0.0040892108726128269 -0.02673964184522629 -0.016056744676083326 -0.018825760334649163 0.018130485658852072 0.0037702203754360155 0.015403934114167224 0.0047682407440475926 -0.04731117933243513 0.032705853798426679 0.029956204957686937 0.023156640917062758 0.00025661449566798507 -0.0019488889276981355 0.0012108539239375482 -0.052202570766210543 -0.0017751003208572335 0.0038210325006109019 -0.026632437258842401 -0.0035405597282716864
leaf_weight=12.000000000000002 980 18 111 17 15.999999999999998 166 40 20 213 25 415 20 17 22 59 170 22 247 12.999999999999998 15.000000000000002 11.999999999999998 27 237 12.999999999999998 885 13.000000000000002 432 11.999999999999998 14.999999999999998 11.999999999999998
leaf_count=12 980 18 111 17 16 166 40 20 213 25 415 20 17 22 59 170 22 247 13 15 12 27 237 13 885 13 432 12 15 12
internal_value=3.18185e-05 0.0186394 -0.000103599 -0.00275478 -0.00484245 -0.010677 0.00319896 -0.00052188 -0.00194603 0.00031852 0.00291189 0.00164151 -0.00278517 -0.000368125 0.012497 0.00188264 -0.000324919 -0.000449555 -0.0020125 0.000757991 0.00605271 -0.00150539 0.00245387 0.0151061 -0.000235247 -0.00280077 -0.00396966 -0.0261313 -0.00267073 0.0169827
internal_weight=4276 30 4246 583 432 183 151 249 233 3663 728 644 229 209 84 187 2935 2913 1270 1643 259 1257 277 40 1384 499 472 25 447 27
internal_count=4276 30 4246 583 432 183 151 249 233 3663 728 644 229 209 84 187 2935 2913 1270 1643 259 1257 277 40 1384 499 472 25 447 27
is_linear=0
shrinkage=0.035


Tree=183
num_leaves=31
num_cat=0
split_feature=1 20 5 47 2 2 61 47 20 8 48 5 1 1 3 2 3 2 1 5 1 10 3 2 8 2 8 2 48 11
split_gain=4.55053 7.93817 9.30261 14.8299 19.2203 7.59197 9.35582 6.11477 8.35875 7.5772 5.88248 7.05476 5.83001 8.03512 5.5132 5.43673 6.55629 4.85042 4.82992 4.76784 4.60192 6.00949 4.46828 4.04561 3.81051 4.19304 5.05883 4.70714 5.0887 5.61859
threshold=16.500000000000004 1.0000000180025095e-35 115000.00000000001 1.0000000180025095e-35 93.500000000000014 101.50000000000001 1.0000000180025095e-35 1.0000000180025095e-35 1.0000000180025095e-35 3.5000000000000004 1.0000000180025095e-35 11965000.000000002 37.500000000000007 42.500000000000007 0.47145000100135809 107.50000000000001 1.7529499530792239 149.50000000000003 7.5000000000000009 17950000.000000004 43.500000000000007 2.9309524297714238 5.5009000301361093 152.50000000000003 131.50000000000003 136.50000000000003 8.5000000000000018 127.50000000000001 1.0000000180025095e-35 3.6250000000000004
decision_type=2 2 2 2 2 2 2 2 2 2 2 2 2 2 2 2 2 2 2 2 2 2 2 2 2 2 2 2 2 2
left_child=7 2 3 4 -2 -4 -7 14 -9 10 11 18 24 19 -1 -6 -17 -16 -10 -14 -15 -22 -19 -23 25 27 -27 28 -3 -30
right_child=1 12 5 -5 15 6 -8 8 9 -11 -12 -13 13 20 17 16 -18 22 -20 -21 21 23 -24 -25 -26 26 -28 -29 29 -31
leaf_value=-0.018690934241314728 -0.059790057306985063 -0.00095268494615556555 0.013228517013136298 0.010443368337852392 -0.027688785676285625 -0.019210776544723879 0.012051951159205702 0.011155383854823293 -0.0433235064998269 -0.00040256285027181658 0.00072148302193317151 -0.0087371191470077842 0.014824464342810893 -0.016689189298285379 0.0029648119009849767 0.013992438625544308 -0.018804745490080679 -0.021696759335304561 -0.013117963471015296 -0.0061140890552196661 -0.014988737756311894 0.0014979022211084763 0.0015878234620798719 0.01507087433518221 0.0097112357957576511 -0.024125712173680466 -0.004258386149780074 0.006201494986989668 -0.0044742711016861883 -0.021468031367961448
leaf_weight=13.999999999999998 13.999999999999998 1256 31 18 19 33 17 52 14.000000000000002 312 44 77 87 17 1438 13.000000000000002 14.999999999999998 18 13.999999999999998 14.999999999999998 24 269 21 29 36 20 66 97 142 28
leaf_count=14 14 1256 31 18 19 33 17 52 14 312 44 77 87 17 1438 13 15 18 14 15 24 269 21 29 36 20 66 97 142 28
internal_value=7.08136e-05 -0.00101035 -0.00849909 -0.0169648 -0.0251187 -0.000114863 -0.00851924 0.00128331 -0.00200811 -0.00351765 -0.00998267 -0.0144492 -0.00043131 0.00313668 0.00241752 -0.0137241 -0.00355972 0.0026313 -0.0292542 0.0116988 0.000528488 0.00149177 -0.00938891 0.0028706 -0.00139022 -0.00164557 -0.00912301 -0.00121648 -0.00172629 -0.00739265
internal_weight=4250 2246 160 79 61 81 50 2004 513 461 149 105 2086 441 1491 47 28 1477 28 102 339 322 39 298 1645 1609 86 1523 1426 170
internal_count=4250 2246 160 79 61 81 50 2004 513 461 149 105 2086 441 1491 47 28 1477 28 102 339 322 39 298 1645 1609 86 1523 1426 170
is_linear=0
shrinkage=0.035


Tree=184
num_leaves=31
num_cat=0
split_feature=0 63 3 60 8 0 3 0 3 0 2 3 0 57 2 57 3 3 1 8 3 5 5 8 0 3 3 3 8 5
split_gain=3.3102 5.90563 6.58732 6.02848 6.19002 7.89831 6.3054 5.47454 10.2853 6.84709 7.70876 6.2744 5.43715 5.30567 4.78169 4.71063 3.82701 4.14456 5.01595 3.18881 3.15413 2.88407 2.83476 2.80072 2.78462 26.4599 5.23766 7.33778 18.1913 10.3718
threshold=2010.5000000000002 1.0000000180025095e-35 4.801650047302247 1.0000000180025095e-35 1.5000000000000002 2012.5000000000002 2.7218999862670903 2013.5000000000002 2.383949995040894 2011.5000000000002 92.500000000000014 6.0505998134613046 2013.5000000000002 1.0000000180025095e-35 105.50000000000001 1.0000000180025095e-35 1.4142499566078188 1.8724499940872195 3.5000000000000004 131.50000000000003 2.7218999862670903 29500000.000000004 29500000.000000004 1.5000000000000002 2008.5000000000002 1.2763999700546267 2.3021999597549443 6.0505998134613046 6.5000000000000009 4956700.0000000009
decision_type=2 2 2 2 2 2 2 2 2 2 2 2 2 2 2 2 2 2 2 2 2 2 2 2 2 2 2 2 2 2
left_child=19 7 3 4 5 -3 -7 8 9 -2 -11 13 -6 16 -12 -4 -9 18 -18 24 -10 -13 23 -22 -1 -26 -27 29 -29 -28
right_child=1 2 15 -5 12 6 -8 11 20 10 14 21 -14 -15 -16 -17 17 -19 -20 -21 22 -23 -24 -25 25 26 27 28 -30 -31
leaf_value=-0.00066450270187847253 0.030529617828720563 -0.045526978743764074 -0.00050992877155811968 0.0081097491128835839 0.0042462253130506732 0.0031621206468519045 -0.026772219522545736 -0.012581252469308676 -0.010940324321528899 -0.0083773950686678311 0.029463534689614213 0.019475432716310026 -0.022595869374962954 -0.019410508024816711 0.0056536906626583503 0.019401615702236693 0.00018192554839576287 -0.0013616288454388269 0.029178452300337637 0.0078635119446461982 0.02272690140339546 0.0046789344251275261 0.0003708782738425059 0.0048384250533842566 -0.042106575588385271 -0.010346453184425309 0.030343162766804824 -0.043287846550345427 0.0026927046219623373 0.0022302033839988766
leaf_weight=3152 29 11.999999999999998 75 19 31 15.999999999999998 17 29 19 19 21 20 11.999999999999998 20 21 17 17 159 12.000000000000002 50 14.999999999999998 77 100 36 20 56 18 12.999999999999998 42 107
leaf_count=3152 29 12 75 19 31 16 17 29 19 19 21 20 12 20 21 17 17 159 12 50 15 77 100 36 20 56 18 13 42 107
internal_value=-0.000352737 0.0016847 -0.00351721 -0.00938812 -0.0132344 -0.0221738 -0.012541 0.00343335 0.0072317 0.0167326 0.00975857 0.000458557 -0.00354812 -0.0026064 0.0180077 0.00331962 -0.000967677 0.000871608 0.0128115 -0.000820825 0.00212312 0.00791521 0.00383955 0.0104693 -0.000951019 -0.00445563 -0.00109329 0.00181706 -0.0087231 0.00650105
internal_weight=4251 793 199 107 88 45 33 594 260 90 61 334 43 237 42 92 217 188 29 3458 170 97 151 51 3408 256 236 180 55 125
internal_count=4251 793 199 107 88 45 33 594 260 90 61 334 43 237 42 92 217 188 29 3458 170 97 151 51 3408 256 236 180 55 125
is_linear=0
shrinkage=0.035


Tree=185
num_leaves=31
num_cat=0
split_feature=3 8 10 30 10 53 0 60 20 3 0 3 3 12 3 10 8 25 0 3 3 62 8 10 3 0 3 3 10 5
split_gain=7.98392 14.2972 5.94124 5.61377 4.13967 4.03814 4.51701 5.85974 5.62941 9.6583 4.90013 6.54217 6.4296 5.38345 4.16155 4.13513 6.96968 5.99192 5.80084 5.67395 6.72681 5.56824 6.51473 8.94473 4.66382 6.03349 4.50471 6.17278 4.40405 4.32293
threshold=0.64110001921653759 4.5000000000000009 4.2449998855590829 1.0000000180025095e-35 2.4895833730697636 1.0000000180025095e-35 1984.5000000000002 1.0000000180025095e-35 1.0000000180025095e-35 2.9363501071929936 1986.5000000000002 1.1475999951362612 1.8346000313758852 1.0000000180025095e-35 2.3538000583648686 3.0843495130538945 4.5000000000000009 1.0000000180025095e-35 2009.5000000000002 1.2603499889373782 1.4468499422073366 1.0000000180025095e-35 41.500000000000007 3.8009433746337895 1.1057000160217287 2000.5000000000002 1.7758499979972842 1.7529499530792239 3.6599026918411259 5976000.0000000009
decision_type=2 2 2 2 2 2 2 2 2 2 2 2 2 2 2 2 2 2 2 2 2 2 2 2 2 2 2 2 2 2
left_child=1 2 4 5 -1 6 7 8 9 -2 11 -8 -13 -14 -9 16 17 26 21 -20 -21 24 23 -23 25 -17 27 -12 -27 -28
right_child=3 -3 -4 -5 -6 -7 10 14 -10 -11 15 12 13 -15 -16 18 -18 -19 19 20 -22 22 -24 -25 -26 28 29 -29 -30 -31
leaf_value=0.0051550001725554472 0.0041627191770821819 -0.02307523763867525 -0.0033845217766861123 0.017062889841443395 0.026946358819968177 0.0086074384169569657 -0.030874381710703558 -0.01955495303772066 0.0045507322696414845 -0.032503788069559961 -0.0035917390455245854 0.011204207017431037 -0.013586286815255881 0.0059998165997474096 -0.0003278604926049917 -0.0015438668716941841 0.0040568831263898394 0.022626035686868887 0.01740690420443813 -0.02392195100738452 0.0015948485152093973 -0.025485783930139054 -0.0003085866886346291 0.0045558296696228146 -0.0013535477045789009 -0.032475723154058583 0.0072761965756389232 -0.028293090703968821 -0.0068426715959520913 -0.00087910499365936076
leaf_weight=14.999999999999998 23 11.999999999999998 13.999999999999998 23 44 66 11.999999999999998 22 552 12.999999999999998 296 24 69 22 35 45 582 11.999999999999998 26 11.999999999999998 472 45 47 15.999999999999998 1160 18 98 11.999999999999998 15.999999999999998 405
leaf_count=15 23 12 14 23 44 66 12 22 552 13 296 24 69 22 35 45 582 12 26 12 472 45 47 16 1160 18 98 12 16 405
internal_value=0.000405093 0.0109601 0.0168148 0.000184461 0.0216136 8.5213e-05 -5.58835e-05 0.00262591 0.00366962 -0.00955129 -0.000567428 -0.00728559 -0.00456413 -0.00881842 -0.00798822 -0.000303179 0.00112832 -0.000942951 -0.00138722 0.00178741 0.000910573 -0.00259092 -0.0101808 -0.0176314 -0.00192024 -0.0100985 -0.00132128 -0.00464824 -0.0210033 0.000717613
internal_weight=4208 85 73 4123 59 4100 4034 645 588 36 3389 127 115 91 57 3262 1405 823 1857 510 484 1347 108 61 1239 79 811 308 34 503
internal_count=4208 85 73 4123 59 4100 4034 645 588 36 3389 127 115 91 57 3262 1405 823 1857 510 484 1347 108 61 1239 79 811 308 34 503
is_linear=0
shrinkage=0.035


Tree=186
num_leaves=31
num_cat=0
split_feature=10 3 10 6 3 2 2 0 10 3 2 6 3 10 2 30 6 3 2 8 2 3 3 6 3 8 3 3 3 0
split_gain=4.11131 12.5333 11.1426 29.003 5.21246 4.78269 7.43234 12.7148 6.36367 6.311 5.36688 4.78088 8.19083 4.6862 4.6337 4.74854 4.46643 4.00989 3.69967 8.21085 7.08886 6.38382 5.21326 7.02161 3.50516 3.85573 3.28383 18.878 8.20199 6.941
threshold=3.3765244483947758 0.69154998660087597 3.4007576704025273 16.203439712524418 0.76764997839927684 117.50000000000001 116.50000000000001 1994.5000000000002 4.6833331584930429 1.1475999951362612 128.50000000000003 14.151987075805666 1.4785500168800356 2.4895833730697636 74.500000000000014 1.0000000180025095e-35 18.874810218811039 14.878799915313722 140.50000000000003 17.500000000000004 136.50000000000003 2.6998000144958501 2.6998000144958501 16.516849517822269 2.383949995040894 112.50000000000001 2.7218999862670903 2.7826499938964848 2.3170499801635747 2008.5000000000002
decision_type=2 2 2 2 2 2 2 2 2 2 2 2 2 2 2 2 2 2 2 2 2 2 2 2 2 2 2 2 2 2
left_child=1 13 3 -2 -3 6 8 -8 14 -10 11 12 -7 -1 -4 17 18 26 19 20 22 -20 -12 -24 -13 -26 28 -28 -16 -29
right_child=2 4 5 -5 -6 10 7 -9 9 -11 16 24 -14 -15 15 -17 -18 -19 21 -21 -22 -23 23 -25 25 -27 27 29 -30 -31
leaf_value=0.0052291417066988206 -0.062253039350876449 -0.020438093572854997 0.016283671560532908 0.00026871275901794436 0.0009823495342150229 -0.0071671242937445647 0.0069152290308131612 -0.040141983190434986 -0.0062355438731610778 0.023557333893763525 0.0031437493810095854 0.011506295385488417 0.025082259693719224 0.028768844946770483 -0.002468555137342713 0.01682315220870078 0.011600350262247958 0.010718415902869309 0.013165555935818703 0.0032787656783210962 -0.026538709249475906 -0.0023490531059796919 -0.026461050809472801 0.002472590769330661 -0.00010749482738677986 0.018947988647967581 -0.042133775549475103 -0.0064258019719604037 0.0096057629839080994 0.0019643251763908445
leaf_weight=18 11.999999999999998 12.999999999999998 15.999999999999998 30 2196 12.999999999999998 12.000000000000002 14.999999999999998 12.999999999999998 23 38 51 32 26 538 14.999999999999998 31 27 43 76 28 123 24 17 181 12.999999999999998 14.999999999999998 347 78 184
leaf_count=18 12 13 16 30 2196 13 12 15 13 23 38 51 32 26 538 15 31 27 43 76 28 123 24 17 181 13 15 347 78 184
internal_value=0.000195338 0.00122003 -0.000961027 -0.0185863 0.000846307 -0.000571776 -0.00182364 -0.0196651 -0.00142337 0.0128737 0.00182199 0.00540003 0.0157745 0.0195081 -0.00185689 -0.00211272 -0.000911044 -0.00236702 -0.00205734 -0.00547865 -0.0116878 0.00171408 -0.00613642 -0.0146493 0.00343104 0.00125107 -0.00268153 -0.00465616 -0.000923737 -0.00351697
internal_weight=4248 2253 1995 42 2209 1953 1283 27 1256 36 670 290 45 44 1220 1204 380 1189 349 183 107 166 79 41 245 194 1162 546 616 531
internal_count=4248 2253 1995 42 2209 1953 1283 27 1256 36 670 290 45 44 1220 1204 380 1189 349 183 107 166 79 41 245 194 1162 546 616 531
is_linear=0
shrinkage=0.035


Tree=187
num_leaves=31
num_cat=0
split_feature=56 0 0 0 10 0 2 10 0 10 0 0 2 10 10 6 8 10 6 8 10 2 2 3 3 0 3 10 3 63
split_gain=3.41197 4.66393 2.77219 5.02968 11.3373 11.6323 6.63129 4.90991 7.52504 6.8375 6.75224 4.12614 6.37371 4.22021 3.82876 3.76515 3.37164 3.13574 5.90784 12.0672 8.32656 6.38596 8.385 10.9692 13.8389 16.4807 10.0325 24.477 10.2648 13.8826
threshold=1.0000000180025095e-35 1949.5000000000002 1984.5000000000002 1972.5000000000002 4.0211939811706552 1975.5000000000002 156.50000000000003 4.0628955364227304 1964.5000000000002 3.963624238967896 1965.5000000000002 1979.5000000000002 137.50000000000003 2.8027777671813969 4.1370592117309579 14.890807151794435 3.5000000000000004 3.0843495130538945 14.739895820617678 1.5000000000000002 0.91666665673255932 120.50000000000001 97.500000000000014 1.8123500347137453 1.0438999533653261 1999.5000000000002 0.80965000391006481 2.4895833730697636 1.3716999888420107 1.0000000180025095e-35
decision_type=2 2 2 2 2 2 2 2 2 2 2 2 2 2 2 2 2 2 2 2 2 2 2 2 2 2 2 2 2 2
left_child=2 -2 3 6 11 -6 7 8 -1 -10 -9 12 -5 -13 -7 -15 -17 18 21 20 -20 22 26 24 -24 -26 27 -4 -28 -30
right_child=1 -3 17 4 5 14 -8 10 9 -11 -12 13 -14 15 -16 16 -18 -19 19 -21 -22 -23 23 -25 25 -27 28 -29 29 -31
leaf_value=-0.00048401334145534288 0.0081928110443628757 -0.017030313978530467 -0.040388413332899414 0.01673559638798074 -0.038235126181290699 -0.012653962698997932 0.015527303395560011 -0.00091353937080346573 -0.0088571164873070454 -0.037688782851856492 0.025173483598758196 0.013701767456576605 -0.0095937889870256199 -0.010813785577490928 0.0098451813028024686 0.015474540712237358 0.00040817028219285222 -0.00083765836633862406 0.018615094182888672 0.0019324693862927071 -0.0083128460807497945 0.02972149869806778 0.01258784460149367 0.0097102804657114156 -0.0038763509431155403 -0.043696635656016454 0.026532867922782904 0.021886872507631779 -7.4224918149411669e-06 0.039395998742717965
leaf_weight=147 11.999999999999998 29 14 96 11.999999999999998 14.999999999999998 27 42 51 11.999999999999998 15.999999999999998 46 11.999999999999998 24 21 24 68 2031 13.999999999999998 978 233 11.999999999999998 21 54 31 21 49 15 69 11.999999999999998
leaf_count=147 12 29 14 96 12 15 27 42 51 12 16 46 12 24 21 24 68 2031 14 978 233 12 21 54 31 21 49 15 69 12
internal_value=0.000337295 -0.00958697 0.000437638 0.00260936 0.00565634 -0.00985563 -0.000677286 -0.002368 -0.00486094 -0.0148793 0.00655792 0.00844668 0.0137329 0.00484918 0.00033461 0.0012366 0.00448148 6.19353e-05 0.0012625 0.000184264 -0.0067106 0.00567356 0.00455841 -0.00212985 -0.0109248 -0.0205117 0.00989147 -0.00846287 0.0140326 0.00621803
internal_weight=4208 41 4167 613 318 48 295 268 210 63 58 270 108 162 36 116 92 3554 1523 1225 247 298 286 127 73 52 159 29 130 81
internal_count=4208 41 4167 613 318 48 295 268 210 63 58 270 108 162 36 116 92 3554 1523 1225 247 298 286 127 73 52 159 29 130 81
is_linear=0
shrinkage=0.035


Tree=188
num_leaves=31
num_cat=0
split_feature=30 21 2 11 2 9 0 3 3 9 2 3 9 2 5 2 5 64 2 3 0 5 5 0 5 2 0 31 2 2
split_gain=3.93229 2.85277 6.2478 2.88822 5.80734 8.49021 11.4635 9.73785 7.0812 5.16932 5.06087 14.0758 4.85496 4.46396 7.731 5.84616 6.81548 5.62932 6.86197 3.91208 8.58583 4.01214 3.8705 3.8583 5.96724 5.38682 5.25007 11.3133 5.5262 4.835
threshold=1.0000000180025095e-35 1.0000000180025095e-35 112.50000000000001 3.3750000000000004 89.500000000000014 0.89587974548339855 2011.5000000000002 0.76764997839927684 1.4468499422073366 2.4414010047912602 91.500000000000014 1.3111499547958376 3.7012257575988774 144.50000000000003 49600000.000000007 126.50000000000001 44250000.000000007 1.0000000180025095e-35 110.50000000000001 2.5278999805450444 2006.5000000000002 951000.00000000012 152500000.00000003 1984.5000000000002 2650000.0000000005 129.50000000000003 2005.5000000000002 1.0000000180025095e-35 155.50000000000003 111.50000000000001
decision_type=2 2 2 2 2 2 2 2 2 2 2 2 2 2 2 2 2 2 2 2 2 2 2 2 2 2 2 2 2 2
left_child=1 3 -3 13 5 6 8 -7 -5 19 11 -6 -11 15 -15 17 -17 -1 -19 20 21 -9 23 24 25 -12 29 28 -28 -25
right_child=-2 2 -4 4 10 7 -8 9 -10 12 22 -13 -14 14 -16 16 -18 18 -20 -21 -22 -23 -24 26 -26 -27 27 -29 -30 -31
leaf_value=0.00051723675799676412 0.013373571443658035 0.022627361163403838 -0.0063374785228687185 0.0059721349597993238 0.035224187672552136 -0.031439376857991405 -0.044431935765345897 0.03179692732021213 -0.021079438129869794 -0.016294520775601267 -1.4905147135769035e-05 0 0.0044708735970780253 -0.027624623964747616 0.0065888199326892705 0.014668287311765282 -0.00075143939552004815 -0.0010546852226058642 -0.033868523727815888 -0.0023418228638254937 -0.009641533333808185 0.0070693168665748101 0.0084809909749630034 -0.0069945681146428513 0.0063240722154427609 -0.016732497404795141 7.1462826704894141e-07 0.030229492115974428 -0.020832106757909061 -0.0013758778486523261
leaf_weight=1843 25 19 15.999999999999998 21 17 11.999999999999998 13.999999999999998 19 25 34 152 61 22 17.000000000000004 13.999999999999998 76 64 20 11.999999999999998 44 14.999999999999998 14.999999999999998 50 366 184 27 614 13.999999999999998 14.999999999999998 387
leaf_count=1843 25 19 16 21 17 12 14 19 25 34 152 61 22 17 14 76 64 20 12 44 15 15 50 366 184 27 614 14 15 387
internal_value=-0.000194557 -0.000279122 0.00952945 -0.00036446 -0.00127365 -0.00662926 -0.0177567 -0.00238759 -0.00882826 0.000134486 -0.000642311 0.00802725 -0.00817067 0.000571592 -0.0123957 0.000778006 0.00765152 0.000260046 -0.0140663 0.00518778 0.0118957 0.0214514 -0.00102132 -0.00129708 0.00191116 -0.00262522 -0.00213334 0.000187218 -0.000525594 -0.00411485
internal_weight=4214 4189 35 4154 2108 221 60 161 46 149 1887 78 56 2046 31 2015 140 1875 32 93 49 34 1809 1759 363 179 1396 643 629 753
internal_count=4214 4189 35 4154 2108 221 60 161 46 149 1887 78 56 2046 31 2015 140 1875 32 93 49 34 1809 1759 363 179 1396 643 629 753
is_linear=0
shrinkage=0.035


end of trees

feature_importances:
tmdb_popularity=929
movie_year=910
runtime_minutes=657
budget=638
rating_count=497
rating_mean=461
log_tmdb_popularity=171
rating_median=135
lang_en=134
release_age=131
log_budget=96
genre_sci_fi=94
genre_comedy=86
log_rating_count=70
genre_children=65
genre_romance=61
genre_drama=60
genre_crime=42
genre_horror=42
genre_action=39
genre_adventure=38
lang_fr=33
genre_war=32
tag_count=30
genre_imax=26
genre_fantasy=24
genre_thriller=23
genre_documentary=22
genre_film_noir=21
lang_es=19
genre_mystery=19
lang_ja=13
genre_western=12
lang_it=11
genre_animation=9
genre_musical=6
lang_de=5
lang_zh=4
log_tag_count=3
has_budget=2

parameters:
[boosting: gbdt]
[objective: regression]
[metric: rmse]
[tree_learner: serial]
[device_type: cpu]
[data_sample_strategy: bagging]
[data: ]
[valid: ]
[num_iterations: 900]
[learning_rate: 0.035]
[num_leaves: 31]
[num_threads: 0]
[seed: 42]
[deterministic: 0]
[force_col_wise: 1]
[force_row_wise: 0]
[histogram_pool_size: -1]
[max_depth: -1]
[min_data_in_leaf: 12]
[min_sum_hessian_in_leaf: 0.001]
[bagging_fraction: 0.85]
[pos_bagging_fraction: 1]
[neg_bagging_fraction: 1]
[bagging_freq: 1]
[bagging_seed: 42]
[bagging_by_query: 0]
[feature_fraction: 0.85]
[feature_fraction_bynode: 1]
[feature_fraction_seed: 42]
[extra_trees: 0]
[extra_seed: 12879]
[early_stopping_round: 0]
[early_stopping_min_delta: 0]
[first_metric_only: 0]
[max_delta_step: 0]
[lambda_l1: 0.05]
[lambda_l2: 1]
[linear_lambda: 0]
[min_gain_to_split: 0]
[drop_rate: 0.1]
[max_drop: 50]
[skip_drop: 0.5]
[xgboost_dart_mode: 0]
[uniform_drop: 0]
[drop_seed: 17869]
[top_rate: 0.2]
[other_rate: 0.1]
[min_data_per_group: 100]
[max_cat_threshold: 32]
[cat_l2: 10]
[cat_smooth: 10]
[max_cat_to_onehot: 4]
[top_k: 20]
[monotone_constraints: ]
[monotone_constraints_method: basic]
[monotone_penalty: 0]
[feature_contri: ]
[forcedsplits_filename: ]
[refit_decay_rate: 0.9]
[cegb_tradeoff: 1]
[cegb_penalty_split: 0]
[cegb_penalty_feature_lazy: ]
[cegb_penalty_feature_coupled: ]
[path_smooth: 0]
[interaction_constraints: ]
[verbosity: -1]
[saved_feature_importance_type: 0]
[use_quantized_grad: 0]
[num_grad_quant_bins: 4]
[quant_train_renew_leaf: 0]
[stochastic_rounding: 1]
[linear_tree: 0]
[max_bin: 255]
[max_bin_by_feature: ]
[min_data_in_bin: 3]
[bin_construct_sample_cnt: 200000]
[data_random_seed: 175]
[is_enable_sparse: 1]
[enable_bundle: 1]
[use_missing: 1]
[zero_as_missing: 0]
[feature_pre_filter: 1]
[pre_partition: 0]
[two_round: 0]
[header: 0]
[label_column: ]
[weight_column: ]
[group_column: ]
[ignore_column: ]
[categorical_feature: ]
[forcedbins_filename: ]
[precise_float_parser: 0]
[parser_config_file: ]
[objective_seed: 16083]
[num_class: 1]
[is_unbalance: 0]
[scale_pos_weight: 1]
[sigmoid: 1]
[boost_from_average: 1]
[reg_sqrt: 0]
[alpha: 0.9]
[fair_c: 1]
[poisson_max_delta_step: 0.7]
[tweedie_variance_power: 1.5]
[lambdarank_truncation_level: 30]
[lambdarank_norm: 1]
[label_gain: ]
[lambdarank_position_bias_regularization: 0]
[eval_at: ]
[multi_error_top_k: 1]
[auc_mu_weights: ]
[num_machines: 1]
[local_listen_port: 12400]
[time_out: 120]
[machine_list_filename: ]
[machines: ]
[gpu_platform_id: -1]
[gpu_device_id: -1]
[gpu_use_dp: 0]
[num_gpu: 1]

end of parameters

pandas_categorical:[]
