user_id,movie_id,timestamp,tag_norm,tagged_at
2,60756,1445714994,funny,2015-10-24T19:29:54Z
2,60756,1445714996,highly quotable,2015-10-24T19:29:56Z
2,60756,1445714992,will ferrell,2015-10-24T19:29:52Z
2,89774,1445715207,boxing story,2015-10-24T19:33:27Z
2,89774,1445715200,mma,2015-10-24T19:33:20Z
2,89774,1445715205,tom hardy,2015-10-24T19:33:25Z
2,106782,1445715054,drugs,2015-10-24T19:30:54Z
2,106782,1445715051,leonardo dicaprio,2015-10-24T19:30:51Z
2,106782,1445715056,martin scorsese,2015-10-24T19:30:56Z
7,48516,1169687325,way too long,2007-01-25T01:08:45Z
18,431,1462138765,al pacino,2016-05-01T21:39:25Z
18,431,1462138749,gangster,2016-05-01T21:39:09Z
18,431,1462138755,mafia,2016-05-01T21:39:15Z
18,1221,1461699306,al pacino,2016-04-26T19:35:06Z
18,1221,1461699303,mafia,2016-04-26T19:35:03Z
18,5995,1455735472,holocaust,2016-02-17T18:57:52Z
18,5995,1455735479,true story,2016-02-17T18:57:59Z
18,44665,1456948283,twist ending,2016-03-02T19:51:23Z
18,52604,1457650696,anthony hopkins,2016-03-10T22:58:16Z
18,52604,1457650711,courtroom drama,2016-03-10T22:58:31Z
18,52604,1457650682,twist ending,2016-03-10T22:58:02Z
18,88094,1457444500,britpop,2016-03-08T13:41:40Z
18,88094,1457444592,indie record label,2016-03-08T13:43:12Z
18,88094,1457444609,music,2016-03-08T13:43:29Z
18,144210,1455060381,dumpster diving,2016-02-09T23:26:21Z
18,144210,1455060452,sustainability,2016-02-09T23:27:32Z
21,1569,1419805413,romantic comedy,2014-12-28T22:23:33Z
21,1569,1419805419,wedding,2014-12-28T22:23:39Z
21,118985,1419805477,painter,2014-12-28T22:24:37Z
21,119141,1419793962,bloody,2014-12-28T19:12:42Z
49,109487,1493093306,black hole,2017-04-25T04:08:26Z
49,109487,1493093332,sci-fi,2017-04-25T04:08:52Z
49,109487,1493093356,time-travel,2017-04-25T04:09:16Z
62,2,1528843929,fantasy,2018-06-12T22:52:09Z
62,2,1528843932,magic board game,2018-06-12T22:52:12Z
62,2,1528843907,robin williams,2018-06-12T22:51:47Z
62,110,1528152541,beautiful scenery,2018-06-04T22:49:01Z
62,110,1528152532,epic,2018-06-04T22:48:52Z
62,110,1528152523,historical,2018-06-04T22:48:43Z
62,110,1528152527,inspirational,2018-06-04T22:48:47Z
62,110,1528152528,medieval,2018-06-04T22:48:48Z
62,110,1528152521,mel gibson,2018-06-04T22:48:41Z
62,110,1528152539,oscar (best cinematography),2018-06-04T22:48:59Z
62,110,1528152531,revenge,2018-06-04T22:48:51Z
62,110,1528152535,sword fight,2018-06-04T22:48:55Z
62,410,1525636607,black comedy,2018-05-06T19:56:47Z
62,410,1525636685,christina ricci,2018-05-06T19:58:05Z
62,410,1525636622,christopher lloyd,2018-05-06T19:57:02Z
62,410,1525636610,dark comedy,2018-05-06T19:56:50Z
62,410,1525636708,family,2018-05-06T19:58:28Z
62,410,1525636609,gothic,2018-05-06T19:56:49Z
62,2023,1525636728,al pacino,2018-05-06T19:58:48Z
62,2023,1525636768,andy garcia,2018-05-06T19:59:28Z
62,2023,1525636752,classic,2018-05-06T19:59:12Z
62,2023,1525636752,francis ford coppola,2018-05-06T19:59:12Z
62,2023,1525636733,mafia,2018-05-06T19:58:53Z
62,2124,1525636847,black comedy,2018-05-06T20:00:47Z
62,2124,1525636867,christina ricci,2018-05-06T20:01:07Z
62,2124,1525636859,christopher lloyd,2018-05-06T20:00:59Z
62,2124,1525636855,family,2018-05-06T20:00:55Z
62,2124,1525636849,gothic,2018-05-06T20:00:49Z
62,2124,1525636846,quirky,2018-05-06T20:00:46Z
62,2953,1525636883,family,2018-05-06T20:01:23Z
62,2953,1525636885,funny,2018-05-06T20:01:25Z
62,2953,1525636890,macaulay culkin,2018-05-06T20:01:30Z
62,2953,1525636887,sequel,2018-05-06T20:01:27Z
62,3114,1525636903,animation,2018-05-06T20:01:43Z
62,3114,1525636902,disney,2018-05-06T20:01:42Z
62,3114,1525636913,funny,2018-05-06T20:01:53Z
62,3114,1525636917,original,2018-05-06T20:01:57Z
62,3114,1525636901,pixar,2018-05-06T20:01:41Z
62,3114,1525636910,sequel,2018-05-06T20:01:50Z
62,3114,1525636925,tom hanks,2018-05-06T20:02:05Z
62,3578,1528152504,ancient rome,2018-06-04T22:48:24Z
62,3578,1528152469,epic,2018-06-04T22:47:49Z
62,3578,1528152467,history,2018-06-04T22:47:47Z
62,3578,1528152498,imdb top 250,2018-06-04T22:48:18Z
62,3578,1528152496,revenge,2018-06-04T22:48:16Z
62,3578,1528152463,rome,2018-06-04T22:47:43Z
62,3578,1528152465,russell crowe,2018-06-04T22:47:45Z
62,4223,1528024869,ed harris,2018-06-03T11:21:09Z
62,4223,1528024854,jude law,2018-06-03T11:20:54Z
62,4223,1528024873,rachel weisz,2018-06-03T11:21:13Z
62,4223,1528024852,sniper,2018-06-03T11:20:52Z
62,4223,1528024877,world war ii,2018-06-03T11:21:17Z
62,5388,1530310809,al pacino,2018-06-29T22:20:09Z
62,5388,1530310959,atmospheric,2018-06-29T22:22:39Z
62,5388,1530310952,hilary swank,2018-06-29T22:22:32Z
62,5388,1530310811,robin williams,2018-06-29T22:20:11Z
62,6058,1525555053,sequel,2018-05-05T21:17:33Z
62,6058,1525555051,violent,2018-05-05T21:17:31Z
62,6534,1525554096,dogs,2018-05-05T21:01:36Z
62,6534,1525554086,eric bana,2018-05-05T21:01:26Z
62,6534,1525554098,mad scientist,2018-05-05T21:01:38Z
62,6534,1525554100,marvel,2018-05-05T21:01:40Z
62,6541,1525554054,captain nemo,2018-05-05T21:00:54Z
62,6541,1525554028,comic book,2018-05-05T21:00:28Z
62,6541,1525554056,gothic,2018-05-05T21:00:56Z
62,6541,1525554040,peta wilson,2018-05-05T21:00:40Z
62,6541,1525554026,sean connery,2018-05-05T21:00:26Z
62,6541,1525554051,superhero,2018-05-05T21:00:51Z
62,6564,1525554439,adventure,2018-05-05T21:07:19Z
62,6564,1525554432,angelina jolie,2018-05-05T21:07:12Z
62,6564,1525554441,heroine in tight suit,2018-05-05T21:07:21Z
62,7153,1528152558,adventure,2018-06-04T22:49:18Z
62,7153,1528152578,ensemble cast,2018-06-04T22:49:38Z
62,7153,1528152556,fantasy,2018-06-04T22:49:16Z
62,7153,1528152571,fantasy world,2018-06-04T22:49:31Z
62,7153,1528152575,great soundtrack,2018-06-04T22:49:35Z
62,7153,1528152581,lord of the rings,2018-06-04T22:49:41Z
62,7153,1528152580,scenic,2018-06-04T22:49:40Z
62,7153,1528152577,stylized,2018-06-04T22:49:37Z
62,7153,1528152561,tolkien,2018-06-04T22:49:21Z
62,8641,1526249138,hilarious,2018-05-13T22:05:38Z
62,8641,1526249156,steve carell,2018-05-13T22:05:56Z
62,8641,1526249135,will ferrell,2018-05-13T22:05:35Z
62,27660,1525554490,animation,2018-05-05T21:08:10Z
62,27660,1525554488,anime,2018-05-05T21:08:08Z
62,27660,1525554486,cyberpunk,2018-05-05T21:08:06Z
62,27660,1525554500,dark,2018-05-05T21:08:20Z
62,27660,1525554493,matrix,2018-05-05T21:08:13Z
62,27660,1525554491,sci-fi,2018-05-05T21:08:11Z
62,27706,1526248598,dark comedy,2018-05-13T21:56:38Z
62,27706,1526248575,jim carrey,2018-05-13T21:56:15Z
62,27706,1526248580,meryl streep,2018-05-13T21:56:20Z
62,27706,1526248553,quirky,2018-05-13T21:55:53Z
62,27706,1526248601,stylized,2018-05-13T21:56:41Z
62,27808,1525554900,adam sandler,2018-05-05T21:15:00Z
62,27808,1525554919,family,2018-05-05T21:15:19Z
62,27808,1525554922,sweet,2018-05-05T21:15:22Z
62,27831,1532723304,british gangster,2018-07-27T20:28:24Z
62,27831,1532723364,confusing,2018-07-27T20:29:24Z
62,27831,1532723305,daniel craig,2018-07-27T20:28:25Z
62,27831,1532723355,exquisite plotting.,2018-07-27T20:29:15Z
62,27831,1532723369,organized crime,2018-07-27T20:29:29Z
62,27831,1532723356,stylish,2018-07-27T20:29:16Z
62,27831,1532723359,tom hardy,2018-07-27T20:29:19Z
62,31658,1525869041,anime,2018-05-09T12:30:41Z
62,31658,1525869051,fantasy world,2018-05-09T12:30:51Z
62,31658,1525869046,hayao miyazaki,2018-05-09T12:30:46Z
62,31658,1525869044,studio ghibli,2018-05-09T12:30:44Z
62,33162,1525554605,david thewlis,2018-05-05T21:10:05Z
62,33162,1525554550,eva green,2018-05-05T21:09:10Z
62,33162,1525554577,liam neeson,2018-05-05T21:09:37Z
62,33162,1525554511,orlando bloom,2018-05-05T21:08:31Z
62,34150,1525554141,chris evans,2018-05-05T21:02:21Z
62,34150,1525554003,comic book,2018-05-05T21:00:03Z
62,34150,1525554138,heroine in tight suit,2018-05-05T21:02:18Z
62,34150,1525554127,jessica alba,2018-05-05T21:02:07Z
62,34150,1525554144,sexy female scientist,2018-05-05T21:02:24Z
62,34150,1525553977,superhero,2018-05-05T20:59:37Z
62,37729,1530310527,gothic,2018-06-29T22:15:27Z
62,37729,1530310534,helena bonham carter,2018-06-29T22:15:34Z
62,37729,1530310529,johnny depp,2018-06-29T22:15:29Z
62,37729,1530310526,tim burton,2018-06-29T22:15:26Z
62,37729,1530310541,visually appealing,2018-06-29T22:15:41Z
62,38061,1532723380,black comedy,2018-07-27T20:29:40Z
62,38061,1532723403,clever,2018-07-27T20:30:03Z
62,38061,1532723406,fast-paced dialogue,2018-07-27T20:30:06Z
62,38061,1532723428,good dialogue,2018-07-27T20:30:28Z
62,38061,1532723408,robert downey jr.,2018-07-27T20:30:08Z
62,38061,1532723402,witty,2018-07-27T20:30:02Z
62,45447,1525637064,adventure,2018-05-06T20:04:24Z
62,45447,1525637075,audrey tautou,2018-05-06T20:04:35Z
62,45447,1525637062,conspiracy theory,2018-05-06T20:04:22Z
62,45447,1525637081,mystery,2018-05-06T20:04:41Z
62,45447,1525637079,paris,2018-05-06T20:04:39Z
62,45447,1525637067,tom hanks,2018-05-06T20:04:27Z
62,45447,1525637084,treasure hunt,2018-05-06T20:04:44Z
62,46723,1525554217,brad pitt,2018-05-05T21:03:37Z
62,46723,1525554227,cate blanchett,2018-05-05T21:03:47Z
62,46723,1525554215,multiple storylines,2018-05-05T21:03:35Z
62,46723,1525554246,social commentary,2018-05-05T21:04:06Z
62,46972,1525554254,ben stiller,2018-05-05T21:04:14Z
62,46972,1525554255,robin williams,2018-05-05T21:04:15Z
62,46976,1536874692,emma thompson,2018-09-13T21:38:12Z
62,46976,1536874655,maggie gyllenhaal,2018-09-13T21:37:35Z
62,46976,1536874658,modern fantasy,2018-09-13T21:37:38Z
62,46976,1536874651,romance,2018-09-13T21:37:31Z
62,46976,1536874662,surreal,2018-09-13T21:37:42Z
62,46976,1536874653,will ferrell,2018-09-13T21:37:33Z
62,49130,1526582371,marion cotillard,2018-05-17T18:39:31Z
62,49530,1536874706,africa,2018-09-13T21:38:26Z
62,49530,1536874704,corruption,2018-09-13T21:38:24Z
62,49530,1536874701,jennifer connelly,2018-09-13T21:38:21Z
62,49530,1536874709,justice,2018-09-13T21:38:29Z
62,49530,1536874698,leonardo dicaprio,2018-09-13T21:38:18Z
62,53464,1525554797,bad acting,2018-05-05T21:13:17Z
62,53464,1525554811,bad jokes,2018-05-05T21:13:31Z
62,53464,1525554822,bad plot,2018-05-05T21:13:42Z
62,53464,1525554807,chris evans,2018-05-05T21:13:27Z
62,53464,1525554794,jessica alba,2018-05-05T21:13:14Z
62,53464,1525554792,marvel,2018-05-05T21:13:12Z
62,53464,1525554813,sexy female scientist,2018-05-05T21:13:33Z
62,58047,1528909364,rachel weisz,2018-06-13T17:02:44Z
62,58047,1528909347,ryan reynolds,2018-06-13T17:02:27Z
62,59501,1525637507,fantasy,2018-05-06T20:11:47Z
62,59501,1525637517,lion,2018-05-06T20:11:57Z
62,59501,1525637508,narnia,2018-05-06T20:11:48Z
62,59501,1525637603,tilda swinton,2018-05-06T20:13:23Z
62,60074,1525554116,bad script,2018-05-05T21:01:56Z
62,60074,1525554121,charlize theron,2018-05-05T21:02:01Z
62,60074,1525554107,will smith,2018-05-05T21:01:47Z
62,60126,1527004240,anne hathaway,2018-05-22T15:50:40Z
62,60126,1527004238,steve carell,2018-05-22T15:50:38Z
62,60756,1528934384,comedy,2018-06-13T23:59:44Z
62,60756,1528934381,funny,2018-06-13T23:59:41Z
62,60756,1528934379,will ferrell,2018-06-13T23:59:39Z
62,61024,1528934218,comedy,2018-06-13T23:56:58Z
62,61024,1528934214,james franco,2018-06-13T23:56:54Z
62,61024,1528934216,seth rogen,2018-06-13T23:56:56Z
62,61024,1528934219,stoner movie,2018-06-13T23:56:59Z
62,63992,1528934237,audience intelligence underestimated,2018-06-13T23:57:17Z
62,63992,1528934241,boring,2018-06-13T23:57:21Z
62,63992,1528934247,chick flick,2018-06-13T23:57:27Z
62,63992,1528934240,overrated,2018-06-13T23:57:20Z
62,63992,1528934233,teen movie,2018-06-13T23:57:13Z
62,68848,1527274305,adrien brody,2018-05-25T18:51:45Z
62,68848,1527274320,con artists,2018-05-25T18:52:00Z
62,68848,1527274322,funny,2018-05-25T18:52:02Z
62,68848,1527274324,interesting characters,2018-05-25T18:52:04Z
62,68848,1527274316,mark ruffalo,2018-05-25T18:51:56Z
62,68848,1527274311,rachel weisz,2018-05-25T18:51:51Z
62,71535,1529777198,bill murray,2018-06-23T18:06:38Z
62,71535,1529777189,dark comedy,2018-06-23T18:06:29Z
62,71535,1529777192,emma stone,2018-06-23T18:06:32Z
62,71535,1529777194,funny,2018-06-23T18:06:34Z
62,71535,1529777186,jesse eisenberg,2018-06-23T18:06:26Z
62,71535,1529777129,woody harrelson,2018-06-23T18:05:29Z
62,87430,1525555172,audience intelligence underestimated,2018-05-05T21:19:32Z
62,87430,1525555168,cgi,2018-05-05T21:19:28Z
62,87430,1525555170,cheesy,2018-05-05T21:19:30Z
62,87430,1525555164,comic book,2018-05-05T21:19:24Z
62,87430,1525555176,dc,2018-05-05T21:19:36Z
62,87430,1525555184,dc comics,2018-05-05T21:19:44Z
62,87430,1525555162,ryan reynolds,2018-05-05T21:19:22Z
62,87430,1525555182,space,2018-05-05T21:19:42Z
62,87430,1525555181,superhero,2018-05-05T21:19:41Z
62,88405,1525554879,comedy,2018-05-05T21:14:39Z
62,88405,1525554868,funny,2018-05-05T21:14:28Z
62,88405,1525554872,happy ending,2018-05-05T21:14:32Z
62,88405,1525554880,hot actress,2018-05-05T21:14:40Z
62,88405,1525554873,justin timberlake,2018-05-05T21:14:33Z
62,88405,1525554861,mila kunis,2018-05-05T21:14:21Z
62,88405,1525554866,new york city,2018-05-05T21:14:26Z
62,88405,1525554883,romance,2018-05-05T21:14:43Z
62,88405,1525554864,sex,2018-05-05T21:14:24Z
62,96861,1529611262,istanbul,2018-06-21T20:01:02Z
62,96861,1529611250,liam neeson,2018-06-21T20:00:50Z
62,96861,1529611266,predictable,2018-06-21T20:01:06Z
62,96861,1529611256,turkey,2018-06-21T20:00:56Z
62,96861,1529611269,unnecessary sequel,2018-06-21T20:01:09Z
62,99114,1526078792,action,2018-05-11T22:46:32Z
62,99114,1526078766,christoph waltz,2018-05-11T22:46:06Z
62,99114,1526078778,funny,2018-05-11T22:46:18Z
62,99114,1526078785,good soundtrack,2018-05-11T22:46:25Z
62,99114,1526078768,great performances,2018-05-11T22:46:08Z
62,99114,1526078787,humour,2018-05-11T22:46:27Z
62,99114,1526078762,leonardo dicaprio,2018-05-11T22:46:02Z
62,99114,1526078760,quentin tarantino,2018-05-11T22:46:00Z
62,99114,1526078763,samuel l. jackson,2018-05-11T22:46:03Z
62,99114,1526078781,soundtrack,2018-05-11T22:46:21Z
62,99114,1526078773,western,2018-05-11T22:46:13Z
62,103042,1525555328,amy adams,2018-05-05T21:22:08Z
62,103042,1525555319,superhero,2018-05-05T21:21:59Z
62,104863,1528843968,daniel radcliffe,2018-06-12T22:52:48Z
62,104863,1528843965,zoe kazan,2018-06-12T22:52:45Z
62,107348,1528935011,comedy,2018-06-14T00:10:11Z
62,107348,1528935000,steve carell,2018-06-14T00:10:00Z
62,107348,1528935013,stupid but funny,2018-06-14T00:10:13Z
62,107348,1528935002,will ferrell,2018-06-14T00:10:02Z
62,108190,1525554841,anti-intellectual,2018-05-05T21:14:01Z
62,108190,1525554835,bad writing,2018-05-05T21:13:55Z
62,108190,1525554830,dystopia,2018-05-05T21:13:50Z
62,108190,1525554832,new society,2018-05-05T21:13:52Z
62,108190,1525554845,plot holes,2018-05-05T21:14:05Z
62,108190,1525554847,predictable,2018-05-05T21:14:07Z
62,108190,1525554839,scifi,2018-05-05T21:13:59Z
62,108190,1525554843,unintelligent,2018-05-05T21:14:03Z
62,111743,1530471420,charlize theron,2018-07-01T18:57:00Z
62,111743,1530471434,liam neeson,2018-07-01T18:57:14Z
62,111743,1530471419,seth macfarlane,2018-07-01T18:56:59Z
62,111743,1530471417,witty,2018-07-01T18:56:57Z
62,114180,1525554460,action,2018-05-05T21:07:40Z
62,114180,1525554450,dystopia,2018-05-05T21:07:30Z
62,114180,1525554454,plot holes,2018-05-05T21:07:34Z
62,114180,1525554458,post-apocalyptic,2018-05-05T21:07:38Z
62,114180,1525554456,survival,2018-05-05T21:07:36Z
62,114180,1525554471,thriller,2018-05-05T21:07:51Z
62,114180,1525554473,unexplained,2018-05-05T21:07:53Z
62,114180,1525554463,weak plot,2018-05-05T21:07:43Z
62,115149,1528152251,dark hero,2018-06-04T22:44:11Z
62,115149,1528152257,gun-fu,2018-06-04T22:44:17Z
62,115149,1528152244,keanu reeves,2018-06-04T22:44:04Z
62,115149,1528152241,revenge,2018-06-04T22:44:01Z
62,115149,1528152258,secret society,2018-06-04T22:44:18Z
62,115149,1528152247,stylish,2018-06-04T22:44:07Z
62,116897,1528152849,black comedy,2018-06-04T22:54:09Z
62,116897,1528152859,dark comedy,2018-06-04T22:54:19Z
62,116897,1528152847,dark humor,2018-06-04T22:54:07Z
62,116897,1528152854,ironic,2018-06-04T22:54:14Z
62,116897,1528152862,multiple short stories,2018-06-04T22:54:22Z
62,116897,1528152852,short stories,2018-06-04T22:54:12Z
62,119141,1525555146,bromance,2018-05-05T21:19:06Z
62,119141,1525555138,comedy,2018-05-05T21:18:58Z
62,119141,1525555129,funny,2018-05-05T21:18:49Z
62,119141,1525555132,james franco,2018-05-05T21:18:52Z
62,119141,1525555127,seth rogen,2018-05-05T21:18:47Z
62,122912,1526029023,comic book,2018-05-11T08:57:03Z
62,122912,1526029001,dr. strange,2018-05-11T08:56:41Z
62,122912,1526029025,great villain,2018-05-11T08:57:05Z
62,122912,1526029015,guardians of the galaxy,2018-05-11T08:56:55Z
62,122912,1526028997,marvel,2018-05-11T08:56:37Z
62,122912,1526028983,mcu,2018-05-11T08:56:23Z
62,122912,1526028991,robert downey jr.,2018-05-11T08:56:31Z
62,122912,1526028985,thanos,2018-05-11T08:56:25Z
62,122912,1526029010,thor,2018-05-11T08:56:50Z
62,122912,1526028994,visually stunning,2018-05-11T08:56:34Z
62,128360,1526078910,characters,2018-05-11T22:48:30Z
62,128360,1526078902,dialogue,2018-05-11T22:48:22Z
62,128360,1526078901,humor,2018-05-11T22:48:21Z
62,128360,1526078886,kurt russell,2018-05-11T22:48:06Z
62,128360,1526078877,quentin tarantino,2018-05-11T22:47:57Z
62,128360,1526078883,samuel l. jackson,2018-05-11T22:48:03Z
62,128360,1526078880,tension building,2018-05-11T22:48:00Z
62,128360,1526078912,violent,2018-05-11T22:48:32Z
62,128360,1526078899,western,2018-05-11T22:48:19Z
62,135133,1525637480,dystopia,2018-05-06T20:11:20Z
62,135133,1525637484,jennifer lawrence,2018-05-06T20:11:24Z
62,135133,1525637487,love story,2018-05-06T20:11:27Z
62,135133,1525637488,nonsense,2018-05-06T20:11:28Z
62,135133,1525637499,politics,2018-05-06T20:11:39Z
62,135133,1525637483,rebellion,2018-05-06T20:11:23Z
62,135133,1525637481,revolution,2018-05-06T20:11:21Z
62,135518,1530471365,ben kingsley,2018-07-01T18:56:05Z
62,135518,1530471346,ethics,2018-07-01T18:55:46Z
62,135518,1530471343,immortality,2018-07-01T18:55:43Z
62,135518,1530471352,ryan reynolds,2018-07-01T18:55:52Z
62,135536,1525555090,bad story,2018-05-05T21:18:10Z
62,135536,1525555084,bad writing,2018-05-05T21:18:04Z
62,135536,1525555077,batman,2018-05-05T21:17:57Z
62,135536,1525555106,ben affleck,2018-05-05T21:18:26Z
62,135536,1525555092,comic book,2018-05-05T21:18:12Z
62,135536,1525555080,dc comics,2018-05-05T21:18:00Z
62,135536,1525555089,good soundtrack,2018-05-05T21:18:09Z
62,135536,1525555079,harley quinn,2018-05-05T21:17:59Z
62,135536,1525555094,harley quinn's ass,2018-05-05T21:18:14Z
62,135536,1525555099,horrible directing,2018-05-05T21:18:19Z
62,135536,1525555072,jared leto,2018-05-05T21:17:52Z
62,135536,1525555074,joker,2018-05-05T21:17:54Z
62,135536,1525555069,lack of plot,2018-05-05T21:17:49Z
62,135536,1525555073,margot robbie,2018-05-05T21:17:53Z
62,135536,1525555087,poor story,2018-05-05T21:18:07Z
62,135536,1525555083,poorly paced,2018-05-05T21:18:03Z
62,135536,1525555103,superhero,2018-05-05T21:18:23Z
62,135536,1525555109,visually appealing,2018-05-05T21:18:29Z
62,135536,1525555076,will smith,2018-05-05T21:17:56Z
62,136864,1525555242,action,2018-05-05T21:20:42Z
62,136864,1525555211,batman,2018-05-05T21:20:11Z
62,136864,1525555223,ben affleck,2018-05-05T21:20:23Z
62,136864,1525555227,dark,2018-05-05T21:20:27Z
62,136864,1525555225,dc comics,2018-05-05T21:20:25Z
62,136864,1525555240,gal gadot,2018-05-05T21:20:40Z
62,136864,1525555243,superhero,2018-05-05T21:20:43Z
62,136864,1525555213,superman,2018-05-05T21:20:13Z
62,136864,1525555233,wonderwoman,2018-05-05T21:20:33Z
62,139385,1526079025,leonardo dicarpio,2018-05-11T22:50:25Z
62,139385,1526079019,survival,2018-05-11T22:50:19Z
62,139385,1526079029,tom hardy,2018-05-11T22:50:29Z
62,139385,1526079038,visually appealing,2018-05-11T22:50:38Z
62,158966,1526076353,building a family,2018-05-11T22:05:53Z
62,158966,1526076341,creative,2018-05-11T22:05:41Z
62,158966,1526076339,freedom,2018-05-11T22:05:39Z
62,158966,1526076350,good writing,2018-05-11T22:05:50Z
62,158966,1526076344,individualism,2018-05-11T22:05:44Z
62,158966,1526076342,viggo mortensen,2018-05-11T22:05:42Z
62,168248,1528152295,action,2018-06-04T22:44:55Z
62,168248,1528152291,dark hero,2018-06-04T22:44:51Z
62,168248,1528152287,gun tactics,2018-06-04T22:44:47Z
62,168248,1528152293,hitman,2018-06-04T22:44:53Z
62,168248,1528152284,keanu reeves,2018-06-04T22:44:44Z
62,168248,1528152289,organized crime,2018-06-04T22:44:49Z
62,168248,1528152282,secret society,2018-06-04T22:44:42Z
62,179401,1528934538,action,2018-06-14T00:02:18Z
62,179401,1528934534,comedy,2018-06-14T00:02:14Z
62,179401,1528934540,dwayne johnson,2018-06-14T00:02:20Z
62,179401,1528934536,funny,2018-06-14T00:02:16Z
62,183611,1526244689,comedy,2018-05-13T20:51:29Z
62,183611,1526244688,funny,2018-05-13T20:51:28Z
62,183611,1526244709,rachel mcadams,2018-05-13T20:51:49Z
62,184471,1528024900,adventure,2018-06-03T11:21:40Z
62,184471,1528024914,alicia vikander,2018-06-03T11:21:54Z
62,184471,1528024898,video game adaptation,2018-06-03T11:21:38Z
62,187593,1527274096,josh brolin,2018-05-25T18:48:16Z
62,187593,1527274092,ryan reynolds,2018-05-25T18:48:12Z
62,187593,1527274090,sarcasm,2018-05-25T18:48:10Z
62,187595,1528934560,emilia clarke,2018-06-14T00:02:40Z
62,187595,1528934552,star wars,2018-06-14T00:02:32Z
63,260,1443199698,classic,2015-09-25T16:48:18Z
63,260,1443199710,space action,2015-09-25T16:48:30Z
76,260,1439165594,action,2015-08-10T00:13:14Z
76,260,1439165588,sci-fi,2015-08-10T00:13:08Z
103,260,1431954312,epic,2015-05-18T13:05:12Z
103,260,1431954337,great soundtrack,2015-05-18T13:05:37Z
103,296,1431954555,good dialogue,2015-05-18T13:09:15Z
103,296,1431954555,great soundtrack,2015-05-18T13:09:15Z
103,296,1431954555,non-linear,2015-05-18T13:09:15Z
106,4896,1467566944,everything you want is here,2016-07-03T17:29:04Z
106,106489,1467566979,adventure,2016-07-03T17:29:39Z
112,260,1442535682,classic sci-fi,2015-09-18T00:21:22Z
112,260,1442535673,engrossing adventure,2015-09-18T00:21:13Z
112,260,1442535666,epic,2015-09-18T00:21:06Z
119,260,1435942530,classic,2015-07-03T16:55:30Z
119,260,1435942520,nerd,2015-07-03T16:55:20Z
119,101142,1436563067,animation,2015-07-10T21:17:47Z
119,101142,1436563067,funny,2015-07-10T21:17:47Z
119,101142,1436563067,stone age,2015-07-10T21:17:47Z
119,115149,1437763143,action,2015-07-24T18:39:03Z
119,115149,1437763143,killer,2015-07-24T18:39:03Z
119,115149,1437763143,widows/widowers,2015-07-24T18:39:03Z
119,115617,1435944890,animation,2015-07-03T17:34:50Z
119,115617,1435944890,kids,2015-07-03T17:34:50Z
119,115617,1435944890,robots,2015-07-03T17:34:50Z
119,120635,1438439306,action,2015-08-01T14:28:26Z
119,120635,1438439306,murder,2015-08-01T14:28:26Z
119,120635,1438439306,police,2015-08-01T14:28:26Z
125,1726,1474483317,kevin costner,2016-09-21T18:41:57Z
125,1726,1474483320,post apocalyptic,2016-09-21T18:42:00Z
125,2387,1474382225,dark comedy,2016-09-20T14:37:05Z
125,2387,1474382223,dark humor,2016-09-20T14:37:03Z
125,3052,1474592072,irreverent,2016-09-23T00:54:32Z
125,3052,1474592004,jay and silent bob,2016-09-23T00:53:24Z
125,3052,1474592000,kevin smith,2016-09-23T00:53:20Z
125,3052,1474591997,satire,2016-09-23T00:53:17Z
125,5088,1474592207,irreverent,2016-09-23T00:56:47Z
125,7022,1474381749,based on a book,2016-09-20T14:29:09Z
125,7022,1474381755,bloody,2016-09-20T14:29:15Z
125,7022,1474381612,brutal,2016-09-20T14:26:52Z
125,7022,1474381812,controversial,2016-09-20T14:30:12Z
125,7022,1474381779,dystopia,2016-09-20T14:29:39Z
125,7022,1474381786,goretastic,2016-09-20T14:29:46Z
125,7022,1474381739,satire,2016-09-20T14:28:59Z
125,7022,1474381788,social commentary,2016-09-20T14:29:48Z
125,7022,1474381609,survival,2016-09-20T14:26:49Z
125,7022,1474381745,violence,2016-09-20T14:29:05Z
125,7254,1474381441,alternate reality,2016-09-20T14:24:01Z
125,7254,1474381448,sci-fi,2016-09-20T14:24:08Z
125,7254,1474381455,science fiction,2016-09-20T14:24:15Z
125,7254,1474381439,time travel,2016-09-20T14:23:59Z
125,8957,1474382001,brutal,2016-09-20T14:33:21Z
125,8957,1474382019,clever,2016-09-20T14:33:39Z
125,8957,1474382015,disturbing,2016-09-20T14:33:35Z
125,8957,1474381987,great ending,2016-09-20T14:33:07Z
125,8957,1474381982,mindfuck,2016-09-20T14:33:02Z
125,8957,1474381973,surprise ending,2016-09-20T14:32:53Z
125,8957,1474381994,suspense,2016-09-20T14:33:14Z
125,9010,1474381529,cruel characters,2016-09-20T14:25:29Z
125,42632,1474381492,brutality,2016-09-20T14:24:52Z
125,58301,1474381561,dark humor,2016-09-20T14:26:01Z
125,60950,1474591817,threesome,2016-09-23T00:50:17Z
125,62434,1474592476,seth rogen,2016-09-23T01:01:16Z
125,62434,1474592473,sexual humor,2016-09-23T01:01:13Z
125,67695,1474382123,seth rogen,2016-09-20T14:35:23Z
125,100083,1474377075,embarassing scenes,2016-09-20T13:11:15Z
125,100083,1474377060,offensive,2016-09-20T13:11:00Z
125,100083,1474377035,r language,2016-09-20T13:10:35Z
125,100083,1474377015,sarcasm,2016-09-20T13:10:15Z
125,100083,1474381901,satire,2016-09-20T14:31:41Z
125,156371,1474469700,80's,2016-09-21T14:55:00Z
125,158872,1474382035,crude humor,2016-09-20T14:33:55Z
125,158872,1474382087,mindfuck,2016-09-20T14:34:47Z
125,158872,1474382053,sarcasm,2016-09-20T14:34:13Z
125,158872,1474382047,satire,2016-09-20T14:34:07Z
125,158872,1474382100,vulgar,2016-09-20T14:35:00Z
132,3556,1163148016,sofia coppola,2006-11-10T08:40:16Z
132,6323,1161800041,john cusack,2006-10-25T18:14:01Z
132,6367,1161799885,ewan mcgregor,2006-10-25T18:11:25Z
132,6367,1161799951,renee zellweger,2006-10-25T18:12:31Z
138,59103,1222676394,jackie chan,2008-09-29T08:19:54Z
138,59103,1222676405,kung fu,2008-09-29T08:20:05Z
161,52287,1176498861,something for everyone in this one... saw it without and plan on seeing it with kids!,2007-04-13T21:14:21Z
166,293,1188774484,assassin,2007-09-02T23:08:04Z
166,293,1188774487,jean reno,2007-09-02T23:08:07Z
166,54286,1188774519,assassin,2007-09-02T23:08:39Z
166,54286,1188774517,assassin-in-training (scene),2007-09-02T23:08:37Z
166,54286,1188774515,espionage,2007-09-02T23:08:35Z
166,54286,1188774524,robert ludlum,2007-09-02T23:08:44Z
167,104,1154718872,test tag,2006-08-04T19:14:32Z
177,115617,1435523876,feel-good,2015-06-28T20:37:56Z
177,115617,1435523876,fun family movie,2015-06-28T20:37:56Z
177,115617,1435523876,very funny,2015-06-28T20:37:56Z
184,2579,1537094307,black and white,2018-09-16T10:38:27Z
184,2579,1537094326,christopher nolan,2018-09-16T10:38:46Z
184,2579,1537094323,directorial debut,2018-09-16T10:38:43Z
184,2579,1537094375,mindfuck,2018-09-16T10:39:35Z
184,2579,1537094318,not linear,2018-09-16T10:38:38Z
184,2579,1537094309,twist ending,2018-09-16T10:38:29Z
184,3793,1537094381,action,2018-09-16T10:39:41Z
184,3793,1537094359,comic book,2018-09-16T10:39:19Z
184,3793,1537094370,hugh jackman,2018-09-16T10:39:30Z
184,3793,1537094366,marvel,2018-09-16T10:39:26Z
184,3793,1537094354,superhero,2018-09-16T10:39:14Z
184,4226,1537094453,dark,2018-09-16T10:40:53Z
184,4226,1537094464,mindfuck,2018-09-16T10:41:04Z
184,4226,1537094445,nonlinear,2018-09-16T10:40:45Z
184,4226,1537094448,psychology,2018-09-16T10:40:48Z
184,4226,1537094447,twist ending,2018-09-16T10:40:47Z
184,4896,1537094576,alan rickman,2018-09-16T10:42:56Z
184,4896,1537094544,harry potter,2018-09-16T10:42:24Z
184,4896,1537094550,humorous,2018-09-16T10:42:30Z
184,4896,1537094530,magic,2018-09-16T10:42:10Z
184,5388,1537094680,atmospheric,2018-09-16T10:44:40Z
184,5388,1537094688,insomnia,2018-09-16T10:44:48Z
184,5388,1537094685,thought-provoking,2018-09-16T10:44:45Z
184,6283,1537094506,amazing artwork,2018-09-16T10:41:46Z
184,6283,1537094487,anime,2018-09-16T10:41:27Z
184,6283,1537094503,sci-fi,2018-09-16T10:41:43Z
184,27156,1537094261,anime,2018-09-16T10:37:41Z
184,27156,1537094269,end of the world,2018-09-16T10:37:49Z
184,27156,1537094270,epic,2018-09-16T10:37:50Z
184,27156,1537094278,mecha,2018-09-16T10:37:58Z
184,27156,1537094263,psychology,2018-09-16T10:37:43Z
184,193565,1537098582,anime,2018-09-16T11:49:42Z
184,193565,1537098587,comedy,2018-09-16T11:49:47Z
184,193565,1537098603,gintama,2018-09-16T11:50:03Z
184,193565,1537098592,remaster,2018-09-16T11:49:52Z
193,260,1435856940,classic sci-fi,2015-07-02T17:09:00Z
193,260,1435856955,space action,2015-07-02T17:09:15Z
193,260,1435856950,space epic,2015-07-02T17:09:10Z
193,4878,1435857150,atmospheric,2015-07-02T17:12:30Z
193,4878,1435857131,cult film,2015-07-02T17:12:11Z
193,4878,1435857139,dreamlike,2015-07-02T17:12:19Z
193,4878,1435857144,hallucinatory,2015-07-02T17:12:24Z
193,4878,1435857147,psychological,2015-07-02T17:12:27Z
193,4878,1435857128,surreal,2015-07-02T17:12:08Z
193,4878,1435857135,time travel,2015-07-02T17:12:15Z
193,7147,1435857017,dreamlike,2015-07-02T17:10:17Z
193,7147,1435857038,sentimental,2015-07-02T17:10:38Z
193,7147,1435857020,surreal,2015-07-02T17:10:20Z
193,7147,1435857024,tim burton,2015-07-02T17:10:24Z
193,7361,1435857168,alternate reality,2015-07-02T17:12:48Z
193,7361,1435857171,memory,2015-07-02T17:12:51Z
193,7361,1435857163,thought-provoking,2015-07-02T17:12:43Z
193,97938,1435857101,cinematography,2015-07-02T17:11:41Z
193,97938,1435857092,india,2015-07-02T17:11:32Z
193,97938,1435857076,surreal,2015-07-02T17:11:16Z
205,260,1519899101,oldie but goodie,2018-03-01T10:11:41Z
205,260,1519899078,sci-fi,2018-03-01T10:11:18Z
205,260,1519899108,star wars,2018-03-01T10:11:48Z
226,6938,1160681362,big wave,2006-10-12T19:29:22Z
226,6938,1160681362,surfing,2006-10-12T19:29:22Z
226,48780,1161615435,ummarti2006,2006-10-23T14:57:15Z
256,126548,1447532592,funny,2015-11-14T20:23:12Z
256,126548,1447532575,high school,2015-11-14T20:22:55Z
274,68319,1241762577,comic book,2009-05-08T06:02:57Z
288,7020,1150988077,notable nudity,2006-06-22T14:54:37Z
289,3,1143424860,moldy,2006-03-27T02:01:00Z
289,3,1143424860,old,2006-03-27T02:01:00Z
289,527,1143424895,moving,2006-03-27T02:01:35Z
289,1101,1143424846,predictable,2006-03-27T02:00:46Z
291,50872,1453051551,a clever chef rat,2016-01-17T17:25:51Z
291,50872,1453051559,inspirational,2016-01-17T17:25:59Z
291,102007,1453135047,animation,2016-01-18T16:37:27Z
291,118696,1453135079,hope,2016-01-18T16:37:59Z
300,6711,1425352343,atmospheric,2015-03-03T03:12:23Z
305,4034,1462919721,drugs,2016-05-10T22:35:21Z
305,4995,1464428783,mathematics,2016-05-28T09:46:23Z
305,6502,1525274359,zombies,2018-05-02T15:19:19Z
305,6953,1462398032,depressing,2016-05-04T21:40:32Z
305,8641,1520707078,stupid,2018-03-10T18:37:58Z
305,34405,1520284921,predictable,2018-03-05T21:22:01Z
305,55721,1462919777,favelas,2016-05-10T22:36:17Z
305,83134,1518811477,black comedy,2018-02-16T20:04:37Z
318,778,1266408710,based on a book,2010-02-17T12:11:50Z
318,778,1266408707,dark comedy,2010-02-17T12:11:47Z
318,778,1266408703,narrated,2010-02-17T12:11:43Z
318,4612,1416086512,reciprocal spectator,2014-11-15T21:21:52Z
318,4708,1416086490,reciprocal spectator,2014-11-15T21:21:30Z
318,6400,1315333136,documentary,2011-09-06T18:18:56Z
318,30892,1240158590,animation,2009-04-19T16:29:50Z
318,30892,1240158551,documentary,2009-04-19T16:29:11Z
318,30892,1240158560,henry darger,2009-04-19T16:29:20Z
318,48698,1276006189,the catholic church is the most corrupt organization in history,2010-06-08T14:09:49Z
318,64034,1242160404,childish naivity,2009-05-12T20:33:24Z
318,64034,1242160427,friendship,2009-05-12T20:33:47Z
318,68954,1266408634,adventure,2010-02-17T12:10:34Z
318,68954,1266408641,bechdel test:fail,2010-02-17T12:10:41Z
318,68954,1266408638,cartoon,2010-02-17T12:10:38Z
318,68954,1266408643,children,2010-02-17T12:10:43Z
318,68954,1266408645,computer animation,2010-02-17T12:10:45Z
318,68954,1266408656,divorce,2010-02-17T12:10:56Z
318,68954,1266408658,dogs,2010-02-17T12:10:58Z
318,68954,1266408662,dreams,2010-02-17T12:11:02Z
318,68954,1266408675,pixar,2010-02-17T12:11:15Z
318,71494,1426783741,narrative pisstake,2015-03-19T16:49:01Z
318,81158,1299452954,american idolatry,2011-03-06T23:09:14Z
318,82459,1300485463,atmospheric,2011-03-18T21:57:43Z
318,82459,1300485477,coen brothers,2011-03-18T21:57:57Z
318,82459,1300485479,jeff bridges,2011-03-18T21:57:59Z
318,82459,1300485480,matt damon,2011-03-18T21:58:00Z
318,82459,1300485405,predictable,2011-03-18T21:56:45Z
318,90769,1422524320,celebrity fetishism,2015-01-29T09:38:40Z
318,90769,1422524320,mediacentralism,2015-01-29T09:38:40Z
318,90769,1422524320,system holism,2015-01-29T09:38:40Z
318,96084,1421145735,city politics,2015-01-13T10:42:15Z
318,96084,1421145735,italy,2015-01-13T10:42:15Z
318,96084,1421145735,political right versus left,2015-01-13T10:42:15Z
318,111364,1414693918,creature feature,2014-10-30T18:31:58Z
318,118784,1420400992,documentary,2015-01-04T19:49:52Z
318,118784,1420400992,music industry,2015-01-04T19:49:52Z
318,118784,1420400992,remix culture,2015-01-04T19:49:52Z
318,127172,1423222565,film history,2015-02-06T11:36:05Z
318,127172,1423222565,poetic,2015-02-06T11:36:05Z
318,127172,1423222565,representation of children,2015-02-06T11:36:05Z
319,364,1461351898,disney,2016-04-22T19:04:58Z
319,364,1461351908,disney animated feature,2016-04-22T19:05:08Z
319,364,1461351919,oscar (best music - original score),2016-04-22T19:05:19Z
327,1288,1234790068,music,2009-02-16T13:14:28Z
327,1923,1234789755,ben stiller,2009-02-16T13:09:15Z
327,2616,1234789098,comic book,2009-02-16T12:58:18Z
327,3481,1234788257,music,2009-02-16T12:44:17Z
327,3897,1234788979,music,2009-02-16T12:56:19Z
327,8641,1234789177,awesome,2009-02-16T12:59:37Z
327,51255,1234789115,british comedy,2009-02-16T12:58:35Z
336,1,1139045764,pixar,2006-02-04T09:36:04Z
336,153,1139045840,superhero,2006-02-04T09:37:20Z
336,552,1139045825,knights,2006-02-04T09:37:05Z
336,1246,1139046768,highschool,2006-02-04T09:52:48Z
336,32587,1139046748,cult,2006-02-04T09:52:28Z
336,33660,1139046203,boksdrama,2006-02-04T09:43:23Z
336,34162,1139046811,stiller,2006-02-04T09:53:31Z
336,36529,1139046289,wapendrama,2006-02-04T09:44:49Z
336,37729,1139047294,animation,2006-02-04T10:01:34Z
336,38798,1139047262,sisters,2006-02-04T10:01:02Z
341,260,1439750956,robots and androids,2015-08-16T18:49:16Z
341,260,1439750961,space,2015-08-16T18:49:21Z
356,2146,1229142995,post-college,2008-12-13T04:36:35Z
356,37384,1229142458,restaurant,2008-12-13T04:27:38Z
356,40955,1229140689,transvestite,2008-12-13T03:58:09Z
356,44889,1229140863,satire,2008-12-13T04:01:03Z
356,61323,1228073481,dark comedy,2008-11-30T19:31:21Z
357,39,1348627867,chick flick,2012-09-26T02:51:07Z
357,39,1348627869,funny,2012-09-26T02:51:09Z
357,39,1348627871,paul rudd,2012-09-26T02:51:11Z
357,39,1348627873,quotable,2012-09-26T02:51:13Z
357,39,1348627878,seen more than once,2012-09-26T02:51:18Z
357,1059,1348627235,amazing cinematography,2012-09-26T02:40:35Z
357,1059,1348627233,leonardo dicaprio,2012-09-26T02:40:33Z
357,1059,1348627264,shakespeare,2012-09-26T02:41:04Z
357,1059,1348627243,updated classics,2012-09-26T02:40:43Z
357,2762,1348626902,atmospheric,2012-09-26T02:35:02Z
357,2762,1348626919,bruce willis,2012-09-26T02:35:19Z
357,2762,1348626904,ghosts,2012-09-26T02:35:04Z
357,2762,1348626908,imdb top 250,2012-09-26T02:35:08Z
357,2762,1348626910,mindfuck,2012-09-26T02:35:10Z
357,2762,1348626915,stylized,2012-09-26T02:35:15Z
357,2762,1348626913,twist ending,2012-09-26T02:35:13Z
357,4370,1348628642,android(s)/cyborg(s),2012-09-26T03:04:02Z
357,4370,1348628638,artificial intelligence,2012-09-26T03:03:58Z
357,4370,1348628628,bittersweet,2012-09-26T03:03:48Z
357,4370,1348628635,steven spielberg,2012-09-26T03:03:55Z
357,5464,1348627174,cinematography,2012-09-26T02:39:34Z
357,5464,1348627179,tom hanks,2012-09-26T02:39:39Z
357,7078,1348628505,bette davis,2012-09-26T03:01:45Z
357,7078,1348628502,oscar (best actress),2012-09-26T03:01:42Z
357,7444,1348627960,mark ruffalo,2012-09-26T02:52:40Z
357,7451,1348627907,clever,2012-09-26T02:51:47Z
357,7451,1348627902,high school,2012-09-26T02:51:42Z
357,7451,1348627909,lesbian subtext,2012-09-26T02:51:49Z
357,48516,1348627149,leonardo dicaprio,2012-09-26T02:39:09Z
357,48516,1348627152,suspense,2012-09-26T02:39:12Z
357,48516,1348627154,twist ending,2012-09-26T02:39:14Z
357,48516,1348627156,undercover cop,2012-09-26T02:39:16Z
357,54997,1348627195,christian bale,2012-09-26T02:39:55Z
357,55290,1348627116,casey affleck,2012-09-26T02:38:36Z
357,55290,1348627127,great performances,2012-09-26T02:38:47Z
357,55290,1348627131,twist,2012-09-26T02:38:51Z
357,91500,1348626941,ending,2012-09-26T02:35:41Z
357,91529,1348626758,anne hathaway,2012-09-26T02:32:38Z
357,91529,1348626755,christian bale,2012-09-26T02:32:35Z
357,91529,1348626760,christopher nolan,2012-09-26T02:32:40Z
357,91529,1348626775,comic book,2012-09-26T02:32:55Z
357,91529,1348626779,great ending,2012-09-26T02:32:59Z
357,91529,1348626766,morgan freeman,2012-09-26T02:32:46Z
357,91529,1348626786,political commentary,2012-09-26T02:33:06Z
357,91529,1348626790,superhero,2012-09-26T02:33:10Z
419,98961,1362867327,afghanistan,2013-03-09T22:15:27Z
419,98961,1362867290,american propaganda,2013-03-09T22:14:50Z
419,98961,1362867308,assassination,2013-03-09T22:15:08Z
419,98961,1362867315,military,2013-03-09T22:15:15Z
419,98961,1362867303,terrorism,2013-03-09T22:15:03Z
424,32,1457901872,time travel,2016-03-13T20:44:32Z
424,47,1457842470,mystery,2016-03-13T04:14:30Z
424,47,1457842458,twist ending,2016-03-13T04:14:18Z
424,50,1457842328,mindfuck,2016-03-13T04:12:08Z
424,50,1457842315,suspense,2016-03-13T04:11:55Z
424,50,1457842332,thriller,2016-03-13T04:12:12Z
424,50,1457842340,tricky,2016-03-13T04:12:20Z
424,50,1457842306,twist ending,2016-03-13T04:11:46Z
424,147,1457901627,addiction,2016-03-13T20:40:27Z
424,147,1457901631,heroin,2016-03-13T20:40:31Z
424,147,1457901625,leonardo dicaprio,2016-03-13T20:40:25Z
424,147,1457901624,mark wahlberg,2016-03-13T20:40:24Z
424,175,1457901665,controversial,2016-03-13T20:41:05Z
424,175,1457901671,new york city,2016-03-13T20:41:11Z
424,175,1457901668,nudity (full frontal),2016-03-13T20:41:08Z
424,223,1457844066,cynical,2016-03-13T04:41:06Z
424,223,1457844086,hilarious,2016-03-13T04:41:26Z
424,223,1457844084,independent film,2016-03-13T04:41:24Z
424,223,1457844073,quirky,2016-03-13T04:41:13Z
424,223,1457844080,witty,2016-03-13T04:41:20Z
424,260,1457900772,classic sci-fi,2016-03-13T20:26:12Z
424,260,1457900766,sci-fi,2016-03-13T20:26:06Z
424,260,1457900770,space adventure,2016-03-13T20:26:10Z
424,260,1457900775,star wars,2016-03-13T20:26:15Z
424,288,1457846184,brutality,2016-03-13T05:16:24Z
424,288,1457846195,controversial,2016-03-13T05:16:35Z
424,288,1457846180,dark comedy,2016-03-13T05:16:20Z
424,288,1457846191,psychedelic,2016-03-13T05:16:31Z
424,288,1457846198,satire,2016-03-13T05:16:38Z
424,288,1457846189,stylized,2016-03-13T05:16:29Z
424,296,1457844546,cult film,2016-03-13T04:49:06Z
424,296,1457844550,drugs,2016-03-13T04:49:10Z
424,296,1457844541,quentin tarantino,2016-03-13T04:49:01Z
424,296,1457844557,tarantino,2016-03-13T04:49:17Z
424,364,1457845497,soundtrack,2016-03-13T05:04:57Z
424,527,1457901041,thought-provoking,2016-03-13T20:30:41Z
424,541,1457900918,sci-fi,2016-03-13T20:28:38Z
424,589,1457844854,apocalypse,2016-03-13T04:54:14Z
424,589,1457844841,arnold schwarzenegger,2016-03-13T04:54:01Z
424,589,1457844861,nuclear war,2016-03-13T04:54:21Z
424,589,1457844847,sci-fi,2016-03-13T04:54:07Z
424,589,1457844864,suspense,2016-03-13T04:54:24Z
424,589,1457844843,time travel,2016-03-13T04:54:03Z
424,608,1457900882,based on a true story,2016-03-13T20:28:02Z
424,608,1457900870,dark comedy,2016-03-13T20:27:50Z
424,608,1457900877,kidnapping,2016-03-13T20:27:57Z
424,608,1457900865,steve buscemi,2016-03-13T20:27:45Z
424,628,1457843774,edward norton,2016-03-13T04:36:14Z
424,628,1457843776,psychology,2016-03-13T04:36:16Z
424,628,1457843782,suspense,2016-03-13T04:36:22Z
424,628,1457843780,thought-provoking,2016-03-13T04:36:20Z
424,628,1457843771,twist ending,2016-03-13T04:36:11Z
424,1089,1457844739,ensemble cast,2016-03-13T04:52:19Z
424,1089,1457844742,nonlinear,2016-03-13T04:52:22Z
424,1089,1457844729,quentin tarantino,2016-03-13T04:52:09Z
424,1089,1457844737,stylized,2016-03-13T04:52:17Z
424,1120,1457845558,freedom of expression,2016-03-13T05:05:58Z
424,1136,1457901498,british comedy,2016-03-13T20:38:18Z
424,1136,1457901496,monty python,2016-03-13T20:38:16Z
424,1193,1457843688,emotional,2016-03-13T04:34:48Z
424,1193,1457843684,jack nicholson,2016-03-13T04:34:44Z
424,1198,1457901129,adventure,2016-03-13T20:32:09Z
424,1198,1457901464,archaeology,2016-03-13T20:37:44Z
424,1198,1457901132,indiana jones,2016-03-13T20:32:12Z
424,1198,1457901466,steven spielberg,2016-03-13T20:37:46Z
424,1198,1457901471,treasure hunt,2016-03-13T20:37:51Z
424,1200,1457901258,action,2016-03-13T20:34:18Z
424,1200,1457901252,aliens,2016-03-13T20:34:12Z
424,1200,1457901265,horror,2016-03-13T20:34:25Z
424,1200,1457901245,sci-fi,2016-03-13T20:34:05Z
424,1200,1457901261,space,2016-03-13T20:34:21Z
424,1200,1457901274,space craft,2016-03-13T20:34:34Z
424,1200,1457901269,space travel,2016-03-13T20:34:29Z
424,1200,1457901256,suspense,2016-03-13T20:34:16Z
424,1219,1457902455,alfred hitchcock,2016-03-13T20:54:15Z
424,1219,1457902459,psychology,2016-03-13T20:54:19Z
424,1219,1457902452,suspenseful,2016-03-13T20:54:12Z
424,1219,1457902461,tense,2016-03-13T20:54:21Z
424,1240,1457901308,action,2016-03-13T20:35:08Z
424,1240,1457901313,artificial intelligence,2016-03-13T20:35:13Z
424,1240,1457901305,robots,2016-03-13T20:35:05Z
424,1240,1457901302,sci-fi,2016-03-13T20:35:02Z
424,1240,1457901322,special effects,2016-03-13T20:35:22Z
424,1240,1457901319,tense,2016-03-13T20:35:19Z
424,1240,1457901300,time travel,2016-03-13T20:35:00Z
424,1258,1457843344,atmospheric,2016-03-13T04:29:04Z
424,1258,1457843347,disturbing,2016-03-13T04:29:07Z
424,1258,1457843352,horror,2016-03-13T04:29:12Z
424,1258,1457843340,jack nicholson,2016-03-13T04:29:00Z
424,1258,1457843354,masterpiece,2016-03-13T04:29:14Z
424,1258,1457843342,psychological,2016-03-13T04:29:02Z
424,1258,1457843338,stanley kubrick,2016-03-13T04:28:58Z
424,1258,1457843361,suspense,2016-03-13T04:29:21Z
424,1343,1457846257,horror,2016-03-13T05:17:37Z
424,1343,1457846244,juliette lewis,2016-03-13T05:17:24Z
424,1343,1457846252,martin scorsese,2016-03-13T05:17:32Z
424,1343,1457846254,robert de niro,2016-03-13T05:17:34Z
424,1625,1457845252,mindfuck,2016-03-13T05:00:52Z
424,1625,1457845249,mystery,2016-03-13T05:00:49Z
424,1625,1457845255,plot twist,2016-03-13T05:00:55Z
424,1625,1457845247,psychological,2016-03-13T05:00:47Z
424,1625,1457845258,suspense,2016-03-13T05:00:58Z
424,1625,1457845244,twist ending,2016-03-13T05:00:44Z
424,1704,1457844971,inspirational,2016-03-13T04:56:11Z
424,1921,1457902516,hallucinatory,2016-03-13T20:55:16Z
424,1921,1457902477,mental illness,2016-03-13T20:54:37Z
424,1921,1457902518,mindfuck,2016-03-13T20:55:18Z
424,1921,1457902521,paranoid,2016-03-13T20:55:21Z
424,1923,1457846503,ben stiller,2016-03-13T05:21:43Z
424,1923,1457846506,crude humor,2016-03-13T05:21:46Z
424,1923,1457846511,goofy,2016-03-13T05:21:51Z
424,2160,1457843300,atmospheric,2016-03-13T04:28:20Z
424,2160,1457843317,creepy,2016-03-13T04:28:37Z
424,2160,1457843298,paranoia,2016-03-13T04:28:18Z
424,2160,1457843295,scary,2016-03-13T04:28:15Z
424,2160,1457843308,suspense,2016-03-13T04:28:28Z
424,2296,1457846704,snl,2016-03-13T05:25:04Z
424,2329,1457843729,thought-provoking,2016-03-13T04:35:29Z
424,2505,1457902180,nicolas cage,2016-03-13T20:49:40Z
424,2571,1457842912,martial arts,2016-03-13T04:21:52Z
424,2571,1457842899,sci-fi,2016-03-13T04:21:39Z
424,2700,1457844390,adult humor,2016-03-13T04:46:30Z
424,2700,1457844399,controversial,2016-03-13T04:46:39Z
424,2700,1457844397,crude humor,2016-03-13T04:46:37Z
424,2700,1457844402,free speech,2016-03-13T04:46:42Z
424,2700,1457844393,parody,2016-03-13T04:46:33Z
424,2700,1457844392,satire,2016-03-13T04:46:32Z
424,2700,1457844407,south park,2016-03-13T04:46:47Z
424,2700,1457844412,trey parker,2016-03-13T04:46:52Z
424,2959,1457842797,dark comedy,2016-03-13T04:19:57Z
424,2959,1457842802,psychology,2016-03-13T04:20:02Z
424,2959,1457842786,thought-provoking,2016-03-13T04:19:46Z
424,2959,1457842777,twist ending,2016-03-13T04:19:37Z
424,3176,1457845042,based on a book,2016-03-13T04:57:22Z
424,3176,1457845033,creepy,2016-03-13T04:57:13Z
424,3176,1457845029,disturbing,2016-03-13T04:57:09Z
424,3176,1457845026,jude law,2016-03-13T04:57:06Z
424,3176,1457845038,murder,2016-03-13T04:57:18Z
424,3176,1457845036,obsession,2016-03-13T04:57:16Z
424,3176,1457845023,psychology,2016-03-13T04:57:03Z
424,3176,1457845045,secrets,2016-03-13T04:57:25Z
424,3176,1457845031,serial killer,2016-03-13T04:57:11Z
424,3176,1457845041,suspense,2016-03-13T04:57:21Z
424,3186,1457846005,asylum,2016-03-13T05:13:25Z
424,3186,1457846002,based on a true story,2016-03-13T05:13:22Z
424,3186,1457846009,brittany murphy,2016-03-13T05:13:29Z
424,3186,1457846012,mental hospital,2016-03-13T05:13:32Z
424,3186,1457845994,psychology,2016-03-13T05:13:14Z
424,3186,1457845998,winona ryder,2016-03-13T05:13:18Z
424,3499,1457846281,claustrophobic,2016-03-13T05:18:01Z
424,3499,1457846287,horror,2016-03-13T05:18:07Z
424,3499,1457846295,scary,2016-03-13T05:18:15Z
424,3499,1457846291,stephen king,2016-03-13T05:18:11Z
424,3499,1457846279,suspenseful,2016-03-13T05:17:59Z
424,3499,1457846283,tense,2016-03-13T05:18:03Z
424,3499,1457846285,thriller,2016-03-13T05:18:05Z
424,3527,1457901283,aliens,2016-03-13T20:34:43Z
424,3527,1457901285,sci-fi,2016-03-13T20:34:45Z
424,3527,1457901288,scifi cult,2016-03-13T20:34:48Z
424,3911,1457844176,satire,2016-03-13T04:42:56Z
424,3948,1457846488,comedy,2016-03-13T05:21:28Z
424,3948,1457846484,robert de niro,2016-03-13T05:21:24Z
424,4226,1457842983,mystery,2016-03-13T04:23:03Z
424,4226,1457842979,psychological,2016-03-13T04:22:59Z
424,4226,1457842977,twist ending,2016-03-13T04:22:57Z
424,4262,1457900965,al pacino,2016-03-13T20:29:25Z
424,4816,1457846960,ben stiller,2016-03-13T05:29:20Z
424,4816,1457846970,comedy,2016-03-13T05:29:30Z
424,4816,1457846952,david bowie,2016-03-13T05:29:12Z
424,4816,1457846949,goofy,2016-03-13T05:29:09Z
424,4816,1457846956,mindless one liners,2016-03-13T05:29:16Z
424,4816,1457846959,will ferrell,2016-03-13T05:29:19Z
424,4878,1457901910,jake gyllenhaal,2016-03-13T20:45:10Z
424,4993,1457901156,fantasy,2016-03-13T20:32:36Z
424,4993,1457901162,high fantasy,2016-03-13T20:32:42Z
424,4993,1457901158,magic,2016-03-13T20:32:38Z
424,4993,1457901174,mythology,2016-03-13T20:32:54Z
424,4993,1457901165,tolkien,2016-03-13T20:32:45Z
424,4993,1457901168,wizards,2016-03-13T20:32:48Z
424,5291,1457845331,black and white,2016-03-13T05:02:11Z
424,5291,1457845338,samurai,2016-03-13T05:02:18Z
424,6016,1457900999,multiple storylines,2016-03-13T20:29:59Z
424,6016,1457901005,true story,2016-03-13T20:30:05Z
424,6188,1457846098,comedy,2016-03-13T05:14:58Z
424,6188,1457846100,will ferrell,2016-03-13T05:15:00Z
424,6290,1457902367,rob zombie,2016-03-13T20:52:47Z
424,7361,1457901740,jim carrey,2016-03-13T20:42:20Z
424,8641,1457846537,comedy,2016-03-13T05:22:17Z
424,8641,1457846533,will ferrell,2016-03-13T05:22:13Z
424,8950,1457842841,christian bale,2016-03-13T04:20:41Z
424,8950,1457842847,creepy,2016-03-13T04:20:47Z
424,8950,1457842857,powerful ending,2016-03-13T04:20:57Z
424,8950,1457842844,psychology,2016-03-13T04:20:44Z
424,8950,1457842854,schizophrenia,2016-03-13T04:20:54Z
424,8950,1457842837,twist ending,2016-03-13T04:20:37Z
424,27020,1457901575,drugs,2016-03-13T20:39:35Z
424,27020,1457901570,lesbian,2016-03-13T20:39:30Z
424,30825,1457846573,ben stiller,2016-03-13T05:22:53Z
424,30825,1457846569,robert de niro,2016-03-13T05:22:49Z
424,34323,1457902355,rob zombie,2016-03-13T20:52:35Z
424,40278,1457846443,jake gyllenhaal,2016-03-13T05:20:43Z
424,40278,1457846449,modern war,2016-03-13T05:20:49Z
424,48516,1457843188,atmospheric,2016-03-13T04:26:28Z
424,48516,1457843173,jack nicholson,2016-03-13T04:26:13Z
424,48516,1457843178,leonardo dicaprio,2016-03-13T04:26:18Z
424,48516,1457843176,martin scorsese,2016-03-13T04:26:16Z
424,48516,1457843184,suspense,2016-03-13T04:26:24Z
424,53127,1457923334,based on a play,2016-03-14T02:42:14Z
424,53127,1457923313,conspiracy theory,2016-03-14T02:41:53Z
424,53127,1457923337,creepy,2016-03-14T02:42:17Z
424,53127,1457923284,insanity,2016-03-14T02:41:24Z
424,53127,1457923318,paranoia,2016-03-14T02:41:58Z
424,53127,1457923256,ptsd,2016-03-14T02:40:56Z
424,60756,1457846127,funny,2016-03-13T05:15:27Z
424,60756,1457846129,will ferrell,2016-03-13T05:15:29Z
424,66097,1457844468,claymation,2016-03-13T04:47:48Z
424,66097,1457844484,creepy,2016-03-13T04:48:04Z
424,66097,1457844475,dark,2016-03-13T04:47:55Z
424,66097,1457844498,dark fairy tale,2016-03-13T04:48:18Z
424,66097,1457844481,surreal,2016-03-13T04:48:01Z
424,66097,1457844494,tim burton,2016-03-13T04:48:14Z
424,68157,1457844667,black comedy,2016-03-13T04:51:07Z
424,68157,1457844663,brad pitt,2016-03-13T04:51:03Z
424,68157,1457844660,christoph waltz,2016-03-13T04:51:00Z
424,68157,1457844652,quentin tarantino,2016-03-13T04:50:52Z
424,68157,1457844670,satire,2016-03-13T04:51:10Z
424,74458,1457843102,insanity,2016-03-13T04:25:02Z
424,74458,1457843110,leonardo dicaprio,2016-03-13T04:25:10Z
424,74458,1457843107,martin scorsese,2016-03-13T04:25:07Z
424,74458,1457843104,plot twist,2016-03-13T04:25:04Z
424,74458,1457843098,psychological,2016-03-13T04:24:58Z
424,74458,1457843113,psychological thriller,2016-03-13T04:25:13Z
424,74458,1457843122,thought-provoking,2016-03-13T04:25:22Z
424,79132,1457844927,action,2016-03-13T04:55:27Z
424,79132,1457844911,alternate reality,2016-03-13T04:55:11Z
424,79132,1457844916,leonardo dicaprio,2016-03-13T04:55:16Z
424,79132,1457844903,sci-fi,2016-03-13T04:55:03Z
424,79132,1457844920,thought-provoking,2016-03-13T04:55:20Z
424,79132,1457844914,visually appealing,2016-03-13T04:55:14Z
424,81562,1457901404,stranded,2016-03-13T20:36:44Z
424,81591,1457845684,alter ego,2016-03-13T05:08:04Z
424,81591,1457845658,atmospheric,2016-03-13T05:07:38Z
424,81591,1457845668,creepy,2016-03-13T05:07:48Z
424,81591,1457845670,horror,2016-03-13T05:07:50Z
424,81591,1457845677,obsession,2016-03-13T05:07:57Z
424,81591,1457845661,surreal,2016-03-13T05:07:41Z
424,102903,1457845623,illusions,2016-03-13T05:07:03Z
424,102903,1457845593,overcomplicated,2016-03-13T05:06:33Z
424,102903,1457845596,predictable,2016-03-13T05:06:36Z
424,102903,1457845587,stupid ending,2016-03-13T05:06:27Z
424,104879,1457846360,absorbing,2016-03-13T05:19:20Z
424,104879,1457846358,acting,2016-03-13T05:19:18Z
424,104879,1457846366,atmospheric,2016-03-13T05:19:26Z
424,104879,1457846364,hugh jackman,2016-03-13T05:19:24Z
424,104879,1457846355,jake gyllenhaal,2016-03-13T05:19:15Z
424,104879,1457846368,morality,2016-03-13T05:19:28Z
424,104879,1457846378,mystery,2016-03-13T05:19:38Z
424,104879,1457846362,thriller,2016-03-13T05:19:22Z
424,106100,1457845924,jared leto,2016-03-13T05:12:04Z
424,106100,1457845921,social commentary,2016-03-13T05:12:01Z
424,106100,1457845933,uplifting,2016-03-13T05:12:13Z
424,106489,1457901210,fantasy,2016-03-13T20:33:30Z
424,106489,1457901214,tolkien,2016-03-13T20:33:34Z
424,106489,1457901201,too long,2016-03-13T20:33:21Z
424,109487,1457901805,christopher nolan,2016-03-13T20:43:25Z
424,109487,1457901808,sci-fi,2016-03-13T20:43:28Z
424,109487,1457901811,time-travel,2016-03-13T20:43:31Z
424,112515,1457843258,atmospheric,2016-03-13T04:27:38Z
424,112515,1457843256,dark,2016-03-13T04:27:36Z
424,112515,1457843228,metaphorical,2016-03-13T04:27:08Z
424,112515,1457843261,psychological,2016-03-13T04:27:41Z
424,112556,1457845088,annoying,2016-03-13T04:58:08Z
424,112556,1457845155,stupid ending,2016-03-13T04:59:15Z
435,750,1366676044,dark comedy,2013-04-23T00:14:04Z
435,2959,1366676088,dark comedy,2013-04-23T00:14:48Z
435,58559,1366676040,psychology,2013-04-23T00:14:00Z
435,58559,1366676054,superhero,2013-04-23T00:14:14Z
439,5952,1436944038,myth,2015-07-15T07:07:18Z
439,98809,1436944128,action,2015-07-15T07:08:48Z
439,98809,1436944141,myth,2015-07-15T07:09:01Z
462,152711,1478489688,cambodia,2016-11-07T03:34:48Z
462,152711,1478489709,crime,2016-11-07T03:35:09Z
462,152711,1478489696,human rights,2016-11-07T03:34:56Z
462,152711,1478489701,murder,2016-11-07T03:35:01Z
462,152711,1478489713,procedural,2016-11-07T03:35:13Z
474,1,1137206825,pixar,2006-01-14T02:47:05Z
474,2,1137375552,game,2006-01-16T01:39:12Z
474,5,1137373903,pregnancy,2006-01-16T01:11:43Z
474,5,1137373903,remake,2006-01-16T01:11:43Z
474,7,1137375642,remake,2006-01-16T01:40:42Z
474,11,1137374904,politics,2006-01-16T01:28:24Z
474,11,1137374904,president,2006-01-16T01:28:24Z
474,14,1137375623,politics,2006-01-16T01:40:23Z
474,14,1137375623,president,2006-01-16T01:40:23Z
474,16,1137181640,mafia,2006-01-13T19:47:20Z
474,17,1137181153,jane austen,2006-01-13T19:39:13Z
474,21,1137206178,hollywood,2006-01-14T02:36:18Z
474,22,1137375496,serial killer,2006-01-16T01:38:16Z
474,25,1138137555,alcoholism,2006-01-24T21:19:15Z
474,26,1138137603,shakespeare,2006-01-24T21:20:03Z
474,28,1137201942,in netflix queue,2006-01-14T01:25:42Z
474,28,1137180037,jane austen,2006-01-13T19:20:37Z
474,29,1138137473,kidnapping,2006-01-24T21:17:53Z
474,31,1137375502,high school,2006-01-16T01:38:22Z
474,31,1137375502,teacher,2006-01-16T01:38:22Z
474,32,1137206826,time travel,2006-01-14T02:47:06Z
474,34,1137180956,animal movie,2006-01-13T19:35:56Z
474,34,1137205237,pigs,2006-01-14T02:20:37Z
474,36,1137202363,death penalty,2006-01-14T01:32:43Z
474,36,1137191227,nun,2006-01-13T22:27:07Z
474,38,1137373760,twins,2006-01-16T01:09:20Z
474,39,1138137492,emma,2006-01-24T21:18:12Z
474,39,1138137492,jane austen,2006-01-24T21:18:12Z
474,40,1137202107,in netflix queue,2006-01-14T01:28:27Z
474,40,1137202107,south africa,2006-01-14T01:28:27Z
474,41,1138137646,shakespeare,2006-01-24T21:20:46Z
474,43,1138137640,england,2006-01-24T21:20:40Z
474,45,1137206826,journalism,2006-01-14T02:47:06Z
474,46,1137375539,wedding,2006-01-16T01:38:59Z
474,47,1137206452,serial killer,2006-01-14T02:40:52Z
474,50,1137206826,heist,2006-01-14T02:47:06Z
474,52,1137206315,adoption,2006-01-14T02:38:35Z
474,52,1137206371,prostitution,2006-01-14T02:39:31Z
474,58,1138137613,writing,2006-01-24T21:20:13Z
474,62,1137374957,music,2006-01-16T01:29:17Z
474,92,1138137574,jekyll and hyde,2006-01-24T21:19:34Z
474,96,1138137537,theater,2006-01-24T21:18:57Z
474,101,1138137460,crime,2006-01-24T21:17:40Z
474,104,1137374014,golf,2006-01-16T01:13:34Z
474,107,1137375573,muppets,2006-01-16T01:39:33Z
474,110,1137180974,scotland,2006-01-13T19:36:14Z
474,111,1137206513,assassination,2006-01-14T02:41:53Z
474,116,1138040398,holocaust,2006-01-23T18:19:58Z
474,122,1137373679,dating,2006-01-16T01:07:59Z
474,140,1137375031,journalism,2006-01-16T01:30:31Z
474,150,1137205234,moon,2006-01-14T02:20:34Z
474,150,1137180977,nasa,2006-01-13T19:36:17Z
474,150,1137205233,space,2006-01-14T02:20:33Z
474,153,1137375453,superhero,2006-01-16T01:37:33Z
474,160,1137373726,michael crichton,2006-01-16T01:08:46Z
474,161,1138137497,submarine,2006-01-24T21:18:17Z
474,162,1137202038,in netflix queue,2006-01-14T01:27:18Z
474,185,1137375604,computers,2006-01-16T01:40:04Z
474,199,1137203124,made me cry,2006-01-14T01:45:24Z
474,215,1138040410,generation x,2006-01-23T18:20:10Z
474,216,1137373675,school,2006-01-16T01:07:55Z
474,222,1137181644,ireland,2006-01-13T19:47:24Z
474,223,1138137480,generation x,2006-01-24T21:18:00Z
474,224,1138137516,mental illness,2006-01-24T21:18:36Z
474,224,1138137516,psychology,2006-01-24T21:18:36Z
474,230,1138137506,stephen king,2006-01-24T21:18:26Z
474,232,1137201027,in netflix queue,2006-01-14T01:10:27Z
474,235,1137181651,movie business,2006-01-13T19:47:31Z
474,237,1138137528,basketball,2006-01-24T21:18:48Z
474,237,1138137528,france,2006-01-24T21:18:48Z
474,237,1138137528,infertility,2006-01-24T21:18:48Z
474,246,1137784780,basketball,2006-01-20T19:19:40Z
474,247,1137181666,australia,2006-01-13T19:47:46Z
474,249,1137181672,beethoven,2006-01-13T19:47:52Z
474,252,1137374021,einstein,2006-01-16T01:13:41Z
474,257,1137375555,court,2006-01-16T01:39:15Z
474,260,1137206494,darth vader,2006-01-14T02:41:34Z
474,260,1137206496,luke skywalker,2006-01-14T02:41:36Z
474,260,1137206504,space opera,2006-01-14T02:41:44Z
474,261,1137181688,louisa may alcott,2006-01-13T19:48:08Z
474,262,1137206203,england,2006-01-14T02:36:43Z
474,262,1137206203,girl power,2006-01-14T02:36:43Z
474,262,1137206203,india,2006-01-14T02:36:43Z
474,272,1138137566,england,2006-01-24T21:19:26Z
474,272,1138137566,mental illness,2006-01-24T21:19:26Z
474,277,1137374027,christmas,2006-01-16T01:13:47Z
474,279,1137202159,in netflix queue,2006-01-14T01:29:19Z
474,280,1137375585,prison,2006-01-16T01:39:45Z
474,282,1137375594,disability,2006-01-16T01:39:54Z
474,282,1137375594,twins,2006-01-16T01:39:54Z
474,290,1137201907,in netflix queue,2006-01-14T01:25:07Z
474,293,1138137619,hit men,2006-01-24T21:20:19Z
474,296,1137205001,hit men,2006-01-14T02:16:41Z
474,300,1137206376,tv,2006-01-14T02:39:36Z
474,307,1137203087,death,2006-01-14T01:44:47Z
474,308,1137206827,marriage,2006-01-14T02:47:07Z
474,316,1138137673,time travel,2006-01-24T21:21:13Z
474,317,1137374047,christmas,2006-01-16T01:14:07Z
474,318,1137205060,prison,2006-01-14T02:17:40Z
474,318,1137181171,stephen king,2006-01-13T19:39:31Z
474,318,1137205064,wrongful imprisonment,2006-01-14T02:17:44Z
474,326,1137201797,in netflix queue,2006-01-14T01:23:17Z
474,329,1137206491,enterprise,2006-01-14T02:41:31Z
474,337,1137206828,mental illness,2006-01-14T02:47:08Z
474,338,1137375662,serial killer,2006-01-16T01:41:02Z
474,339,1138137781,coma,2006-01-24T21:23:01Z
474,342,1138137593,australia,2006-01-24T21:19:53Z
474,342,1138137593,weddings,2006-01-24T21:19:53Z
474,345,1138040381,cross dressing,2006-01-23T18:19:41Z
474,345,1138040381,men in drag,2006-01-23T18:19:41Z
474,345,1138040381,remade,2006-01-23T18:19:41Z
474,349,1137180961,tom clancy,2006-01-13T19:36:01Z
474,350,1137375482,john grisham,2006-01-16T01:38:02Z
474,351,1137374008,interracial romance,2006-01-16T01:13:28Z
474,356,1137375519,shrimp,2006-01-16T01:38:39Z
474,356,1137375519,vietnam,2006-01-16T01:38:39Z
474,357,1137375527,wedding,2006-01-16T01:38:47Z
474,361,1138137551,gambling,2006-01-24T21:19:11Z
474,363,1137202123,holocaust,2006-01-14T01:28:43Z
474,363,1137202123,in netflix queue,2006-01-14T01:28:43Z
474,364,1137180959,disney,2006-01-13T19:35:59Z
474,371,1137375629,journalism,2006-01-16T01:40:29Z
474,377,1137206476,bus,2006-01-14T02:41:16Z
474,380,1137206826,spies,2006-01-14T02:47:06Z
474,381,1137375043,alcoholism,2006-01-16T01:30:43Z
474,412,1137181633,edith wharton,2006-01-13T19:47:13Z
474,421,1138040415,horses,2006-01-23T18:20:15Z
474,425,1138040434,mental illness,2006-01-23T18:20:34Z
474,425,1138040434,oscar (best actress),2006-01-23T18:20:34Z
474,440,1137191329,president,2006-01-13T22:28:49Z
474,454,1137181658,john grisham,2006-01-13T19:47:38Z
474,457,1137784717,based on a tv show,2006-01-20T19:18:37Z
474,471,1137375547,hula hoop,2006-01-16T01:39:07Z
474,474,1138137543,assassination,2006-01-24T21:19:03Z
474,475,1137181677,ireland,2006-01-13T19:47:57Z
474,477,1138137776,biopic,2006-01-24T21:22:56Z
474,480,1137202921,dinosaur,2006-01-14T01:42:01Z
474,488,1137375570,japan,2006-01-16T01:39:30Z
474,488,1137375570,sexuality,2006-01-16T01:39:30Z
474,497,1137181143,shakespeare,2006-01-13T19:39:03Z
474,500,1137374959,cross dressing,2006-01-16T01:29:19Z
474,500,1137374961,divorce,2006-01-16T01:29:21Z
474,500,1137374967,men in drag,2006-01-16T01:29:27Z
474,508,1137375634,aids,2006-01-16T01:40:34Z
474,513,1138137637,radio,2006-01-24T21:20:37Z
474,513,1138137637,show business,2006-01-24T21:20:37Z
474,515,1137202599,butler,2006-01-14T01:36:39Z
474,515,1137202599,housekeeper,2006-01-14T01:36:39Z
474,516,1137374250,military,2006-01-16T01:17:30Z
474,522,1138137660,australia,2006-01-24T21:21:00Z
474,522,1138137660,racism,2006-01-24T21:21:00Z
474,522,1138137660,violence,2006-01-24T21:21:00Z
474,524,1137375002,football,2006-01-16T01:30:02Z
474,527,1137180970,holocaust,2006-01-13T19:36:10Z
474,529,1137181705,chess,2006-01-13T19:48:25Z
474,531,1137201896,in netflix queue,2006-01-14T01:24:56Z
474,534,1137181163,c.s. lewis,2006-01-13T19:39:23Z
474,535,1137206471,large cast,2006-01-14T02:41:11Z
474,538,1138137665,race,2006-01-24T21:21:05Z
474,539,1137203041,empire state building,2006-01-14T01:44:01Z
474,541,1137375464,robots,2006-01-16T01:37:44Z
474,543,1137203057,beat poetry,2006-01-14T01:44:17Z
474,551,1137375615,christmas,2006-01-16T01:40:15Z
474,551,1137375615,halloween,2006-01-16T01:40:15Z
474,556,1137375666,politics,2006-01-16T01:41:06Z
474,562,1137206827,adolescence,2006-01-14T02:47:07Z
474,586,1137374182,christmas,2006-01-16T01:16:22Z
474,587,1137180951,overrated,2006-01-13T19:35:51Z
474,588,1137180971,disney,2006-01-13T19:36:11Z
474,589,1137206517,robots,2006-01-14T02:41:57Z
474,590,1137180976,american indians,2006-01-13T19:36:16Z
474,590,1137180976,native americans,2006-01-13T19:36:16Z
474,592,1137206164,superhero,2006-01-14T02:36:04Z
474,593,1137180982,hannibal lector,2006-01-13T19:36:22Z
474,594,1137375648,disney,2006-01-16T01:40:48Z
474,595,1137180963,disney,2006-01-13T19:36:03Z
474,596,1137374224,disney,2006-01-16T01:17:04Z
474,597,1137206324,prostitution,2006-01-14T02:38:44Z
474,608,1137180968,coen brothers,2006-01-13T19:36:08Z
474,616,1138040401,disney,2006-01-23T18:20:01Z
474,628,1137375884,priest,2006-01-16T01:44:44Z
474,638,1137375798,babies,2006-01-16T01:43:18Z
474,647,1137375718,gulf war,2006-01-16T01:41:58Z
474,648,1138137584,based on a tv show,2006-01-24T21:19:44Z
474,668,1138137607,india,2006-01-24T21:20:07Z
474,670,1137181320,india,2006-01-13T19:42:00Z
474,671,1138137597,spoof,2006-01-24T21:19:57Z
474,673,1137373978,bugs bunny,2006-01-16T01:12:58Z
474,708,1137203107,veterinarian,2006-01-14T01:45:07Z
474,720,1137206828,aardman,2006-01-14T02:47:08Z
474,728,1137202096,in netflix queue,2006-01-14T01:28:16Z
474,733,1137206418,alcatraz,2006-01-14T02:40:18Z
474,736,1137180960,disaster,2006-01-13T19:36:00Z
474,745,1137206827,aardman,2006-01-14T02:47:07Z
474,748,1138137820,aliens,2006-01-24T21:23:40Z
474,750,1137202888,atomic bomb,2006-01-14T01:41:28Z
474,778,1137191490,drug abuse,2006-01-13T22:31:30Z
474,780,1137206181,aliens,2006-01-14T02:36:21Z
474,800,1137201974,in netflix queue,2006-01-14T01:26:14Z
474,805,1137375969,john grisham,2006-01-16T01:46:09Z
474,818,1137375996,based on a tv show,2006-01-16T01:46:36Z
474,830,1137374123,adultery,2006-01-16T01:15:23Z
474,832,1137374242,kidnapping,2006-01-16T01:17:22Z
474,838,1137375748,jane austen,2006-01-16T01:42:28Z
474,852,1137374262,golf,2006-01-16T01:17:42Z
474,858,1137180955,mafia,2006-01-13T19:35:55Z
474,892,1137375988,shakespeare,2006-01-16T01:46:28Z
474,898,1137206322,divorce,2006-01-14T02:38:42Z
474,899,1137181713,movie business,2006-01-13T19:48:33Z
474,900,1138137809,france,2006-01-24T21:23:29Z
474,902,1138137849,capote,2006-01-24T21:24:09Z
474,903,1137205255,falling,2006-01-14T02:20:55Z
474,904,1137206380,voyeurism,2006-01-14T02:39:40Z
474,905,1137202499,screwball,2006-01-14T01:34:59Z
474,906,1137191231,brooch,2006-01-13T22:27:11Z
474,907,1137375780,divorce,2006-01-16T01:43:00Z
474,908,1138137968,mount rushmore,2006-01-24T21:26:08Z
474,909,1137206162,adultery,2006-01-14T02:36:02Z
474,910,1137191481,men in drag,2006-01-13T22:31:21Z
474,911,1138306780,heist,2006-01-26T20:19:40Z
474,912,1137202319,start of a beautiful friendship,2006-01-14T01:31:59Z
474,913,1137206229,statue,2006-01-14T02:37:09Z
474,914,1137202973,george bernard shaw,2006-01-14T01:42:53Z
474,915,1137206449,rich guy - poor girl,2006-01-14T02:40:49Z
474,916,1137206429,italy,2006-01-14T02:40:29Z
474,916,1137206429,royalty,2006-01-14T02:40:29Z
474,918,1138137949,1900s,2006-01-24T21:25:49Z
474,919,1137205270,dorothy,2006-01-14T02:21:10Z
474,919,1137205270,toto,2006-01-14T02:21:10Z
474,920,1137374145,civil war,2006-01-16T01:15:45Z
474,921,1137375857,television,2006-01-16T01:44:17Z
474,922,1137207406,movies,2006-01-14T02:56:46Z
474,923,1137202868,rosebud,2006-01-14T01:41:08Z
474,924,1137368035,hal,2006-01-15T23:33:55Z
474,924,1137368035,space,2006-01-15T23:33:55Z
474,926,1137202821,hollywood,2006-01-14T01:40:21Z
474,927,1137368140,divorce,2006-01-15T23:35:40Z
474,928,1137202590,mrs. dewinter,2006-01-14T01:36:30Z
474,929,1140441887,europe,2006-02-20T13:24:47Z
474,929,1140441887,journalism,2006-02-20T13:24:47Z
474,929,1140441887,war,2006-02-20T13:24:47Z
474,930,1137207035,assassination,2006-01-14T02:50:35Z
474,931,1138137999,amnesia,2006-01-24T21:26:39Z
474,934,1137375767,wedding,2006-01-16T01:42:47Z
474,936,1137521228,cold war,2006-01-17T18:07:08Z
474,936,1137521228,russia,2006-01-17T18:07:08Z
474,938,1137374937,prostitution,2006-01-16T01:28:57Z
474,940,1138137798,swashbuckler,2006-01-24T21:23:18Z
474,941,1138137943,swashbuckler,2006-01-24T21:25:43Z
474,943,1138306878,ghosts,2006-01-26T20:21:18Z
474,944,1137207008,shangri-la,2006-01-14T02:50:08Z
474,945,1137181301,astaire and rogers,2006-01-13T19:41:41Z
474,947,1137521096,butler,2006-01-17T18:04:56Z
474,947,1137521096,homeless,2006-01-17T18:04:56Z
474,947,1137521103,screwball,2006-01-17T18:05:03Z
474,948,1137206938,oil,2006-01-14T02:48:58Z
474,950,1137200994,nick and nora charles,2006-01-14T01:09:54Z
474,951,1137202906,screwball,2006-01-14T01:41:46Z
474,952,1137375685,race,2006-01-16T01:41:25Z
474,953,1138137927,christmas,2006-01-24T21:25:27Z
474,954,1137202956,politics,2006-01-14T01:42:36Z
474,955,1137368052,leopard,2006-01-15T23:34:12Z
474,955,1137368052,screwball,2006-01-15T23:34:12Z
474,956,1137207058,adoption,2006-01-14T02:50:58Z
474,965,1137206861,fugitive,2006-01-14T02:47:41Z
474,968,1137181787,zombies,2006-01-13T19:49:47Z
474,969,1137202249,missionary,2006-01-14T01:30:49Z
474,970,1138306770,crime,2006-01-26T20:19:30Z
474,971,1138137870,tennessee williams,2006-01-24T21:24:30Z
474,973,1138306956,journalism,2006-01-26T20:22:36Z
474,976,1137375762,hemingway,2006-01-16T01:42:42Z
474,986,1137181755,animal movie,2006-01-13T19:49:15Z
474,991,1137375821,ireland,2006-01-16T01:43:41Z
474,994,1138137832,food,2006-01-24T21:23:52Z
474,1006,1138137880,death penalty,2006-01-24T21:24:40Z
474,1006,1138137880,john grisham,2006-01-24T21:24:40Z
474,1010,1137375809,disney,2006-01-16T01:43:29Z
474,1010,1137375809,race,2006-01-16T01:43:29Z
474,1013,1137375864,twins,2006-01-16T01:44:24Z
474,1022,1137181749,disney,2006-01-13T19:49:09Z
474,1025,1137375959,disney,2006-01-16T01:45:59Z
474,1025,1137375959,king arthur,2006-01-16T01:45:59Z
474,1028,1137375815,disney,2006-01-16T01:43:35Z
474,1028,1137375815,nanny,2006-01-16T01:43:35Z
474,1029,1137375741,disney,2006-01-16T01:42:21Z
474,1030,1137374219,disney,2006-01-16T01:16:59Z
474,1032,1137374073,disney,2006-01-16T01:14:33Z
474,1033,1137202900,disney,2006-01-14T01:41:40Z
474,1035,1137181179,rogers and hammerstein,2006-01-13T19:39:39Z
474,1041,1137201463,in netflix queue,2006-01-14T01:17:43Z
474,1042,1137203070,music,2006-01-14T01:44:30Z
474,1059,1137181313,shakespeare,2006-01-13T19:41:53Z
474,1066,1137181830,astaire and rogers,2006-01-13T19:50:30Z
474,1068,1138306851,anti-semitism,2006-01-26T20:20:51Z
474,1076,1137521394,governess,2006-01-17T18:09:54Z
474,1079,1137202895,fish,2006-01-14T01:41:35Z
474,1080,1137375841,bible,2006-01-16T01:44:01Z
474,1080,1137375841,parody,2006-01-16T01:44:01Z
474,1080,1137375841,religion,2006-01-16T01:44:01Z
474,1081,1138138013,cross dressing,2006-01-24T21:26:53Z
474,1082,1138137861,politics,2006-01-24T21:24:21Z
474,1084,1138137844,1920s,2006-01-24T21:24:04Z
474,1084,1138137844,gangsters,2006-01-24T21:24:04Z
474,1088,1138306856,dance,2006-01-26T20:20:56Z
474,1088,1138306856,music,2006-01-26T20:20:56Z
474,1089,1137207100,heist,2006-01-14T02:51:40Z
474,1089,1137207100,violence,2006-01-14T02:51:40Z
474,1090,1138137990,vietnam,2006-01-24T21:26:30Z
474,1093,1137375736,1960s,2006-01-16T01:42:16Z
474,1093,1137375736,jim morrison,2006-01-16T01:42:16Z
474,1093,1137375736,music,2006-01-16T01:42:16Z
474,1096,1137375015,holocaust,2006-01-16T01:30:15Z
474,1097,1137521204,aliens,2006-01-17T18:06:44Z
474,1101,1138138004,navy,2006-01-24T21:26:44Z
474,1103,1137207088,1950s,2006-01-14T02:51:28Z
474,1103,1137207088,adolescence,2006-01-14T02:51:28Z
474,1104,1137207146,tennessee williams,2006-01-14T02:52:26Z
474,1124,1137207041,aging,2006-01-14T02:50:41Z
474,1125,1137375898,clousseau,2006-01-16T01:44:58Z
474,1135,1137374233,military,2006-01-16T01:17:13Z
474,1136,1137202949,england,2006-01-14T01:42:29Z
474,1136,1137202949,king arthur,2006-01-14T01:42:29Z
474,1147,1137201093,boxing,2006-01-14T01:11:33Z
474,1147,1137201093,in netflix queue,2006-01-14T01:11:33Z
474,1148,1137368133,aardman,2006-01-15T23:35:33Z
474,1171,1137181738,politics,2006-01-13T19:48:58Z
474,1177,1137191228,italy,2006-01-13T22:27:08Z
474,1178,1137521169,court,2006-01-17T18:06:09Z
474,1178,1137521169,military,2006-01-17T18:06:09Z
474,1179,1138306883,crime,2006-01-26T20:21:23Z
474,1183,1137374103,adultery,2006-01-16T01:15:03Z
474,1185,1137201055,in netflix queue,2006-01-14T01:10:55Z
474,1187,1137207053,disability,2006-01-14T02:50:53Z
474,1188,1137202649,australia,2006-01-14T01:37:29Z
474,1188,1137202649,dance,2006-01-14T01:37:29Z
474,1189,1137201133,in netflix queue,2006-01-14T01:12:13Z
474,1189,1137201133,police,2006-01-14T01:12:13Z
474,1193,1138137985,mental illness,2006-01-24T21:26:25Z
474,1196,1137202639,i am your father,2006-01-14T01:37:19Z
474,1196,1137205077,space,2006-01-14T02:17:57Z
474,1196,1137205075,space opera,2006-01-14T02:17:55Z
474,1197,1137202999,inigo montoya,2006-01-14T01:43:19Z
474,1197,1137202999,six-fingered man,2006-01-14T01:43:19Z
474,1198,1137784496,archaeology,2006-01-20T19:14:56Z
474,1198,1137207066,ark of the covenant,2006-01-14T02:51:06Z
474,1198,1137207064,indiana jones,2006-01-14T02:51:04Z
474,1200,1138137801,space,2006-01-24T21:23:21Z
474,1201,1138137912,spaghetti western,2006-01-24T21:25:12Z
474,1203,1137206845,court,2006-01-14T02:47:25Z
474,1204,1137206997,middle east,2006-01-14T02:49:57Z
474,1206,1138137889,brainwashing,2006-01-24T21:24:49Z
474,1207,1137191542,harper lee,2006-01-13T22:32:22Z
474,1207,1137191542,racism,2006-01-13T22:32:22Z
474,1208,1138137816,vietnam,2006-01-24T21:23:36Z
474,1209,1138137976,spaghetti western,2006-01-24T21:26:16Z
474,1210,1137207127,darth vader,2006-01-14T02:52:07Z
474,1210,1137207127,luke skywalker,2006-01-14T02:52:07Z
474,1210,1137207127,space opera,2006-01-14T02:52:07Z
474,1212,1137201067,ferris wheel,2006-01-14T01:11:07Z
474,1212,1143683500,venice,2006-03-30T01:51:40Z
474,1212,1143683500,zither,2006-03-30T01:51:40Z
474,1213,1138137920,mafia,2006-01-24T21:25:20Z
474,1214,1137766234,aliens,2006-01-20T14:10:34Z
474,1217,1137207077,samurai,2006-01-14T02:51:17Z
474,1219,1137203028,norman bates,2006-01-14T01:43:48Z
474,1220,1137375705,saturday night live,2006-01-16T01:41:45Z
474,1221,1137181066,mafia,2006-01-13T19:37:46Z
474,1222,1137181761,vietnam,2006-01-13T19:49:21Z
474,1223,1137205261,moon,2006-01-14T02:21:01Z
474,1224,1137181778,shakespeare,2006-01-13T19:49:38Z
474,1225,1137181247,mozart,2006-01-13T19:40:47Z
474,1225,1137181247,salieri,2006-01-13T19:40:47Z
474,1228,1137375891,boxing,2006-01-16T01:44:51Z
474,1230,1137206872,new york,2006-01-14T02:47:52Z
474,1231,1137181802,nasa,2006-01-13T19:50:02Z
474,1231,1137207104,space,2006-01-14T02:51:44Z
474,1233,1138137835,submarine,2006-01-24T21:23:55Z
474,1234,1137520998,the entertainer,2006-01-17T18:03:18Z
474,1235,1137206961,may-december romance,2006-01-14T02:49:21Z
474,1237,1137375008,chess,2006-01-16T01:30:08Z
474,1237,1137375008,death,2006-01-16T01:30:08Z
474,1240,1137368088,robots,2006-01-15T23:34:48Z
474,1242,1137181272,civil war,2006-01-13T19:41:12Z
474,1243,1137181815,shakespeare sort of,2006-01-13T19:50:15Z
474,1244,1138306904,black and white,2006-01-26T20:21:44Z
474,1245,1137375832,mafia,2006-01-16T01:43:52Z
474,1246,1137191334,high school,2006-01-13T22:28:54Z
474,1247,1137181084,simon and garfunkel,2006-01-13T19:38:04Z
474,1249,1138137899,hit men,2006-01-24T21:24:59Z
474,1250,1137206891,pow,2006-01-14T02:48:11Z
474,1252,1137521080,incest,2006-01-17T18:04:40Z
474,1253,1137206910,aliens,2006-01-14T02:48:30Z
474,1254,1137203094,cold,2006-01-14T01:44:54Z
474,1257,1137375698,skiing,2006-01-16T01:41:38Z
474,1258,1137181824,stephen king,2006-01-13T19:50:24Z
474,1259,1137181838,stephen king,2006-01-13T19:50:38Z
474,1260,1137207017,serial killer,2006-01-14T02:50:17Z
474,1262,1137206951,pow,2006-01-14T02:49:11Z
474,1263,1137375724,vietnam,2006-01-16T01:42:04Z
474,1266,1138031666,revenge,2006-01-23T15:54:26Z
474,1267,1137207027,assassination,2006-01-14T02:50:27Z
474,1267,1137207027,brainwashing,2006-01-14T02:50:27Z
474,1269,1138137828,murder,2006-01-24T21:23:48Z
474,1270,1137202832,time travel,2006-01-14T01:40:32Z
474,1272,1137181795,world war ii,2006-01-13T19:49:55Z
474,1276,1137520930,prison,2006-01-17T18:02:10Z
474,1277,1137201859,in netflix queue,2006-01-14T01:24:19Z
474,1278,1138031675,spoof,2006-01-23T15:54:35Z
474,1280,1137201087,in netflix queue,2006-01-14T01:11:27Z
474,1281,1137206944,nazis,2006-01-14T02:49:04Z
474,1282,1137375752,disney,2006-01-16T01:42:32Z
474,1283,1138306895,gunfight,2006-01-26T20:21:35Z
474,1284,1138306774,hammett,2006-01-26T20:19:34Z
474,1285,1137368062,high school,2006-01-15T23:34:22Z
474,1288,1137368105,heavy metal,2006-01-15T23:35:05Z
474,1288,1137368105,mockumentary,2006-01-15T23:35:05Z
474,1288,1137368105,music,2006-01-15T23:35:05Z
474,1291,1137206982,archaeology,2006-01-14T02:49:42Z
474,1291,1137206982,holy grail,2006-01-14T02:49:42Z
474,1292,1137206878,television,2006-01-14T02:47:58Z
474,1293,1137191587,india,2006-01-13T22:33:07Z
474,1296,1137191679,e. m. forster,2006-01-13T22:34:39Z
474,1299,1138137933,cambodia,2006-01-24T21:25:33Z
474,1299,1138137933,vietnam,2006-01-24T21:25:33Z
474,1301,1138306870,shakespeare sort of,2006-01-26T20:21:10Z
474,1301,1138306870,space,2006-01-26T20:21:10Z
474,1302,1138137903,baseball,2006-01-24T21:25:03Z
474,1303,1138031736,india,2006-01-23T15:55:36Z
474,1304,1138137854,crime,2006-01-24T21:24:14Z
474,1307,1137202686,new york,2006-01-14T01:38:06Z
474,1333,1137202841,birds,2006-01-14T01:40:41Z
474,1343,1137181261,remake,2006-01-13T19:41:01Z
474,1344,1137202856,lawyer,2006-01-14T01:40:56Z
474,1345,1137784649,high school,2006-01-20T19:17:29Z
474,1345,1137784649,prom,2006-01-20T19:17:29Z
474,1345,1137784649,stephen king,2006-01-20T19:17:29Z
474,1348,1137374972,vampires,2006-01-16T01:29:32Z
474,1350,1137368289,demons,2006-01-15T23:38:09Z
474,1353,1137202938,personals ads,2006-01-14T01:42:18Z
474,1354,1137202850,religion,2006-01-14T01:40:50Z
474,1356,1137202633,borg,2006-01-14T01:37:13Z
474,1358,1137203050,ex-con,2006-01-14T01:44:10Z
474,1361,1137201059,in netflix queue,2006-01-14T01:10:59Z
474,1363,1137374986,religion,2006-01-16T01:29:46Z
474,1366,1137191572,arthur miller,2006-01-13T22:32:52Z
474,1367,1137374063,dogs,2006-01-16T01:14:23Z
474,1367,1137374063,remake,2006-01-16T01:14:23Z
474,1372,1137203064,klingons,2006-01-14T01:44:24Z
474,1374,1138031870,captain kirk,2006-01-23T15:57:50Z
474,1376,1137368320,whales,2006-01-15T23:38:40Z
474,1377,1137374089,superhero,2006-01-16T01:14:49Z
474,1380,1137368225,high school,2006-01-15T23:37:05Z
474,1381,1137374154,high school,2006-01-16T01:15:54Z
474,1387,1137202913,shark,2006-01-14T01:41:53Z
474,1389,1137373926,shark,2006-01-16T01:12:06Z
474,1393,1137205489,sports,2006-01-14T02:24:49Z
474,1394,1137181415,coen brothers,2006-01-13T19:43:35Z
474,1396,1138031853,spying,2006-01-23T15:57:33Z
474,1398,1137374949,hemingway,2006-01-16T01:29:09Z
474,1407,1138031814,slasher,2006-01-23T15:56:54Z
474,1407,1138031814,spoof,2006-01-23T15:56:54Z
474,1408,1137368264,hawkeye,2006-01-15T23:37:44Z
474,1408,1137368264,james fennimore cooper,2006-01-15T23:37:44Z
474,1411,1137191597,shakespeare,2006-01-13T22:33:17Z
474,1413,1137205643,conan,2006-01-14T02:27:23Z
474,1416,1137374117,andrew lloyd weber,2006-01-16T01:15:17Z
474,1423,1137202085,in netflix queue,2006-01-14T01:28:05Z
474,1423,1137202085,vietnam,2006-01-14T01:28:05Z
474,1441,1137375694,mental illness,2006-01-16T01:41:34Z
474,1446,1137201854,in netflix queue,2006-01-14T01:24:14Z
474,1449,1137368329,mockumentary,2006-01-15T23:38:49Z
474,1466,1137191577,mafia,2006-01-13T22:32:57Z
474,1474,1137374191,jungle,2006-01-16T01:16:31Z
474,1485,1137375802,lawyer,2006-01-16T01:43:22Z
474,1496,1137191560,tolstoy,2006-01-13T22:32:40Z
474,1500,1137368241,hit men,2006-01-15T23:37:21Z
474,1500,1137368241,reunion,2006-01-15T23:37:21Z
474,1513,1137375929,reunion,2006-01-16T01:45:29Z
474,1537,1137368308,ballroom dance,2006-01-15T23:38:28Z
474,1542,1137202048,in netflix queue,2006-01-14T01:27:28Z
474,1544,1137373781,dinosaurs,2006-01-16T01:09:41Z
474,1545,1138031807,death,2006-01-23T15:56:47Z
474,1569,1138031775,weddings,2006-01-23T15:56:15Z
474,1573,1137205452,transplants,2006-01-14T02:24:12Z
474,1580,1137205519,aliens,2006-01-14T02:25:19Z
474,1586,1137374138,military,2006-01-16T01:15:38Z
474,1608,1137375681,president,2006-01-16T01:41:21Z
474,1610,1137191607,tom clancy,2006-01-13T22:33:27Z
474,1617,1137191242,police,2006-01-13T22:27:22Z
474,1625,1138031717,twist ending,2006-01-23T15:55:17Z
474,1635,1137191612,1970s,2006-01-13T22:33:32Z
474,1643,1137375849,england,2006-01-16T01:44:09Z
474,1643,1137375849,queen victoria,2006-01-16T01:44:09Z
474,1645,1137374095,lawyers,2006-01-16T01:14:55Z
474,1650,1138031883,henry james,2006-01-23T15:58:03Z
474,1653,1137205460,future,2006-01-14T02:24:20Z
474,1663,1137375949,military,2006-01-16T01:45:49Z
474,1672,1137202154,in netflix queue,2006-01-14T01:29:14Z
474,1674,1137521041,amish,2006-01-17T18:04:01Z
474,1680,1138031846,alternate universe,2006-01-23T15:57:26Z
474,1682,1137205617,tv,2006-01-14T02:26:57Z
474,1683,1137181445,henry james,2006-01-13T19:44:05Z
474,1711,1137374207,savannah,2006-01-16T01:16:47Z
474,1717,1138031833,sequel,2006-01-23T15:57:13Z
474,1717,1138031824,slasher,2006-01-23T15:57:04Z
474,1717,1138031824,spoof,2006-01-23T15:57:04Z
474,1719,1139838573,canada,2006-02-13T13:49:33Z
474,1719,1139838573,death,2006-02-13T13:49:33Z
474,1721,1138031879,shipwreck,2006-01-23T15:57:59Z
474,1732,1138306661,coen brothers,2006-01-26T20:17:41Z
474,1735,1137374163,charles dickens,2006-01-16T01:16:03Z
474,1748,1138031699,amnesia,2006-01-23T15:54:59Z
474,1777,1137205630,1980s,2006-01-14T02:27:10Z
474,1797,1137201971,in netflix queue,2006-01-14T01:26:11Z
474,1810,1137374994,politics,2006-01-16T01:29:54Z
474,1834,1138031861,twist ending,2006-01-23T15:57:41Z
474,1836,1137179444,no dvd at netflix,2006-01-13T19:10:44Z
474,1893,1137201105,in netflix queue,2006-01-14T01:11:45Z
474,1900,1137201889,in netflix queue,2006-01-14T01:24:49Z
474,1902,1138031706,generation x,2006-01-23T15:55:06Z
474,1909,1137205667,conspiracy,2006-01-14T02:27:47Z
474,1912,1138031795,heist,2006-01-23T15:56:35Z
474,1913,1137191654,australia,2006-01-13T22:34:14Z
474,1917,1137373862,space,2006-01-16T01:11:02Z
474,1921,1138031797,mathematics,2006-01-23T15:56:37Z
474,1931,1138031771,ships,2006-01-23T15:56:11Z
474,1938,1137766211,alcoholism,2006-01-20T14:10:11Z
474,1940,1137368219,anti-semitism,2006-01-15T23:36:59Z
474,1940,1137368219,judaism,2006-01-15T23:36:59Z
474,1942,1137201047,huey long,2006-01-14T01:10:47Z
474,1942,1137201047,in netflix queue,2006-01-14T01:10:47Z
474,1942,1137201047,robert penn warren,2006-01-14T01:10:47Z
474,1945,1137191644,boxing,2006-01-13T22:34:04Z
474,1945,1137191644,coulda been a contender,2006-01-13T22:34:04Z
474,1947,1137202674,gangs,2006-01-14T01:37:54Z
474,1950,1137520942,racism,2006-01-17T18:02:22Z
474,1951,1137191634,dickens,2006-01-13T22:33:54Z
474,1952,1138031755,prostitution,2006-01-23T15:55:55Z
474,1953,1137368199,drugs,2006-01-15T23:36:39Z
474,1953,1137368199,police,2006-01-15T23:36:39Z
474,1954,1137191671,boxing,2006-01-13T22:34:31Z
474,1954,1137191671,sports,2006-01-13T22:34:31Z
474,1955,1137181397,divorce,2006-01-13T19:43:17Z
474,1957,1137181069,olympics,2006-01-13T19:37:49Z
474,1957,1137181069,sports,2006-01-13T19:37:49Z
474,1959,1138031923,adultery,2006-01-23T15:58:43Z
474,1959,1138031923,africa,2006-01-23T15:58:43Z
474,1960,1137368246,china,2006-01-15T23:37:26Z
474,1961,1137191663,autism,2006-01-13T22:34:23Z
474,1962,1137368186,rasicm,2006-01-15T23:36:26Z
474,1975,1137374129,jason,2006-01-16T01:15:29Z
474,1976,1137373611,jason,2006-01-16T01:06:51Z
474,1977,1137373908,jason,2006-01-16T01:11:48Z
474,1978,1137373605,jason,2006-01-16T01:06:45Z
474,1979,1137373625,jason,2006-01-16T01:07:05Z
474,1983,1137374175,halloween,2006-01-16T01:16:15Z
474,1984,1137374180,halloween,2006-01-16T01:16:20Z
474,1994,1138031804,ghosts,2006-01-23T15:56:44Z
474,1995,1137374228,ghosts,2006-01-16T01:17:08Z
474,1996,1137373825,ghosts,2006-01-16T01:10:25Z
474,1997,1137368191,demons,2006-01-15T23:36:31Z
474,2006,1138031745,california,2006-01-23T15:55:45Z
474,2006,1138031745,mexico,2006-01-23T15:55:45Z
474,2011,1137374084,time travel,2006-01-16T01:14:44Z
474,2019,1137368312,samurai,2006-01-15T23:38:32Z
474,2020,1137368176,adultery,2006-01-15T23:36:16Z
474,2022,1137202075,bible,2006-01-14T01:27:55Z
474,2022,1143683469,katzanzakis,2006-03-30T01:51:09Z
474,2028,1137180952,world war ii,2006-01-13T19:35:52Z
474,2054,1138032013,disney,2006-01-23T16:00:13Z
474,2058,1138032116,police,2006-01-23T16:01:56Z
474,2059,1137374214,twins,2006-01-16T01:16:54Z
474,2064,1138032156,general motors,2006-01-23T16:02:36Z
474,2064,1138032156,michigan,2006-01-23T16:02:36Z
474,2065,1137202057,in netflix queue,2006-01-14T01:27:37Z
474,2066,1138032133,memory,2006-01-23T16:02:13Z
474,2070,1137191821,music,2006-01-13T22:37:01Z
474,2071,1137200442,aids,2006-01-14T01:00:42Z
474,2071,1137200442,in netflix queue,2006-01-14T01:00:42Z
474,2076,1137418851,sexuality,2006-01-16T13:40:51Z
474,2076,1137418851,suburbia,2006-01-16T13:40:51Z
474,2078,1138032023,disney,2006-01-23T16:00:23Z
474,2080,1138032086,disney,2006-01-23T16:01:26Z
474,2085,1137191781,disney,2006-01-13T22:36:21Z
474,2097,1138559451,carnival,2006-01-29T18:30:51Z
474,2097,1138559451,ray bradbury,2006-01-29T18:30:51Z
474,2100,1137191808,mermaid,2006-01-13T22:36:48Z
474,2108,1138032081,weather forecaster,2006-01-23T16:01:21Z
474,2114,1137191789,s.e. hinton,2006-01-13T22:36:29Z
474,2115,1137784519,archaeology,2006-01-20T19:15:19Z
474,2116,1137374427,tolkein,2006-01-16T01:20:27Z
474,2118,1137191728,stephen king,2006-01-13T22:35:28Z
474,2121,1137374355,stephen king,2006-01-16T01:19:15Z
474,2122,1137373696,stephen king,2006-01-16T01:08:16Z
474,2139,1137521184,mice,2006-01-17T18:06:24Z
474,2145,1138032148,1980s,2006-01-23T16:02:28Z
474,2145,1138032148,high school,2006-01-23T16:02:28Z
474,2160,1138032159,demons,2006-01-23T16:02:39Z
474,2167,1137374320,vampires,2006-01-16T01:18:40Z
474,2171,1137202573,aquarium,2006-01-14T01:36:13Z
474,2171,1137202573,boston,2006-01-14T01:36:13Z
474,2171,1137202573,personals ads,2006-01-14T01:36:13Z
474,2186,1137205604,murder,2006-01-14T02:26:44Z
474,2187,1140467428,theater,2006-02-20T20:30:28Z
474,2194,1138032218,capone,2006-01-23T16:03:38Z
474,2194,1138032218,gangsters,2006-01-23T16:03:38Z
474,2202,1137205513,survival,2006-01-14T02:25:13Z
474,2203,1138032173,small towns,2006-01-23T16:02:53Z
474,2206,1137205610,paranoia,2006-01-14T02:26:50Z
474,2208,1137271242,train,2006-01-14T20:40:42Z
474,2243,1137205380,journalism,2006-01-14T02:23:00Z
474,2247,1137374432,mafia,2006-01-16T01:20:32Z
474,2248,1137202613,in your eyes,2006-01-14T01:36:53Z
474,2248,1137202613,lloyd dobbler,2006-01-14T01:36:53Z
474,2249,1137374445,mafia,2006-01-16T01:20:45Z
474,2268,1137191761,court,2006-01-13T22:36:01Z
474,2268,1137191761,military,2006-01-13T22:36:01Z
474,2291,1137205437,freaks,2006-01-14T02:23:57Z
474,2295,1137202461,screwball,2006-01-14T01:34:21Z
474,2300,1137205562,broadway,2006-01-14T02:26:02Z
474,2302,1137374439,court,2006-01-16T01:20:39Z
474,2310,1138032095,adolescence,2006-01-23T16:01:35Z
474,2312,1137374919,death penalty,2006-01-16T01:28:39Z
474,2313,1137205442,freaks,2006-01-14T02:24:02Z
474,2324,1137181119,holocaust,2006-01-13T19:38:39Z
474,2329,1138031951,racism,2006-01-23T15:59:11Z
474,2334,1138032178,terrorism,2006-01-23T16:02:58Z
474,2335,1137374560,football,2006-01-16T01:22:40Z
474,2336,1137191737,england,2006-01-13T22:35:37Z
474,2351,1137202131,in netflix queue,2006-01-14T01:28:51Z
474,2355,1137191711,pixar,2006-01-13T22:35:11Z
474,2357,1137205389,south america,2006-01-14T02:23:09Z
474,2360,1137201464,in netflix queue,2006-01-14T01:17:44Z
474,2390,1137202019,in netflix queue,2006-01-14T01:26:59Z
474,2391,1138032185,heist,2006-01-23T16:03:05Z
474,2394,1137191285,bible,2006-01-13T22:28:05Z
474,2394,1137202582,moses,2006-01-14T01:36:22Z
474,2396,1137191800,england,2006-01-13T22:36:40Z
474,2410,1137374485,boxing,2006-01-16T01:21:25Z
474,2411,1137373840,boxing,2006-01-16T01:10:40Z
474,2412,1137373964,boxing,2006-01-16T01:12:44Z
474,2420,1138032051,martial arts,2006-01-23T16:00:51Z
474,2421,1137374406,martial arts,2006-01-16T01:20:06Z
474,2422,1137374411,martial arts,2006-01-16T01:20:11Z
474,2423,1137373883,christmas,2006-01-16T01:11:23Z
474,2424,1137202717,e-mail,2006-01-14T01:38:37Z
474,2424,1137202717,remake,2006-01-14T01:38:37Z
474,2431,1137373812,doctors,2006-01-16T01:10:12Z
474,2442,1137201903,in netflix queue,2006-01-14T01:25:03Z
474,2463,1137374497,kidnapping,2006-01-16T01:21:37Z
474,2467,1140703344,religion,2006-02-23T14:02:24Z
474,2470,1137374348,australia,2006-01-16T01:19:08Z
474,2471,1137373731,australia,2006-01-16T01:08:51Z
474,2491,1137374514,food,2006-01-16T01:21:54Z
474,2494,1137179426,holocaust,2006-01-13T19:10:26Z
474,2494,1137179426,hungary,2006-01-13T19:10:26Z
474,2502,1138032123,stapler,2006-01-23T16:02:03Z
474,2502,1138032129,workplace,2006-01-23T16:02:09Z
474,2506,1137374460,disability,2006-01-16T01:21:00Z
474,2517,1137373705,stephen king,2006-01-16T01:08:25Z
474,2529,1138032140,twist ending,2006-01-23T16:02:20Z
474,2550,1138032008,ghosts,2006-01-23T16:00:08Z
474,2553,1138038893,evil children,2006-01-23T17:54:53Z
474,2554,1138038892,evil children,2006-01-23T17:54:52Z
474,2565,1137191238,siam,2006-01-13T22:27:18Z
474,2571,1137204991,alternate universe,2006-01-14T02:16:31Z
474,2572,1137374893,shakespeare sort of,2006-01-16T01:28:13Z
474,2579,1138032056,black and white,2006-01-23T16:00:56Z
474,2581,1138032122,high school,2006-01-23T16:02:02Z
474,2583,1138031988,southern us,2006-01-23T15:59:48Z
474,2598,1137374470,golfing,2006-01-16T01:21:10Z
474,2600,1138031996,virtual reality,2006-01-23T15:59:56Z
474,2612,1138032112,motherhood,2006-01-23T16:01:52Z
474,2628,1138032197,prequel,2006-01-23T16:03:17Z
474,2628,1138032197,the force,2006-01-23T16:03:17Z
474,2640,1138032200,superhero,2006-01-23T16:03:20Z
474,2641,1138032201,superhero,2006-01-23T16:03:21Z
474,2642,1137373986,superhero,2006-01-16T01:13:06Z
474,2648,1137200966,in netflix queue,2006-01-14T01:09:26Z
474,2660,1137521194,aliens,2006-01-17T18:06:34Z
474,2664,1138032017,1950s,2006-01-23T16:00:17Z
474,2677,1137202023,in netflix queue,2006-01-14T01:27:03Z
474,2692,1138032166,alternate endings,2006-01-23T16:02:46Z
474,2693,1138032207,star trek,2006-01-23T16:03:27Z
474,2699,1137373650,spiders,2006-01-16T01:07:30Z
474,2710,1138031976,claims to be true,2006-01-23T15:59:36Z
474,2710,1138031976,video,2006-01-23T15:59:36Z
474,2712,1138032003,sexuality,2006-01-23T16:00:03Z
474,2716,1137205464,ghosts,2006-01-14T02:24:24Z
474,2717,1137373633,ghosts,2006-01-16T01:07:13Z
474,2719,1137373916,remake,2006-01-16T01:11:56Z
474,2723,1137205533,superhero,2006-01-14T02:25:33Z
474,2726,1137205507,heist,2006-01-14T02:25:07Z
474,2728,1137520905,crucifixion,2006-01-17T18:01:45Z
474,2728,1137520896,rome,2006-01-17T18:01:36Z
474,2728,1137520896,slavery,2006-01-17T18:01:36Z
474,2745,1137202541,missionary,2006-01-14T01:35:41Z
474,2745,1137191266,priest,2006-01-13T22:27:46Z
474,2750,1137443255,nostalgia,2006-01-16T20:27:35Z
474,2750,1137443255,radio,2006-01-16T20:27:35Z
474,2761,1138032019,robots,2006-01-23T16:00:19Z
474,2762,1137205068,ghosts,2006-01-14T02:17:48Z
474,2762,1137202627,i see dead people,2006-01-14T01:37:07Z
474,2787,1137374342,stephen king,2006-01-16T01:19:02Z
474,2791,1138031941,aviation,2006-01-23T15:59:01Z
474,2791,1138031941,spoof,2006-01-23T15:59:01Z
474,2797,1138032265,children,2006-01-23T16:04:25Z
474,2801,1137205541,gambling,2006-01-14T02:25:41Z
474,2803,1137374982,lawyers,2006-01-16T01:29:42Z
474,2804,1137191720,christmas,2006-01-13T22:35:20Z
474,2827,1137374307,aliens,2006-01-16T01:18:27Z
474,2863,1138032352,beatles,2006-01-23T16:05:52Z
474,2871,1138032293,river,2006-01-23T16:04:53Z
474,2872,1137191745,england,2006-01-13T22:35:45Z
474,2872,1137191745,king arthur,2006-01-13T22:35:45Z
474,2905,1137201967,in netflix queue,2006-01-14T01:26:07Z
474,2915,1137374478,prostitution,2006-01-16T01:21:18Z
474,2918,1137191753,high school,2006-01-13T22:35:53Z
474,2919,1137367916,academy award (best supporting actress),2006-01-15T23:31:56Z
474,2919,1137367916,indonesia,2006-01-15T23:31:56Z
474,2919,1137367916,journalism,2006-01-15T23:31:56Z
474,2927,1138032272,adultery,2006-01-23T16:04:32Z
474,2935,1138032373,gambling,2006-01-23T16:06:13Z
474,2937,1137205550,screwball,2006-01-14T02:25:50Z
474,2939,1137202140,in netflix queue,2006-01-14T01:29:00Z
474,2940,1138032341,nightclub,2006-01-23T16:05:41Z
474,2941,1138032457,island,2006-01-23T16:07:37Z
474,2943,1138804253,vietnam,2006-02-01T14:30:53Z
474,2952,1137191914,gambling,2006-01-13T22:38:34Z
474,2959,1137205034,violence,2006-01-14T02:17:14Z
474,2966,1138032507,brothers,2006-01-23T16:08:27Z
474,2966,1138032507,lawn mower,2006-01-23T16:08:27Z
474,2967,1138038912,evil children,2006-01-23T17:55:12Z
474,2968,1138032520,time travel,2006-01-23T16:08:40Z
474,2987,1138032544,live action/animation,2006-01-23T16:09:04Z
474,3000,1138032418,anime,2006-01-23T16:06:58Z
474,3006,1138032361,tobacco,2006-01-23T16:06:01Z
474,3006,1138032361,true story,2006-01-23T16:06:01Z
474,3007,1137201930,in netflix queue,2006-01-14T01:25:30Z
474,3011,1137191967,dance marathon,2006-01-13T22:39:27Z
474,3028,1137374544,shakespeare,2006-01-16T01:22:24Z
474,3030,1138032553,samurai,2006-01-23T16:09:13Z
474,3039,1138032532,class,2006-01-23T16:08:52Z
474,3040,1137373789,camp,2006-01-16T01:09:49Z
474,3044,1137202357,memory,2006-01-14T01:32:37Z
474,3044,1137202357,music,2006-01-14T01:32:37Z
474,3052,1137191859,religion,2006-01-13T22:37:39Z
474,3060,1137201892,in netflix queue,2006-01-14T01:24:52Z
474,3071,1137375023,high school,2006-01-16T01:30:23Z
474,3072,1137191274,new york,2006-01-13T22:27:54Z
474,3077,1137201542,in netflix queue,2006-01-14T01:19:02Z
474,3077,1137201543,up series,2006-01-14T01:19:03Z
474,3081,1137374535,ichabod crane,2006-01-16T01:22:15Z
474,3087,1137271226,christmas,2006-01-14T20:40:26Z
474,3087,1137271222,new york,2006-01-14T20:40:22Z
474,3095,1137205475,depression,2006-01-14T02:24:35Z
474,3095,1137205475,dust bowl,2006-01-14T02:24:35Z
474,3097,1138032435,remade,2006-01-23T16:07:15Z
474,3098,1137201875,baseball,2006-01-14T01:24:35Z
474,3098,1137201875,sports,2006-01-14T01:24:35Z
474,3101,1138032312,adultery,2006-01-23T16:05:12Z
474,3108,1137374925,homeless,2006-01-16T01:28:45Z
474,3111,1138032385,racism,2006-01-23T16:06:25Z
474,3114,1138032529,pixar,2006-01-23T16:08:49Z
474,3115,1137191883,men in drag,2006-01-13T22:38:03Z
474,3125,1137191874,graham greene,2006-01-13T22:37:54Z
474,3135,1138032346,fatherhood,2006-01-23T16:05:46Z
474,3147,1137191901,stephen king,2006-01-13T22:38:21Z
474,3152,1137521245,black-and-white,2006-01-17T18:07:25Z
474,3160,1137202527,l.a.,2006-01-14T01:35:27Z
474,3174,1137191943,andy kaufman,2006-01-13T22:39:03Z
474,3175,1138032315,spoof,2006-01-23T16:05:15Z
474,3176,1137202659,europe,2006-01-14T01:37:39Z
474,3176,1137202659,murder,2006-01-14T01:37:39Z
474,3178,1137374389,boxing,2006-01-16T01:19:49Z
474,3181,1137179352,shakespeare,2006-01-13T19:09:12Z
474,3192,1137201464,in netflix queue,2006-01-14T01:17:44Z
474,3210,1137374381,high school,2006-01-16T01:19:41Z
474,3211,1137191854,a dingo ate my baby,2006-01-13T22:37:34Z
474,3211,1137191854,australia,2006-01-13T22:37:34Z
474,3247,1137374526,nuns,2006-01-16T01:22:06Z
474,3250,1137202163,in netflix queue,2006-01-14T01:29:23Z
474,3258,1137375095,plastic surgery,2006-01-16T01:31:35Z
474,3259,1137375116,ireland,2006-01-16T01:31:56Z
474,3260,1137181368,e.m. forster,2006-01-13T19:42:48Z
474,3263,1137374566,basketball,2006-01-16T01:22:46Z
474,3270,1137375084,figure skating,2006-01-16T01:31:24Z
474,3273,1138032428,slasher,2006-01-23T16:07:08Z
474,3273,1138032428,spoof,2006-01-23T16:07:08Z
474,3281,1137374330,sexuality,2006-01-16T01:18:50Z
474,3306,1137205399,big top,2006-01-14T02:23:19Z
474,3306,1137205399,circus,2006-01-14T02:23:19Z
474,3307,1137205412,blind,2006-01-14T02:23:32Z
474,3310,1138032366,orphans,2006-01-23T16:06:06Z
474,3317,1138032548,writing,2006-01-23T16:09:08Z
474,3330,1138032469,adolescence,2006-01-23T16:07:49Z
474,3330,1138032498,sexuality,2006-01-23T16:08:18Z
474,3338,1137201680,in netflix queue,2006-01-14T01:21:20Z
474,3341,1138032286,remade,2006-01-23T16:04:46Z
474,3360,1137784798,basketball,2006-01-20T19:19:58Z
474,3384,1138032512,subway,2006-01-23T16:08:32Z
474,3385,1137374553,peace corp,2006-01-16T01:22:33Z
474,3386,1137191934,politics,2006-01-13T22:38:54Z
474,3386,1137191934,president,2006-01-13T22:38:54Z
474,3408,1138032304,scandal,2006-01-23T16:05:04Z
474,3408,1138032304,true story,2006-01-23T16:05:04Z
474,3420,1137375055,lawyers,2006-01-16T01:30:55Z
474,3421,1137374581,college,2006-01-16T01:23:01Z
474,3421,1137374587,toga,2006-01-16T01:23:07Z
474,3424,1137191865,racism,2006-01-13T22:37:45Z
474,3429,1140626569,aardman,2006-02-22T16:42:49Z
474,3435,1137520877,insurance,2006-01-17T18:01:17Z
474,3447,1137191895,pearl s buck,2006-01-13T22:38:15Z
474,3451,1137181361,hepburn and tracy,2006-01-13T19:42:41Z
474,3451,1137205479,interracial marriage,2006-01-14T02:24:39Z
474,3451,1137205481,prejudice,2006-01-14T02:24:41Z
474,3451,1137205477,racism,2006-01-14T02:24:37Z
474,3456,1137201463,in netflix queue,2006-01-14T01:17:43Z
474,3461,1138032377,island,2006-01-23T16:06:17Z
474,3462,1137205526,factory,2006-01-14T02:25:26Z
474,3468,1137521005,pool,2006-01-17T18:03:25Z
474,3469,1137375171,court,2006-01-16T01:32:51Z
474,3469,1137375171,evolution,2006-01-16T01:32:51Z
474,3469,1137375171,religion,2006-01-16T01:32:51Z
474,3475,1138032413,class,2006-01-23T16:06:53Z
474,3481,1137181093,nick hornby,2006-01-13T19:38:13Z
474,3489,1137191920,peter pan,2006-01-13T22:38:40Z
474,3498,1137201900,in netflix queue,2006-01-14T01:25:00Z
474,3502,1137375216,death,2006-01-16T01:33:36Z
474,3504,1137191950,journalism,2006-01-13T22:39:10Z
474,3507,1137200453,in netflix queue,2006-01-14T01:00:53Z
474,3512,1137205572,transplants,2006-01-14T02:26:12Z
474,3515,1138032711,alternate endings,2006-01-23T16:11:51Z
474,3526,1138032724,families,2006-01-23T16:12:04Z
474,3528,1137374751,psychiatrist,2006-01-16T01:25:51Z
474,3536,1137181376,priest,2006-01-13T19:42:56Z
474,3536,1137181376,rabbi,2006-01-13T19:42:56Z
474,3546,1138032886,show business,2006-01-23T16:14:46Z
474,3548,1137205331,1920s,2006-01-14T02:22:11Z
474,3549,1137191235,gambling,2006-01-13T22:27:15Z
474,3552,1137374630,golf,2006-01-16T01:23:50Z
474,3556,1138032871,1970s,2006-01-23T16:14:31Z
474,3556,1138032871,suicide,2006-01-23T16:14:31Z
474,3559,1137202015,in netflix queue,2006-01-14T01:26:55Z
474,3566,1137205342,business,2006-01-14T02:22:22Z
474,3566,1137205342,religion,2006-01-14T02:22:22Z
474,3608,1138032732,pee wee herman,2006-01-23T16:12:12Z
474,3629,1138032660,mining,2006-01-23T16:11:00Z
474,3675,1137205636,christmas,2006-01-14T02:27:16Z
474,3676,1137202167,in netflix queue,2006-01-14T01:29:27Z
474,3683,1137521124,coen brothers,2006-01-17T18:05:24Z
474,3712,1137375317,television,2006-01-16T01:35:17Z
474,3723,1137191908,shakespeare,2006-01-13T22:38:28Z
474,3724,1137201954,vietnam,2006-01-14T01:25:54Z
474,3730,1138032598,spying,2006-01-23T16:09:58Z
474,3735,1138032794,police,2006-01-23T16:13:14Z
474,3793,1137205670,superhero,2006-01-14T02:27:50Z
474,3801,1137191841,court,2006-01-13T22:37:21Z
474,3811,1138032584,court,2006-01-23T16:09:44Z
474,3816,1138032720,missing children,2006-01-23T16:12:00Z
474,3844,1137375348,diabetes,2006-01-16T01:35:48Z
474,3849,1138032820,disability,2006-01-23T16:13:40Z
474,3859,1137201554,in netflix queue,2006-01-14T01:19:14Z
474,3859,1137201554,televangelist,2006-01-14T01:19:14Z
474,3877,1137374791,superhero,2006-01-16T01:26:31Z
474,3897,1137205322,journalism,2006-01-14T02:22:02Z
474,3897,1137205322,music,2006-01-14T02:22:02Z
474,3897,1137205322,rolling stone,2006-01-14T02:22:02Z
474,3910,1138032613,blindness,2006-01-23T16:10:13Z
474,3910,1138032613,factory,2006-01-23T16:10:13Z
474,3911,1137181343,dogs,2006-01-13T19:42:23Z
474,3932,1138032669,invisibility,2006-01-23T16:11:09Z
474,3949,1137192093,drug abuse,2006-01-13T22:41:33Z
474,3951,1137179732,in netflix queue,2006-01-13T19:15:32Z
474,3967,1137191989,ballet,2006-01-13T22:39:49Z
474,3983,1137205683,family,2006-01-14T02:28:03Z
474,3988,1137373756,dr. seuss,2006-01-16T01:09:16Z
474,3994,1137205619,superhero,2006-01-14T02:26:59Z
474,3996,1138032606,china,2006-01-23T16:10:06Z
474,3996,1138032600,martial arts,2006-01-23T16:10:00Z
474,4007,1138032878,business,2006-01-23T16:14:38Z
474,4012,1137374767,stand-up comedy,2006-01-16T01:26:07Z
474,4019,1138032630,writing,2006-01-23T16:10:30Z
474,4024,1137375144,edith wharton,2006-01-16T01:32:24Z
474,4025,1137374719,pageant,2006-01-16T01:25:19Z
474,4027,1137520959,bluegrass,2006-01-17T18:02:39Z
474,4029,1137205589,movies,2006-01-14T02:26:29Z
474,4034,1137784729,based on a tv show,2006-01-20T19:18:49Z
474,4046,1138032635,quakers,2006-01-23T16:10:35Z
474,4077,1138039049,psychopaths,2006-01-23T17:57:29Z
474,4105,1137374672,zombies,2006-01-16T01:24:32Z
474,4113,1137192025,tennessee williams,2006-01-13T22:40:25Z
474,4117,1137200919,in netflix queue,2006-01-14T01:08:39Z
474,4138,1137373794,demons,2006-01-16T01:09:54Z
474,4160,1137205651,death penalty,2006-01-14T02:27:31Z
474,4164,1138032589,homeless,2006-01-23T16:09:49Z
474,4164,1138032589,new york,2006-01-23T16:09:49Z
474,4166,1137374777,reality tv,2006-01-16T01:26:17Z
474,4171,1137192041,eugene o'neill,2006-01-13T22:40:41Z
474,4174,1137200882,in netflix queue,2006-01-14T01:08:02Z
474,4184,1138032577,christmas,2006-01-23T16:09:37Z
474,4189,1137375121,bible,2006-01-16T01:32:01Z
474,4189,1137375121,religion,2006-01-16T01:32:01Z
474,4190,1137520919,preacher,2006-01-17T18:01:59Z
474,4190,1137520919,religion,2006-01-17T18:01:59Z
474,4191,1138032573,sexuality,2006-01-23T16:09:33Z
474,4194,1137201575,in netflix queue,2006-01-14T01:19:35Z
474,4204,1137373770,virginity,2006-01-16T01:09:30Z
474,4210,1139059882,hannibal lecter,2006-02-04T13:31:22Z
474,4210,1139059887,serial killer,2006-02-04T13:31:27Z
474,4211,1137192103,von bulow,2006-01-13T22:41:43Z
474,4214,1137374771,college,2006-01-16T01:26:11Z
474,4218,1137202093,in netflix queue,2006-01-14T01:28:13Z
474,4221,1137374725,football,2006-01-16T01:25:25Z
474,4226,1137191263,backwards. memory,2006-01-13T22:27:43Z
474,4232,1138032824,spying,2006-01-23T16:13:44Z
474,4246,1137205374,singletons,2006-01-14T02:22:54Z
474,4259,1137192047,nabokov,2006-01-13T22:40:47Z
474,4263,1138032622,alcoholism,2006-01-23T16:10:22Z
474,4292,1137192082,union,2006-01-13T22:41:22Z
474,4296,1137374704,death,2006-01-16T01:25:04Z
474,4306,1137205586,fairy tales,2006-01-14T02:26:26Z
474,4312,1137202173,in netflix queue,2006-01-14T01:29:33Z
474,4316,1137375157,figure skating,2006-01-16T01:32:37Z
474,4326,1137375204,race,2006-01-16T01:33:24Z
474,4326,1137375204,rasicm,2006-01-16T01:33:24Z
474,4333,1138032832,strangers on a train,2006-01-23T16:13:52Z
474,4347,1138032626,holocaust,2006-01-23T16:10:26Z
474,4356,1137201794,in netflix queue,2006-01-14T01:23:14Z
474,4359,1138032800,adultery,2006-01-23T16:13:20Z
474,4361,1138032838,men in drag,2006-01-23T16:13:58Z
474,4370,1137205306,robots,2006-01-14T02:21:46Z
474,4380,1138032770,accident,2006-01-23T16:12:50Z
474,4396,1137373684,race,2006-01-16T01:08:04Z
474,4404,1137200537,in netflix queue,2006-01-14T01:02:17Z
474,4447,1138032674,lawyers,2006-01-23T16:11:14Z
474,4448,1138032773,heist,2006-01-23T16:12:53Z
474,4465,1138032565,rape,2006-01-23T16:09:25Z
474,4476,1137374622,twins,2006-01-16T01:23:42Z
474,4477,1137373669,circus,2006-01-16T01:07:49Z
474,4489,1137766266,africa,2006-01-20T14:11:06Z
474,4489,1137374636,immigrants,2006-01-16T01:23:56Z
474,4495,1137202342,new york,2006-01-14T01:32:22Z
474,4526,1137373948,aliens,2006-01-16T01:12:28Z
474,4537,1137205576,hippies,2006-01-14T02:26:16Z
474,4545,1137374781,robots,2006-01-16T01:26:21Z
474,4546,1138032855,kidnapping,2006-01-23T16:14:15Z
474,4546,1138032855,remade,2006-01-23T16:14:15Z
474,4558,1137374798,twins,2006-01-16T01:26:38Z
474,4571,1137205348,time travel,2006-01-14T02:22:28Z
474,4600,1137375124,doctors,2006-01-16T01:32:04Z
474,4621,1137374699,babies,2006-01-16T01:24:59Z
474,4623,1137374712,baseball,2006-01-16T01:25:12Z
474,4638,1137374692,dinosaurs,2006-01-16T01:24:52Z
474,4639,1137375071,hollywood,2006-01-16T01:31:11Z
474,4639,1137375071,movie business,2006-01-16T01:31:11Z
474,4641,1138032652,adolescence,2006-01-23T16:10:52Z
474,4677,1137373991,dogs,2006-01-16T01:13:11Z
474,4678,1138032842,television,2006-01-23T16:14:02Z
474,4688,1137201126,in netflix queue,2006-01-14T01:12:06Z
474,4787,1138032687,prodigies,2006-01-23T16:11:27Z
474,4801,1138032678,family,2006-01-23T16:11:18Z
474,4808,1137374805,remake,2006-01-16T01:26:45Z
474,4809,1137367824,nuclear disaster,2006-01-15T23:30:24Z
474,4809,1137367824,union,2006-01-15T23:30:24Z
474,4812,1137374786,nasa,2006-01-16T01:26:26Z
474,4812,1137374786,space,2006-01-16T01:26:26Z
474,4823,1138032791,wedding,2006-01-23T16:13:11Z
474,4835,1137192003,loretta lynn,2006-01-13T22:40:03Z
474,4857,1138039170,judaism,2006-01-23T17:59:30Z
474,4857,1137192017,tradition!,2006-01-13T22:40:17Z
474,4874,1137375186,aliens,2006-01-16T01:33:06Z
474,4874,1137375186,psychiatrist,2006-01-16T01:33:06Z
474,4878,1137205781,time travel,2006-01-14T02:29:41Z
474,4881,1137192055,coen brothers,2006-01-13T22:40:55Z
474,4896,1137205893,magic,2006-01-14T02:31:33Z
474,4896,1137205893,wizards,2006-01-14T02:31:33Z
474,4902,1137367852,ghosts,2006-01-15T23:30:52Z
474,4920,1138039319,psychology,2006-01-23T18:01:59Z
474,4963,1138039322,heist,2006-01-23T18:02:02Z
474,4969,1137179563,in netflix queue,2006-01-13T19:12:43Z
474,4970,1138039117,nightclub,2006-01-23T17:58:37Z
474,4970,1138039117,singers,2006-01-23T17:58:37Z
474,4973,1137202289,whimsical,2006-01-14T01:31:29Z
474,4979,1137271220,new york,2006-01-14T20:40:20Z
474,4980,1138039109,time travel,2006-01-23T17:58:29Z
474,4993,1137181125,tolkein,2006-01-13T19:38:45Z
474,4998,1139102582,racism,2006-02-05T01:23:02Z
474,5008,1138039430,agatha christie,2006-01-23T18:03:50Z
474,5008,1138039430,court,2006-01-23T18:03:50Z
474,5012,1138039463,cross dressing,2006-01-23T18:04:23Z
474,5012,1138039463,judaism,2006-01-23T18:04:23Z
474,5015,1138039271,race,2006-01-23T18:01:11Z
474,5034,1137191298,ghost,2006-01-13T22:28:18Z
474,5064,1138039163,dumas,2006-01-23T17:59:23Z
474,5064,1138039163,revenge,2006-01-23T17:59:23Z
474,5114,1138039083,movie business,2006-01-23T17:58:03Z
474,5120,1137200871,in netflix queue,2006-01-14T01:07:51Z
474,5135,1137192060,india,2006-01-13T22:41:00Z
474,5139,1137373653,baseball,2006-01-16T01:07:33Z
474,5213,1137373958,religion,2006-01-16T01:12:38Z
474,5224,1137201464,in netflix queue,2006-01-14T01:17:44Z
474,5238,1137202052,in netflix queue,2006-01-14T01:27:32Z
474,5266,1138039345,crime,2006-01-23T18:02:25Z
474,5291,1137200907,in netflix queue,2006-01-14T01:08:27Z
474,5291,1142282530,samurai,2006-03-13T20:42:10Z
474,5294,1138039177,religion,2006-01-23T17:59:37Z
474,5304,1137200961,in netflix queue,2006-01-14T01:09:21Z
474,5316,1137375111,world war ii,2006-01-16T01:31:51Z
474,5349,1137206068,superhero,2006-01-14T02:34:28Z
474,5353,1137784621,blind,2006-01-20T19:17:01Z
474,5377,1137181073,nick hornby,2006-01-13T19:37:53Z
474,5379,1137205732,anti-semitism,2006-01-14T02:28:52Z
474,5379,1137205732,judaism,2006-01-14T02:28:52Z
474,5398,1138039410,boxing,2006-01-23T18:03:30Z
474,5404,1138039075,books,2006-01-23T17:57:55Z
474,5445,1137206007,future,2006-01-14T02:33:27Z
474,5446,1137181573,australia,2006-01-13T19:46:13Z
474,5450,1138039255,sisterhood,2006-01-23T18:00:55Z
474,5450,1138039255,women,2006-01-23T18:00:55Z
474,5451,1137375287,disability,2006-01-16T01:34:47Z
474,5451,1137375287,mental illness,2006-01-16T01:34:47Z
474,5470,1137181530,oscar wilde,2006-01-13T19:45:30Z
474,5475,1137201978,in netflix queue,2006-01-14T01:26:18Z
474,5483,1137181538,movie business,2006-01-13T19:45:38Z
474,5498,1137179781,in netflix queue,2006-01-13T19:16:21Z
474,5502,1137206065,aliens,2006-01-14T02:34:25Z
474,5505,1137205854,adultery,2006-01-14T02:30:54Z
474,5505,1137205854,younger men,2006-01-14T02:30:54Z
474,5527,1138039372,as byatt,2006-01-23T18:02:52Z
474,5527,1138039372,books,2006-01-23T18:02:52Z
474,5528,1138039335,photography,2006-01-23T18:02:15Z
474,5528,1138039335,psychopaths,2006-01-23T18:02:15Z
474,5548,1137374645,homeless,2006-01-16T01:24:05Z
474,5577,1138039226,adolescence,2006-01-23T18:00:26Z
474,5601,1138039452,animal movie,2006-01-23T18:04:12Z
474,5603,1138039241,crime,2006-01-23T18:00:41Z
474,5603,1138039241,heist,2006-01-23T18:00:41Z
474,5618,1137206076,anime,2006-01-14T02:34:36Z
474,5629,1137374683,bible,2006-01-16T01:24:43Z
474,5630,1139059884,hannibal lecter,2006-02-04T13:31:24Z
474,5633,1138039202,bombs,2006-01-23T18:00:02Z
474,5644,1138039381,baseball,2006-01-23T18:03:01Z
474,5644,1138039381,lou gehrig,2006-01-23T18:03:01Z
474,5669,1138039133,violence in america,2006-01-23T17:58:53Z
474,5673,1137206033,pudding,2006-01-14T02:33:53Z
474,5682,1138039189,holocaust,2006-01-23T17:59:49Z
474,5685,1137206048,girl power,2006-01-14T02:34:08Z
474,5690,1137205866,made me cry,2006-01-14T02:31:06Z
474,5690,1137205866,orphans,2006-01-14T02:31:06Z
474,5721,1137200976,in netflix queue,2006-01-14T01:09:36Z
474,5721,1137200976,judaism,2006-01-14T01:09:36Z
474,5747,1137181512,world war i,2006-01-13T19:45:12Z
474,5791,1138039181,art,2006-01-23T17:59:41Z
474,5792,1137375296,dating,2006-01-16T01:34:56Z
474,5802,1138039442,teenagers,2006-01-23T18:04:02Z
474,5812,1137181505,salute to douglas sirk,2006-01-13T19:45:05Z
474,5816,1137205882,magic,2006-01-14T02:31:22Z
474,5816,1137205882,wizards,2006-01-14T02:31:22Z
474,5820,1138039419,music business,2006-01-23T18:03:39Z
474,5875,1137375257,short films,2006-01-16T01:34:17Z
474,5876,1138039395,graham greene,2006-01-23T18:03:15Z
474,5878,1138039423,coma,2006-01-23T18:03:43Z
474,5899,1137442538,africa,2006-01-16T20:15:38Z
474,5952,1137181130,tolkein,2006-01-13T19:38:50Z
474,5954,1138039070,crime,2006-01-23T17:57:50Z
474,5954,1138039070,nightclub,2006-01-23T17:57:50Z
474,5971,1138039281,anime,2006-01-23T18:01:21Z
474,5989,1138039137,crime,2006-01-23T17:58:57Z
474,5991,1138039145,court,2006-01-23T17:59:05Z
474,5991,1138039140,jazz,2006-01-23T17:59:00Z
474,5991,1138039142,murder,2006-01-23T17:59:02Z
474,5994,1138039286,dickens,2006-01-23T18:01:26Z
474,5995,1137181562,holocaust,2006-01-13T19:46:02Z
474,6002,1138307168,drugs,2006-01-26T20:26:08Z
474,6002,1138307168,planes,2006-01-26T20:26:08Z
474,6002,1138307168,widows/widowers,2006-01-26T20:26:08Z
474,6003,1138307058,television,2006-01-26T20:24:18Z
474,6016,1138039157,crime,2006-01-23T17:59:17Z
474,6016,1138039157,photography,2006-01-23T17:59:17Z
474,6016,1138039157,violence,2006-01-23T17:59:17Z
474,6020,1138307024,class,2006-01-26T20:23:44Z
474,6027,1137200848,in netflix queue,2006-01-14T01:07:28Z
474,6031,1138039234,motherhood,2006-01-23T18:00:34Z
474,6031,1138039234,race,2006-01-23T18:00:34Z
474,6041,1137200888,in netflix queue,2006-01-14T01:08:08Z
474,6063,1137375194,doll,2006-01-16T01:33:14Z
474,6090,1138307131,ghosts,2006-01-26T20:25:31Z
474,6101,1137900975,chile,2006-01-22T03:36:15Z
474,6101,1137900975,politics,2006-01-22T03:36:15Z
474,6101,1137900975,south america,2006-01-22T03:36:15Z
474,6104,1138039279,spoof,2006-01-23T18:01:19Z
474,6156,1138307301,england,2006-01-26T20:28:21Z
474,6159,1138307031,adolescence,2006-01-26T20:23:51Z
474,6163,1137205905,obsession,2006-01-14T02:31:45Z
474,6170,1138307048,horses,2006-01-26T20:24:08Z
474,6178,1138039358,blind,2006-01-23T18:02:38Z
474,6178,1138039358,blindness,2006-01-23T18:02:38Z
474,6178,1138039358,race,2006-01-23T18:02:38Z
474,6181,1138039404,civil war,2006-01-23T18:03:24Z
474,6181,1138039404,stephen crane,2006-01-23T18:03:24Z
474,6183,1138039366,day and hudson,2006-01-23T18:02:46Z
474,6183,1138039366,sexuality,2006-01-23T18:02:46Z
474,6195,1138498655,books,2006-01-29T01:37:35Z
474,6195,1138498655,stones of summer,2006-01-29T01:37:35Z
474,6197,1138307351,mental illness,2006-01-26T20:29:11Z
474,6201,1137191244,england,2006-01-13T22:27:24Z
474,6216,1138307229,world war ii,2006-01-26T20:27:09Z
474,6218,1138039102,soccer,2006-01-23T17:58:22Z
474,6228,1137201613,in netflix queue,2006-01-14T01:20:13Z
474,6232,1138039126,animal movie,2006-01-23T17:58:46Z
474,6232,1138039125,lions,2006-01-23T17:58:45Z
474,6235,1138307079,holocaust,2006-01-26T20:24:39Z
474,6235,1138307079,world war ii,2006-01-26T20:24:39Z
474,6238,1138307096,immigrants,2006-01-26T20:24:56Z
474,6242,1138307280,television,2006-01-26T20:28:00Z
474,6244,1137201921,in netflix queue,2006-01-14T01:25:21Z
474,6245,1138307361,prostitution,2006-01-26T20:29:21Z
474,6254,1137181469,screwball,2006-01-13T19:44:29Z
474,6268,1138307261,adolescence,2006-01-26T20:27:41Z
474,6269,1137206096,big brothers,2006-01-14T02:34:56Z
474,6273,1137521025,l.a.,2006-01-17T18:03:45Z
474,6281,1138307249,crime,2006-01-26T20:27:29Z
474,6286,1138039259,amnesia,2006-01-23T18:00:59Z
474,6288,1138307044,gangs,2006-01-26T20:24:04Z
474,6289,1138307085,titanic,2006-01-26T20:24:45Z
474,6291,1138039248,prostitution,2006-01-23T18:00:48Z
474,6296,1138039267,mockumentary,2006-01-23T18:01:07Z
474,6297,1138307101,children,2006-01-26T20:25:01Z
474,6299,1138307384,birds,2006-01-26T20:29:44Z
474,6305,1137181490,ray bradbury,2006-01-13T19:44:50Z
474,6308,1137374834,lawyers,2006-01-16T01:27:14Z
474,6327,1138486479,1970s,2006-01-28T22:14:39Z
474,6327,1137200584,movies,2006-01-14T01:03:04Z
474,6331,1138039807,spelling bee,2006-01-23T18:10:07Z
474,6333,1137202706,jean grey,2006-01-14T01:38:26Z
474,6333,1137202706,magneto,2006-01-14T01:38:26Z
474,6333,1137202706,rogue,2006-01-14T01:38:26Z
474,6333,1137205082,superhero,2006-01-14T02:18:02Z
474,6333,1137202706,wolverine,2006-01-14T01:38:26Z
474,6334,1138039540,teachers,2006-01-23T18:05:40Z
474,6337,1138307244,gambling,2006-01-26T20:27:24Z
474,6339,1138307176,trains,2006-01-26T20:26:16Z
474,6341,1138307304,art,2006-01-26T20:28:24Z
474,6350,1138039543,anime,2006-01-23T18:05:43Z
474,6367,1138039562,retro,2006-01-23T18:06:02Z
474,6368,1138307051,movies,2006-01-26T20:24:11Z
474,6373,1137375076,religion,2006-01-16T01:31:16Z
474,6375,1137200486,in netflix queue,2006-01-14T01:01:26Z
474,6375,1137200486,they might be giants,2006-01-14T01:01:26Z
474,6377,1138039593,disney,2006-01-23T18:06:33Z
474,6377,1138039593,fish,2006-01-23T18:06:33Z
474,6378,1138307128,heist,2006-01-26T20:25:28Z
474,6380,1137205738,child abuse,2006-01-14T02:28:58Z
474,6385,1137202810,girl power,2006-01-14T01:40:10Z
474,6390,1138307320,ninotchka remake,2006-01-26T20:28:40Z
474,6400,1138307197,crime,2006-01-26T20:26:37Z
474,6407,1137374882,olympics,2006-01-16T01:28:02Z
474,6407,1137374882,tokyo,2006-01-16T01:28:02Z
474,6422,1138039799,civil war,2006-01-23T18:09:59Z
474,6440,1138307037,movie business,2006-01-26T20:23:57Z
474,6452,1137201737,in netflix queue,2006-01-14T01:22:17Z
474,6454,1138307204,nazis,2006-01-26T20:26:44Z
474,6466,1137202027,in netflix queue,2006-01-14T01:27:07Z
474,6502,1137181462,zombies,2006-01-13T19:44:22Z
474,6515,1137206135,fugitive,2006-01-14T02:35:35Z
474,6516,1137202127,in netflix queue,2006-01-14T01:28:47Z
474,6535,1137374839,politics,2006-01-16T01:27:19Z
474,6536,1138307326,swashbuckler,2006-01-26T20:28:46Z
474,6539,1138307257,swashbuckler,2006-01-26T20:27:37Z
474,6545,1137181524,dodie smith,2006-01-13T19:45:24Z
474,6547,1137375241,flood,2006-01-16T01:34:01Z
474,6552,1138039559,immigration,2006-01-23T18:05:59Z
474,6565,1138307288,horses,2006-01-26T20:28:08Z
474,6579,1138307236,japan,2006-01-26T20:27:16Z
474,6591,1138039719,religion,2006-01-23T18:08:39Z
474,6592,1138039795,marriage,2006-01-23T18:09:55Z
474,6603,1137375103,othello,2006-01-16T01:31:43Z
474,6609,1138307089,bible,2006-01-26T20:24:49Z
474,6620,1137205715,cancer,2006-01-14T02:28:35Z
474,6636,1138307356,road trip,2006-01-26T20:29:16Z
474,6639,1138307381,blindness,2006-01-26T20:29:41Z
474,6650,1138039708,family,2006-01-23T18:08:28Z
474,6650,1138039708,multiple roles,2006-01-23T18:08:28Z
474,6650,1138039708,murder,2006-01-23T18:08:28Z
474,6660,1138307265,ballet,2006-01-26T20:27:45Z
474,6662,1137375266,clousseau,2006-01-16T01:34:26Z
474,6667,1138307378,fbi,2006-01-26T20:29:38Z
474,6668,1137179689,in netflix queue,2006-01-13T19:14:49Z
474,6669,1138039639,terminal illness,2006-01-23T18:07:19Z
474,6708,1138307183,con men,2006-01-26T20:26:23Z
474,6708,1138307183,fatherhood,2006-01-26T20:26:23Z
474,6710,1138307069,vertriloquism,2006-01-26T20:24:29Z
474,6711,1138307143,japan,2006-01-26T20:25:43Z
474,6713,1137201914,in netflix queue,2006-01-14T01:25:14Z
474,6724,1137201684,in netflix queue,2006-01-14T01:21:24Z
474,6732,1137375130,matchmaker,2006-01-16T01:32:10Z
474,6744,1137375236,vampire,2006-01-16T01:33:56Z
474,6753,1138307295,animal movie,2006-01-26T20:28:15Z
474,6768,1138039714,religion,2006-01-23T18:08:34Z
474,6770,1138307212,adultery,2006-01-26T20:26:52Z
474,6770,1138307212,terminal illness,2006-01-26T20:26:52Z
474,6773,1138307369,biking,2006-01-26T20:29:29Z
474,6776,1137181544,india,2006-01-13T19:45:44Z
474,6785,1137206059,lonesome polecat,2006-01-14T02:34:19Z
474,6786,1137201845,in netflix queue,2006-01-14T01:24:05Z
474,6787,1138039529,journalism,2006-01-23T18:05:29Z
474,6787,1138039529,watergate,2006-01-23T18:05:29Z
474,6788,1137374818,pregnancy,2006-01-16T01:26:58Z
474,6791,1137191312,food,2006-01-13T22:28:32Z
474,6807,1138307193,british comedy,2006-01-26T20:26:33Z
474,6810,1138307335,domestic violence,2006-01-26T20:28:55Z
474,6820,1138039608,werewolf,2006-01-23T18:06:48Z
474,6832,1138307274,amnesia,2006-01-26T20:27:54Z
474,6849,1137374871,christmas,2006-01-16T01:27:51Z
474,6852,1138307125,black and white,2006-01-26T20:25:25Z
474,6852,1138307125,capote,2006-01-26T20:25:25Z
474,6852,1138307125,crime,2006-01-26T20:25:25Z
474,6852,1138307125,death penalty,2006-01-26T20:25:25Z
474,6852,1138307125,murder,2006-01-26T20:25:25Z
474,6856,1138039917,biopic,2006-01-23T18:11:57Z
474,6863,1138307284,school,2006-01-26T20:28:04Z
474,6867,1138039811,trains,2006-01-23T18:10:11Z
474,6870,1138307224,child abuse,2006-01-26T20:27:04Z
474,6870,1138307224,kidnapping,2006-01-26T20:27:04Z
474,6874,1138039672,martial arts,2006-01-23T18:07:52Z
474,6874,1138039672,revenge,2006-01-23T18:07:52Z
474,6881,1137181567,thanksgiving,2006-01-13T19:46:07Z
474,6890,1138039574,adolescence,2006-01-23T18:06:14Z
474,6890,1138039574,violence in america,2006-01-23T18:06:14Z
474,6909,1138039587,transplants,2006-01-23T18:06:27Z
474,6912,1137179371,rita hayworth can dance!,2006-01-13T19:09:31Z
474,6918,1138039870,india,2006-01-23T18:11:10Z
474,6932,1137181582,journalism,2006-01-13T19:46:22Z
474,6936,1138039581,christmas,2006-01-23T18:06:21Z
474,6944,1137374824,remake,2006-01-16T01:27:04Z
474,6944,1137374824,wedding,2006-01-16T01:27:04Z
474,6948,1138039867,music business,2006-01-23T18:11:07Z
474,6948,1138039867,rap,2006-01-23T18:11:07Z
474,6963,1137181478,amish,2006-01-13T19:44:38Z
474,6970,1137521576,hepburn and tracy,2006-01-17T18:12:56Z
474,6979,1138039874,cold war,2006-01-23T18:11:14Z
474,6981,1138039909,religion,2006-01-23T18:11:49Z
474,6984,1138039822,dickens,2006-01-23T18:10:22Z
474,6985,1137206024,saint,2006-01-14T02:33:44Z
474,6993,1138039618,family,2006-01-23T18:06:58Z
474,7013,1137206020,good and evil,2006-01-14T02:33:40Z
474,7018,1137375276,court,2006-01-16T01:34:36Z
474,7018,1137375276,scott turow,2006-01-16T01:34:36Z
474,7023,1137179697,in netflix queue,2006-01-13T19:14:57Z
474,7025,1137179593,in netflix queue,2006-01-13T19:13:13Z
474,7049,1137784580,astaire and rogers,2006-01-20T19:16:20Z
474,7050,1137784592,astaire and rogers,2006-01-20T19:16:32Z
474,7053,1138039791,astaire and rogers,2006-01-23T18:09:51Z
474,7055,1138039819,astaire and rogers,2006-01-23T18:10:19Z
474,7059,1138039728,horses,2006-01-23T18:08:48Z
474,7061,1138039554,terminal illness,2006-01-23T18:05:54Z
474,7062,1138039535,birds,2006-01-23T18:05:35Z
474,7062,1138039535,prison,2006-01-23T18:05:35Z
474,7069,1137201628,in netflix queue,2006-01-14T01:20:28Z
474,7069,1137201628,shakespeare,2006-01-14T01:20:28Z
474,7070,1138039780,cattle drive,2006-01-23T18:09:40Z
474,7071,1137201154,in netflix queue,2006-01-14T01:12:34Z
474,7073,1137375451,clousseau,2006-01-16T01:37:31Z
474,7079,1137375406,disability,2006-01-16T01:36:46Z
474,7086,1137201703,george bernard shaw,2006-01-14T01:21:43Z
474,7087,1138039751,e.m. forster,2006-01-23T18:09:11Z
474,7088,1137202031,in netflix queue,2006-01-14T01:27:11Z
474,7090,1138039622,martial arts,2006-01-23T18:07:02Z
474,7091,1138559500,marx brothers,2006-01-29T18:31:40Z
474,7121,1137181204,hepburn and tracy,2006-01-13T19:40:04Z
474,7132,1138039735,marx brothers,2006-01-23T18:08:55Z
474,7132,1138039735,opera,2006-01-23T18:08:55Z
474,7139,1138039653,immigrants,2006-01-23T18:07:33Z
474,7141,1137201569,in netflix queue,2006-01-14T01:19:29Z
474,7153,1137181217,tolkein,2006-01-13T19:40:17Z
474,7156,1138039601,vietnam,2006-01-23T18:06:41Z
474,7158,1137205933,real estate,2006-01-14T02:32:13Z
474,7160,1138039725,serial killer,2006-01-23T18:08:45Z
474,7162,1138039548,civil war,2006-01-23T18:05:48Z
474,7190,1140047502,charlotte bronte,2006-02-15T23:51:42Z
474,7212,1138039664,cross dressing,2006-01-23T18:07:44Z
474,7212,1138039664,men in drag,2006-01-23T18:07:44Z
474,7217,1137521621,amnesia,2006-01-17T18:13:41Z
474,7218,1137179905,in netflix queue,2006-01-13T19:18:25Z
474,7219,1138039826,truckers,2006-01-23T18:10:26Z
474,7234,1137206103,circus,2006-01-14T02:35:03Z
474,7256,1138039857,mountain climbing,2006-01-23T18:10:57Z
474,7285,1138039837,adolescence,2006-01-23T18:10:37Z
474,7301,1137521429,priest,2006-01-17T18:10:29Z
474,7301,1137521429,religion,2006-01-17T18:10:29Z
474,7318,1138039757,religion,2006-01-23T18:09:17Z
474,7323,1138039614,cold war,2006-01-23T18:06:54Z
474,7361,1137205808,memory,2006-01-14T02:30:08Z
474,7371,1137205800,grace,2006-01-14T02:30:00Z
474,7382,1138039629,adolescence,2006-01-23T18:07:09Z
474,7382,1138039629,crime,2006-01-23T18:07:09Z
474,7438,1137205948,revenge,2006-01-14T02:32:28Z
474,7440,1142279175,holocaust,2006-03-13T19:46:15Z
474,7451,1137205962,high school,2006-01-14T02:32:42Z
474,7479,1138039893,world war ii,2006-01-23T18:11:33Z
474,7493,1138039850,multiple personalities,2006-01-23T18:10:50Z
474,7572,1137181595,cancer,2006-01-13T19:46:35Z
474,7584,1138039906,hepburn and tracy,2006-01-23T18:11:46Z
474,7584,1138039906,marriage,2006-01-23T18:11:46Z
474,7614,1138040199,rogers and hammerstein,2006-01-23T18:16:39Z
474,7618,1137201647,biopic,2006-01-14T01:20:47Z
474,7618,1137201648,in netflix queue,2006-01-14T01:20:48Z
474,7619,1138040167,blindness,2006-01-23T18:16:07Z
474,7619,1138040171,deaf,2006-01-23T18:16:11Z
474,7646,1137374860,stephen king,2006-01-16T01:27:40Z
474,7649,1138039958,space station,2006-01-23T18:12:38Z
474,7700,1137201116,in netflix queue,2006-01-14T01:11:56Z
474,7705,1137521641,hepburn and tracy,2006-01-17T18:14:01Z
474,7705,1137521641,sports,2006-01-17T18:14:01Z
474,7713,1138040011,sexuality,2006-01-23T18:13:31Z
474,7714,1138039998,king arthur,2006-01-23T18:13:18Z
474,7728,1138040205,adultery,2006-01-23T18:16:45Z
474,7748,1137202002,in netflix queue,2006-01-14T01:26:42Z
474,7766,1138040268,macbeth,2006-01-23T18:17:48Z
474,7789,1138039932,terrorism,2006-01-23T18:12:12Z
474,7792,1137200939,in netflix queue,2006-01-14T01:08:59Z
474,7831,1137201638,nick and nora charles,2006-01-14T01:20:38Z
474,7832,1137201717,nick and nora charles,2006-01-14T01:21:57Z
474,7833,1137201661,nick and nora charles,2006-01-14T01:21:01Z
474,7834,1137200666,nick and nora charles,2006-01-14T01:04:26Z
474,7835,1137201747,nick and nora charles,2006-01-14T01:22:27Z
474,7924,1137201677,in netflix queue,2006-01-14T01:21:17Z
474,7926,1137179753,in netflix queue,2006-01-13T19:15:53Z
474,7932,1137271192,amtrak,2006-01-14T20:39:52Z
474,7932,1137271192,homeless,2006-01-14T20:39:52Z
474,7932,1137271192,independent,2006-01-14T20:39:52Z
474,7932,1137271192,new york,2006-01-14T20:39:52Z
474,7932,1137271191,sundance award winner,2006-01-14T20:39:51Z
474,7932,1137271192,train,2006-01-14T20:39:52Z
474,7934,1138040275,psychology,2006-01-23T18:17:55Z
474,7981,1138040118,police,2006-01-23T18:15:18Z
474,7983,1138039989,show business,2006-01-23T18:13:09Z
474,8011,1143998541,politics,2006-04-02T17:22:21Z
474,8014,1137200544,in netflix queue,2006-01-14T01:02:24Z
474,8019,1138040062,remade,2006-01-23T18:14:22Z
474,8033,1137200492,in netflix queue,2006-01-14T01:01:32Z
474,8094,1137179631,in netflix queue,2006-01-13T19:13:51Z
474,8153,1137375419,van gogh,2006-01-16T01:36:59Z
474,8167,1138040004,swashbuckler,2006-01-23T18:13:24Z
474,8183,1137201001,in netflix queue,2006-01-14T01:10:01Z
474,8188,1137179956,not available from netflix,2006-01-13T19:19:16Z
474,8190,1137201864,in netflix queue,2006-01-14T01:24:24Z
474,8191,1138039949,anne boleyn,2006-01-23T18:12:29Z
474,8197,1137202144,in netflix queue,2006-01-14T01:29:04Z
474,8207,1138040067,assassination,2006-01-23T18:14:27Z
474,8228,1138040147,heist,2006-01-23T18:15:47Z
474,8235,1137202793,clock,2006-01-14T01:39:53Z
474,8266,1137375433,prince,2006-01-16T01:37:13Z
474,8275,1137201789,in netflix queue,2006-01-14T01:23:09Z
474,8337,1138039993,military,2006-01-23T18:13:13Z
474,8338,1138039973,convent,2006-01-23T18:12:53Z
474,8338,1138039973,religion,2006-01-23T18:12:53Z
474,8341,1137200651,dickens,2006-01-14T01:04:11Z
474,8360,1138040236,ogres,2006-01-23T18:17:16Z
474,8366,1138040220,pregnancy,2006-01-23T18:17:00Z
474,8366,1138040220,religion,2006-01-23T18:17:00Z
474,8368,1137202784,magic,2006-01-14T01:39:44Z
474,8368,1137202784,wizards,2006-01-14T01:39:44Z
474,8375,1137375412,politics,2006-01-16T01:36:52Z
474,8376,1138040176,high school,2006-01-23T18:16:16Z
474,8379,1137200899,in netflix queue,2006-01-14T01:08:19Z
474,8382,1137375392,death,2006-01-16T01:36:32Z
474,8424,1138040077,divorce,2006-01-23T18:14:37Z
474,8446,1137375442,world war ii,2006-01-16T01:37:22Z
474,8463,1138040133,deafness,2006-01-23T18:15:33Z
474,8464,1138040254,food,2006-01-23T18:17:34Z
474,8464,1138040254,mcdonalds,2006-01-23T18:17:34Z
474,8507,1138040090,circus,2006-01-23T18:14:50Z
474,8530,1138040071,ireland,2006-01-23T18:14:31Z
474,8580,1137201021,fairy tales,2006-01-14T01:10:21Z
474,8580,1137201021,in netflix queue,2006-01-14T01:10:21Z
474,8607,1137201077,in netflix queue,2006-01-14T01:11:17Z
474,8609,1137179727,in netflix queue,2006-01-13T19:15:27Z
474,8622,1138040083,politics,2006-01-23T18:14:43Z
474,8622,1138040083,terrorism,2006-01-23T18:14:43Z
474,8636,1137202798,doc ock,2006-01-14T01:39:58Z
474,8638,1138039967,generation x,2006-01-23T18:12:47Z
474,8645,1138040155,drugs,2006-01-23T18:15:55Z
474,8645,1138040155,immigrants,2006-01-23T18:15:55Z
474,8695,1137375369,court,2006-01-16T01:36:09Z
474,8714,1137375425,cole porter,2006-01-16T01:37:05Z
474,8754,1142282521,oscar (best actress),2006-03-13T20:42:01Z
474,8765,1137179707,in netflix queue,2006-01-13T19:15:07Z
474,8784,1138040105,psychology,2006-01-23T18:15:05Z
474,8796,1137375385,rome,2006-01-16T01:36:25Z
474,8809,1138040052,australia,2006-01-23T18:14:12Z
474,8827,1138039969,stand up,2006-01-23T18:12:49Z
474,8838,1137179758,in netflix queue,2006-01-13T19:15:58Z
474,8874,1138040225,zombies,2006-01-23T18:17:05Z
474,8875,1138040042,alcoholism,2006-01-23T18:14:02Z
474,8875,1138040042,marriage,2006-01-23T18:14:02Z
474,8879,1145755135,agatha christie,2006-04-23T01:18:55Z
474,8879,1145755138,oscar (best supporting actress),2006-04-23T01:18:58Z
474,8879,1145755140,train,2006-04-23T01:19:00Z
474,8880,1138040162,disability,2006-01-23T18:16:02Z
474,8914,1138040211,time travel,2006-01-23T18:16:51Z
474,8920,1142282522,oscar (best actress),2006-03-13T20:42:02Z
474,8938,1138040262,parenthood,2006-01-23T18:17:42Z
474,8938,1138040262,psychology,2006-01-23T18:17:42Z
474,8943,1137375373,stage,2006-01-16T01:36:13Z
474,8949,1138040242,wine,2006-01-23T18:17:22Z
474,8950,1138040138,psychology,2006-01-23T18:15:38Z
474,8951,1138040272,abortion,2006-01-23T18:17:52Z
474,8958,1138040214,biopic,2006-01-23T18:16:54Z
474,8961,1138040115,disney,2006-01-23T18:15:15Z
474,8961,1138040115,superhero,2006-01-23T18:15:15Z
474,8970,1138040086,peter pan,2006-01-23T18:14:46Z
474,8979,1137521449,hearst,2006-01-17T18:10:49Z
474,8983,1138040109,martial arts,2006-01-23T18:15:09Z
474,8998,1137179738,in netflix queue,2006-01-13T19:15:38Z
474,9018,1138040046,journalism,2006-01-23T18:14:06Z
474,25753,1139940948,gold,2006-02-14T18:15:48Z
474,25825,1137205843,revenge,2006-01-14T02:30:43Z
474,25841,1138040249,show business,2006-01-23T18:17:29Z
474,25855,1137179637,in netflix queue,2006-01-13T19:13:57Z
474,25865,1137201652,in netflix queue,2006-01-14T01:20:52Z
474,25886,1137206038,made me cry,2006-01-14T02:33:58Z
474,25940,1137521290,mirrors,2006-01-17T18:08:10Z
474,25952,1137179713,in netflix queue,2006-01-13T19:15:13Z
474,26085,1137179665,not available from netflix,2006-01-13T19:14:25Z
474,26131,1137200982,in netflix queue,2006-01-14T01:09:42Z
474,26151,1145749895,donkey,2006-04-22T23:51:35Z
474,26242,1137179570,in netflix queue,2006-01-13T19:12:50Z
474,26662,1138040136,anime,2006-01-23T18:15:36Z
474,26776,1137179786,in netflix queue,2006-01-13T19:16:26Z
474,27731,1137201122,in netflix queue,2006-01-14T01:12:02Z
474,27741,1137179587,in netflix queue,2006-01-13T19:13:07Z
474,27790,1138040326,religion,2006-01-23T18:18:46Z
474,27790,1138040326,saints,2006-01-23T18:18:46Z
474,27820,1138040358,animal movie,2006-01-23T18:19:18Z
474,27820,1138040358,camels,2006-01-23T18:19:18Z
474,27834,1138040348,fatherhood,2006-01-23T18:19:08Z
474,27838,1137205953,revenge,2006-01-14T02:32:33Z
474,27878,1138038974,india,2006-01-23T17:56:14Z
474,27882,1139939407,surfing,2006-02-14T17:50:07Z
474,30707,1138040320,boxing,2006-01-23T18:18:40Z
474,30749,1137205917,genocide,2006-01-14T02:31:57Z
474,30793,1138038979,roald dahl,2006-01-23T17:56:19Z
474,30812,1138038949,biopic,2006-01-23T17:55:49Z
474,30812,1138038949,howard hughes,2006-01-23T17:55:49Z
474,30812,1138038949,movie business,2006-01-23T17:55:49Z
474,30820,1137206121,child abuse,2006-01-14T02:35:21Z
474,30822,1137205938,busniess,2006-01-14T02:32:18Z
474,30850,1137181555,shakespeare,2006-01-13T19:45:55Z
474,31030,1138040311,motherhood,2006-01-23T18:18:31Z
474,31437,1138040341,orphans,2006-01-23T18:19:01Z
474,31658,1145451856,06 oscar nominated best movie - animation,2006-04-19T13:04:16Z
474,31658,1137201531,in netflix queue,2006-01-14T01:18:51Z
474,31903,1138040364,marriage,2006-01-23T18:19:24Z
474,31923,1137200865,in netflix queue,2006-01-14T01:07:45Z
474,32160,1137179674,in netflix queue,2006-01-13T19:14:34Z
474,32371,1137202044,in netflix queue,2006-01-14T01:27:24Z
474,32582,1138804206,birds,2006-02-01T14:30:06Z
474,32582,1138804206,parrots,2006-02-01T14:30:06Z
474,32584,1138038959,fatherhood,2006-01-23T17:55:59Z
474,33154,1137766122,business,2006-01-20T14:08:42Z
474,33154,1137766122,money,2006-01-20T14:08:42Z
474,33154,1137766123,scandal,2006-01-20T14:08:43Z
474,33166,1138038982,racism,2006-01-23T17:56:22Z
474,33493,1137206087,space,2006-01-14T02:34:47Z
474,33493,1137206087,space opera,2006-01-14T02:34:47Z
474,33660,1137201602,boxing,2006-01-14T01:20:02Z
474,34271,1141848751,hip hop,2006-03-08T20:12:31Z
474,34359,1138040301,pregnancy,2006-01-23T18:18:21Z
474,34405,1137181624,firefly,2006-01-13T19:47:04Z
474,34437,1137179720,in netflix queue,2006-01-13T19:15:20Z
474,34482,1137202180,in netflix queue,2006-01-14T01:29:40Z
474,34528,1139693892,pregnancy,2006-02-11T21:38:12Z
474,34542,1138039000,animal movie,2006-01-23T17:56:40Z
474,34542,1138039000,bears,2006-01-23T17:56:40Z
474,35015,1137180081,animal movie,2006-01-13T19:21:21Z
474,35015,1137202200,in netflix queue,2006-01-14T01:30:00Z
474,36517,1139234947,africa,2006-02-06T14:09:07Z
474,36517,1139234947,business,2006-02-06T14:09:07Z
474,36517,1139234947,politics,2006-02-06T14:09:07Z
474,36527,1137201998,mathematics,2006-01-14T01:26:38Z
474,36535,1137201162,in netflix queue,2006-01-14T01:12:42Z
474,37240,1138804230,in netflix queue,2006-02-01T14:30:30Z
474,37729,1139059938,06 oscar nominated best movie - animation,2006-02-04T13:32:18Z
474,37733,1137200955,in netflix queue,2006-01-14T01:09:15Z
474,37736,1139940656,dickens,2006-02-14T18:10:56Z
474,37741,1142996187,truman capote,2006-03-22T02:56:27Z
474,38038,1139664190,06 oscar nominated best movie - animation,2006-02-11T13:23:10Z
474,38038,1139664221,aardman,2006-02-11T13:23:41Z
474,38061,1137179624,in netflix queue,2006-01-13T19:13:44Z
474,38886,1145451837,divorce,2006-04-19T13:03:57Z
474,39234,1140576326,courtroom drama,2006-02-22T02:45:26Z
474,39234,1137202089,in netflix queue,2006-01-14T01:28:09Z
474,39292,1137201595,in netflix queue,2006-01-14T01:19:55Z
474,39292,1137201595,journalism,2006-01-14T01:19:55Z
474,39292,1137201595,mccarthy hearings,2006-01-14T01:19:55Z
474,39292,1137201595,morrow,2006-01-14T01:19:55Z
474,40583,1137200527,in netflix queue,2006-01-14T01:02:07Z
474,40629,1137179797,in netflix queue,2006-01-13T19:16:37Z
474,40815,1137202776,magic,2006-01-14T01:39:36Z
474,40815,1137202776,wizards,2006-01-14T01:39:36Z
474,40819,1137200595,johnny cash,2006-01-14T01:03:15Z
474,41566,1137181617,c.s. lewis,2006-01-13T19:46:57Z
474,41997,1137179603,in netflix queue,2006-01-13T19:13:23Z
474,42002,1137202150,in netflix queue,2006-01-14T01:29:10Z
474,42740,1138804237,in netflix queue,2006-02-01T14:30:37Z
477,32,1242494310,brad pitt,2009-05-16T17:18:30Z
477,32,1242494306,bruce willis,2009-05-16T17:18:26Z
477,32,1242494321,mindfuck,2009-05-16T17:18:41Z
477,32,1242494300,post apocalyptic,2009-05-16T17:18:20Z
477,32,1242494300,post-apocalyptic,2009-05-16T17:18:20Z
477,32,1242494315,remake,2009-05-16T17:18:35Z
477,32,1242494304,time travel,2009-05-16T17:18:24Z
477,32,1242494302,twist ending,2009-05-16T17:18:22Z
477,34,1244787845,villain nonexistent or not needed for good story,2009-06-12T06:24:05Z
477,104,1244787691,adam sandler,2009-06-12T06:21:31Z
477,216,1244787718,adam sandler,2009-06-12T06:21:58Z
477,216,1244787726,stop looking at me swan,2009-06-12T06:22:06Z
477,318,1244566076,morgan freeman,2009-06-09T16:47:56Z
477,541,1262795764,androids,2010-01-06T16:36:04Z
477,541,1262795769,artificial intelligence,2010-01-06T16:36:09Z
477,541,1262795768,atmospheric,2010-01-06T16:36:08Z
477,541,1262795770,cyberpunk,2010-01-06T16:36:10Z
477,541,1262795772,future,2010-01-06T16:36:12Z
477,541,1262795778,mindfuck,2010-01-06T16:36:18Z
477,541,1262795776,philip k. dick,2010-01-06T16:36:16Z
477,589,1201166474,scifi masterpiece,2008-01-24T09:21:14Z
477,593,1241396359,disturbing,2009-05-04T00:19:19Z
477,593,1241396391,drama,2009-05-04T00:19:51Z
477,593,1241396378,gothic,2009-05-04T00:19:38Z
477,593,1241396367,psychology,2009-05-04T00:19:27Z
477,593,1241396389,suspense,2009-05-04T00:19:49Z
477,733,1241938858,michael bay,2009-05-10T07:00:58Z
477,733,1241938853,terrorism,2009-05-10T07:00:53Z
477,750,1242494959,black comedy,2009-05-16T17:29:19Z
477,750,1242494953,dark comedy,2009-05-16T17:29:13Z
477,750,1242494951,satire,2009-05-16T17:29:11Z
477,832,1269832636,give me back my son!,2010-03-29T03:17:16Z
477,832,1269832633,it was melodramatic and kind of dumb,2010-03-29T03:17:13Z
477,832,1269832629,mel gibson,2010-03-29T03:17:09Z
477,903,1242577125,alfred hitchcock,2009-05-17T16:18:45Z
477,903,1242577135,atmospheric,2009-05-17T16:18:55Z
477,903,1242577117,imdb top 250,2009-05-17T16:18:37Z
477,903,1242577112,james stewart,2009-05-17T16:18:32Z
477,904,1242577077,imdb top 250,2009-05-17T16:17:57Z
477,904,1242577056,james stewart,2009-05-17T16:17:36Z
477,904,1242577064,mystery,2009-05-17T16:17:44Z
477,904,1242577068,photographer,2009-05-17T16:17:48Z
477,904,1242577070,photography,2009-05-17T16:17:50Z
477,908,1242577097,alfred hitchcock,2009-05-17T16:18:17Z
477,908,1242577100,imdb top 250,2009-05-17T16:18:20Z
477,922,1245030098,eerie,2009-06-15T01:41:38Z
477,922,1245030089,movie business,2009-06-15T01:41:29Z
477,1089,1242494883,humorous,2009-05-16T17:28:03Z
477,1089,1242494879,neo-noir,2009-05-16T17:27:59Z
477,1089,1242494874,quentin tarantino,2009-05-16T17:27:54Z
477,1089,1242494896,religion,2009-05-16T17:28:16Z
477,1089,1242494887,tarantino,2009-05-16T17:28:07Z
477,1196,1262795806,classic,2010-01-06T16:36:46Z
477,1196,1262795793,george lucas,2010-01-06T16:36:33Z
477,1196,1262795792,harrison ford,2010-01-06T16:36:32Z
477,1196,1262795815,music,2010-01-06T16:36:55Z
477,1196,1262795808,original plot,2010-01-06T16:36:48Z
477,1196,1262795797,sci-fi,2010-01-06T16:36:37Z
477,1196,1262795800,sequel,2010-01-06T16:36:40Z
477,1219,1242577153,alfred hitchcock,2009-05-17T16:19:13Z
477,1219,1242577173,black and white,2009-05-17T16:19:33Z
477,1219,1242577161,imdb top 250,2009-05-17T16:19:21Z
477,1219,1242577165,remade,2009-05-17T16:19:25Z
477,1222,1242494925,anti-war,2009-05-16T17:28:45Z
477,1274,1244787931,animation,2009-06-12T06:25:31Z
477,1274,1244787929,anime,2009-06-12T06:25:29Z
477,1274,1244787944,visually stunning,2009-06-12T06:25:44Z
477,2393,1242278473,cameo:whoopi goldberg,2009-05-14T05:21:13Z
477,2393,1242278463,space opera,2009-05-14T05:21:03Z
477,2393,1242278464,star trek,2009-05-14T05:21:04Z
477,2694,1244787788,adam sandler,2009-06-12T06:23:08Z
477,2706,1244707216,best comedy,2009-06-11T08:00:16Z
477,2706,1244707221,chris klein,2009-06-11T08:00:21Z
477,2706,1244707211,dumb,2009-06-11T08:00:11Z
477,2706,1244707223,jason biggs,2009-06-11T08:00:23Z
477,2706,1244707227,not funny,2009-06-11T08:00:27Z
477,2706,1244707207,pizza beer,2009-06-11T08:00:07Z
477,2706,1244707224,seann william scott,2009-06-11T08:00:24Z
477,2706,1244707202,teen,2009-06-11T08:00:02Z
477,2761,1244787872,animation,2009-06-12T06:24:32Z
477,3000,1241396438,adventure,2009-05-04T00:20:38Z
477,3000,1241396434,atmospheric,2009-05-04T00:20:34Z
477,3000,1241396427,fantasy world,2009-05-04T00:20:27Z
477,3000,1241396420,studio ghibli,2009-05-04T00:20:20Z
477,3000,1241396422,surreal,2009-05-04T00:20:22Z
477,3527,1278683918,aliens,2010-07-09T13:58:38Z
477,3527,1269832592,arnold schwarzenegger,2010-03-29T03:16:32Z
477,3527,1269832605,dialogue,2010-03-29T03:16:45Z
477,3527,1278683912,guns,2010-07-09T13:58:32Z
477,3527,1269832593,jesse ventura,2010-03-29T03:16:33Z
477,3527,1269832597,macho,2010-03-29T03:16:37Z
477,3527,1269832609,sci-fi,2010-03-29T03:16:49Z
477,3527,1269832612,scifi cult,2010-03-29T03:16:52Z
477,3994,1241396301,atmospheric,2009-05-04T00:18:21Z
477,3994,1241396280,comics,2009-05-04T00:18:00Z
477,3994,1241396313,father-son relationship,2009-05-04T00:18:33Z
477,3994,1241396308,mindfuck,2009-05-04T00:18:28Z
477,3994,1241396293,unique,2009-05-04T00:18:13Z
477,4226,1256051072,mystery,2009-10-20T15:04:32Z
477,4226,1256051079,twist ending,2009-10-20T15:04:39Z
477,4454,1245030193,claymation,2009-06-15T01:43:13Z
477,4454,1245030187,creativity,2009-06-15T01:43:07Z
477,4454,1245030190,dystopia,2009-06-15T01:43:10Z
477,4454,1245030175,free to download,2009-06-15T01:42:55Z
477,4454,1245030178,imagination,2009-06-15T01:42:58Z
477,4454,1245030196,no dialogue,2009-06-15T01:43:16Z
477,4454,1245030185,social commentary,2009-06-15T01:43:05Z
477,4725,1252820163,mental hospital,2009-09-13T05:36:03Z
477,4725,1252820170,psychology,2009-09-13T05:36:10Z
477,4725,1252820168,suspense,2009-09-13T05:36:08Z
477,4725,1252820180,well done,2009-09-13T05:36:20Z
477,4878,1242494462,dreamlike,2009-05-16T17:21:02Z
477,4878,1242494486,hallucinatory,2009-05-16T17:21:26Z
477,4878,1242494483,mental illness,2009-05-16T17:21:23Z
477,4878,1242494469,psychology,2009-05-16T17:21:09Z
477,4878,1242494478,social commentary,2009-05-16T17:21:18Z
477,4878,1242494496,teen,2009-05-16T17:21:36Z
477,4878,1242494462,thought-provoking,2009-05-16T17:21:02Z
477,5459,1262795620,crappy sequel,2010-01-06T16:33:40Z
477,5459,1262795632,first was much better,2010-01-06T16:33:52Z
477,5459,1262795653,sequel,2010-01-06T16:34:13Z
477,7361,1242494340,cult film,2009-05-16T17:19:00Z
477,7361,1256051047,imagination,2009-10-20T15:04:07Z
477,7361,1242494357,jim carrey,2009-05-16T17:19:17Z
477,7361,1256051045,love,2009-10-20T15:04:05Z
477,7361,1256051041,surreal,2009-10-20T15:04:01Z
477,7439,1201196824,comic book,2008-01-24T17:47:04Z
477,8783,1242580424,atmospheric,2009-05-17T17:13:44Z
477,8783,1242580444,good soundtrack,2009-05-17T17:14:04Z
477,8783,1242580441,m. night shyamalan,2009-05-17T17:14:01Z
477,8961,1244789192,animation,2009-06-12T06:46:32Z
477,8961,1244789197,samuel l. jackson,2009-06-12T06:46:37Z
477,41569,1262795959,big budget,2010-01-06T16:39:19Z
477,42422,1252377761,love,2009-09-08T02:42:41Z
477,45499,1262795979,halle berry,2010-01-06T16:39:39Z
477,45499,1262795972,hugh jackman,2010-01-06T16:39:32Z
477,45730,1242580531,bad,2009-05-17T17:15:31Z
477,45730,1242580521,disappointing,2009-05-17T17:15:21Z
477,45730,1242580526,faerie tale,2009-05-17T17:15:26Z
477,45730,1242580523,fairy tale,2009-05-17T17:15:23Z
477,45730,1242580497,far fetched,2009-05-17T17:14:57Z
477,45730,1242580504,m. night shyamalan,2009-05-17T17:15:04Z
477,45730,1242580508,paul giamatti,2009-05-17T17:15:08Z
477,47610,1242580608,costume drama,2009-05-17T17:16:48Z
477,47610,1242580578,edward norton,2009-05-17T17:16:18Z
477,47610,1242580595,magic,2009-05-17T17:16:35Z
477,47610,1242580580,paul giamatti,2009-05-17T17:16:20Z
477,52885,1256051008,dreamlike,2009-10-20T15:03:28Z
477,53468,1254101434,zombies,2009-09-28T01:30:34Z
477,54503,1244566102,friendship,2009-06-09T16:48:22Z
477,54503,1244566117,high school,2009-06-09T16:48:37Z
477,54503,1244566094,michael cera,2009-06-09T16:48:14Z
477,54503,1244566133,nerds,2009-06-09T16:48:53Z
477,54503,1244566119,self discovery,2009-06-09T16:48:39Z
477,54503,1244566122,shenanigans,2009-06-09T16:48:42Z
477,54503,1244566127,virginity,2009-06-09T16:48:47Z
477,55167,1282924582,anime,2010-08-27T15:56:22Z
477,56174,1262795676,alone in the world,2010-01-06T16:34:36Z
477,56174,1262795677,apocalypse,2010-01-06T16:34:37Z
477,56174,1262795681,based on a book,2010-01-06T16:34:41Z
477,56174,1262795684,last man on earth,2010-01-06T16:34:44Z
477,56174,1262795671,plot holes,2010-01-06T16:34:31Z
477,56174,1262795695,post apocalyptic,2010-01-06T16:34:55Z
477,56174,1262795699,post-apocalyptic,2010-01-06T16:34:59Z
477,56174,1262795669,religion,2010-01-06T16:34:29Z
477,56174,1262795702,vampire,2010-01-06T16:35:02Z
477,56367,1244566158,michael cera,2009-06-09T16:49:18Z
477,56367,1244566156,notable soundtrack,2009-06-09T16:49:16Z
477,56367,1244566154,pregnancy,2009-06-09T16:49:14Z
477,56367,1244566153,teenage pregnancy,2009-06-09T16:49:13Z
477,56367,1244566176,witty,2009-06-09T16:49:36Z
477,57669,1269832562,black comedy,2010-03-29T03:16:02Z
477,57669,1269832561,colin farrell,2010-03-29T03:16:01Z
477,57669,1269832559,dark comedy,2010-03-29T03:15:59Z
477,57669,1269832564,drugs,2010-03-29T03:16:04Z
477,57669,1269832567,friendship,2010-03-29T03:16:07Z
477,57669,1269832579,irreverent,2010-03-29T03:16:19Z
477,57669,1269832572,ralph fiennes,2010-03-29T03:16:12Z
477,57669,1269832574,stylized,2010-03-29T03:16:14Z
477,59141,1241396155,movies about movies,2009-05-04T00:15:55Z
477,60069,1241396252,last man on earth,2009-05-04T00:17:32Z
477,60069,1241396256,love story,2009-05-04T00:17:36Z
477,60069,1241396239,post apocalyptic,2009-05-04T00:17:19Z
477,60069,1241396236,social commentary,2009-05-04T00:17:16Z
477,61323,1269832483,brad pitt,2010-03-29T03:14:43Z
477,61323,1269832486,coen bros,2010-03-29T03:14:46Z
477,61323,1269832484,coen brothers,2010-03-29T03:14:44Z
477,61323,1269832488,dark comedy,2010-03-29T03:14:48Z
477,61323,1269832491,espionage,2010-03-29T03:14:51Z
477,61323,1269832490,george clooney,2010-03-29T03:14:50Z
477,61323,1269832492,john malkovich,2010-03-29T03:14:52Z
477,61323,1269832497,satire,2010-03-29T03:14:57Z
477,61323,1269832504,twists & turns,2010-03-29T03:15:04Z
477,61323,1269832501,weird,2010-03-29T03:15:01Z
477,62336,1282924611,2d animation,2010-08-27T15:56:51Z
477,62336,1282924621,cult film,2010-08-27T15:57:01Z
477,62336,1282924615,stylish,2010-08-27T15:56:55Z
477,62336,1282924617,surreal,2010-08-27T15:56:57Z
477,66934,1244788368,joss whedon,2009-06-12T06:32:48Z
477,66934,1244788378,nathan fillion,2009-06-12T06:32:58Z
477,66934,1244788374,neil patrick harris,2009-06-12T06:32:54Z
477,66934,1244788359,parody,2009-06-12T06:32:39Z
477,67087,1269833868,andy samberg,2010-03-29T03:37:48Z
477,67087,1269833887,bromance,2010-03-29T03:38:07Z
477,67087,1269833884,bromantic,2010-03-29T03:38:04Z
477,67087,1269833878,comedy,2010-03-29T03:37:58Z
477,67087,1269833873,jaime pressly,2010-03-29T03:37:53Z
477,67087,1269833863,jason segel,2010-03-29T03:37:43Z
477,67087,1269833871,masculinity,2010-03-29T03:37:51Z
477,67087,1269833866,paul rudd,2010-03-29T03:37:46Z
477,68237,1252898614,2001-like,2009-09-14T03:23:34Z
477,68237,1252898620,sci-fi,2009-09-14T03:23:40Z
477,68237,1252898625,solitude,2009-09-14T03:23:45Z
477,68319,1262795886,bad plot,2010-01-06T16:38:06Z
477,68319,1241938912,comic book,2009-05-10T07:01:52Z
477,68319,1262795892,hugh jackman,2010-01-06T16:38:12Z
477,68319,1262795891,ryan reynolds,2010-01-06T16:38:11Z
477,68319,1241941484,too many characters,2009-05-10T07:44:44Z
477,68358,1245030304,future,2009-06-15T01:45:04Z
477,68358,1262795924,lack of development,2010-01-06T16:38:44Z
477,68358,1262795926,lack of story,2010-01-06T16:38:46Z
477,68358,1245030309,quick cuts,2009-06-15T01:45:09Z
477,68358,1262795933,sci-fi,2010-01-06T16:38:53Z
477,68358,1245030316,simon pegg,2009-06-15T01:45:16Z
477,68358,1262795932,space,2010-01-06T16:38:52Z
477,68358,1262795931,space travel,2010-01-06T16:38:51Z
477,68358,1262795929,time travel,2010-01-06T16:38:49Z
477,68791,1262795849,artificial intelligence,2010-01-06T16:37:29Z
477,68791,1262795862,bad acting,2010-01-06T16:37:42Z
477,68791,1262795842,bad plot,2010-01-06T16:37:22Z
477,68791,1262795859,bad script,2010-01-06T16:37:39Z
477,68791,1262795846,christian bale,2010-01-06T16:37:26Z
477,68791,1262795852,fighting the system,2010-01-06T16:37:32Z
477,68791,1262795875,franchise,2010-01-06T16:37:55Z
477,68791,1243401981,new composer,2009-05-27T05:26:21Z
477,68791,1262795854,post-apocalyptic,2010-01-06T16:37:34Z
477,68791,1243401992,robots,2009-05-27T05:26:32Z
477,68791,1262795871,sci-fi,2010-01-06T16:37:51Z
477,68791,1262795873,sequel,2010-01-06T16:37:53Z
477,68945,1246349071,recap,2009-06-30T08:04:31Z
477,69526,1262795720,bad plot,2010-01-06T16:35:20Z
477,69526,1262795729,michael bay,2010-01-06T16:35:29Z
477,69526,1246346162,needed more autobots,2009-06-30T07:16:02Z
477,69526,1262795732,plot holes,2010-01-06T16:35:32Z
477,69526,1262795737,ridiculous,2010-01-06T16:35:37Z
477,69526,1246346172,shia labeouf,2009-06-30T07:16:12Z
477,69526,1246346159,stop using useless characters for filler,2009-06-30T07:15:59Z
477,69757,1279956134,artistic,2010-07-24T07:22:14Z
477,69757,1279956141,funny,2010-07-24T07:22:21Z
477,69757,1279956124,humorous,2010-07-24T07:22:04Z
477,69757,1279956130,inspiring,2010-07-24T07:22:10Z
477,69757,1279956132,intelligent,2010-07-24T07:22:12Z
477,69757,1279956145,quirky,2010-07-24T07:22:25Z
477,69757,1279956123,romance,2010-07-24T07:22:03Z
477,69757,1279956120,zooey deschanel,2010-07-24T07:22:00Z
477,70286,1250476969,intelligent sci-fi,2009-08-17T02:42:49Z
477,72224,1296891269,bad humor,2011-02-05T07:34:29Z
477,72998,1262707524,bad science,2010-01-05T16:05:24Z
477,72998,1262707531,futuristic,2010-01-05T16:05:31Z
477,72998,1262707532,graphic design,2010-01-05T16:05:32Z
477,72998,1262707536,james cameron,2010-01-05T16:05:36Z
477,72998,1262707534,military,2010-01-05T16:05:34Z
477,72998,1262707537,poor dialogue,2010-01-05T16:05:37Z
477,72998,1262707551,sci-fi,2010-01-05T16:05:51Z
477,72998,1262707525,superficial plot,2010-01-05T16:05:25Z
477,72998,1262794416,unoriginal,2010-01-06T16:13:36Z
477,72998,1262707542,white guilt,2010-01-05T16:05:42Z
477,79132,1280608188,dreamlike,2010-07-31T20:29:48Z
477,79132,1280608178,surreal,2010-07-31T20:29:38Z
477,79132,1280608181,visually appealing,2010-07-31T20:29:41Z
477,79702,1282923864,geeky,2010-08-27T15:44:24Z
477,79702,1282923853,michael cera,2010-08-27T15:44:13Z
477,79702,1282923856,stylized,2010-08-27T15:44:16Z
477,79702,1282923860,video games,2010-08-27T15:44:20Z
477,82242,1293690470,male nudity,2010-12-30T06:27:50Z
477,82461,1296891206,action choreography,2011-02-05T07:33:26Z
477,82461,1296891200,horrid characterisation,2011-02-05T07:33:20Z
477,82461,1296891195,poor plot development,2011-02-05T07:33:15Z
477,82461,1296891202,sequel,2011-02-05T07:33:22Z
477,82461,1296891203,soundtrack,2011-02-05T07:33:23Z
487,112552,1429347541,passion,2015-04-18T08:59:01Z
487,112552,1429347541,psychological,2015-04-18T08:59:01Z
487,112552,1429347541,suspense,2015-04-18T08:59:01Z
506,112552,1424487178,jazz,2015-02-21T02:52:58Z
506,112552,1424487178,music,2015-02-21T02:52:58Z
506,112552,1424487178,tense,2015-02-21T02:52:58Z
509,80834,1435992979,adventure,2015-07-04T06:56:19Z
509,80834,1435992979,animation,2015-07-04T06:56:19Z
509,80834,1435992979,fantasy,2015-07-04T06:56:19Z
513,750,1159980456,purity of essence,2006-10-04T16:47:36Z
513,750,1159980456,slim pickens,2006-10-04T16:47:36Z
513,6787,1159980769,deep throat,2006-10-04T16:52:49Z
520,3039,1326608424,dan aykroyd,2012-01-15T06:20:24Z
520,60516,1326610782,enjoyable,2012-01-15T06:59:42Z
533,356,1424753866,bubba gump shrimp,2015-02-24T04:57:46Z
533,356,1424753866,lieutenant dan,2015-02-24T04:57:46Z
533,356,1424753866,stupid is as stupid does,2015-02-24T04:57:46Z
537,527,1424142072,based on a true story,2015-02-17T03:01:12Z
537,527,1424142112,biography,2015-02-17T03:01:52Z
537,527,1424142113,disturbing,2015-02-17T03:01:53Z
537,527,1424142110,holocaust,2015-02-17T03:01:50Z
537,1625,1424141701,mystery,2015-02-17T02:55:01Z
537,1721,1424141922,romance,2015-02-17T02:58:42Z
537,2329,1424141449,edward norton,2015-02-17T02:50:49Z
537,2329,1424141459,emotional,2015-02-17T02:50:59Z
537,2329,1424141461,politics,2015-02-17T02:51:01Z
537,2571,1424141098,philosophy,2015-02-17T02:44:58Z
537,2571,1424141101,post apocalyptic,2015-02-17T02:45:01Z
537,3949,1424141547,depressing,2015-02-17T02:52:27Z
537,3949,1424141551,psychology,2015-02-17T02:52:31Z
537,5989,1424139697,cheating,2015-02-17T02:21:37Z
537,5989,1424139627,intelligent,2015-02-17T02:20:27Z
537,5989,1424139605,leonardo dicaprio,2015-02-17T02:20:05Z
537,5989,1424139629,lies,2015-02-17T02:20:29Z
537,5989,1424139670,smart,2015-02-17T02:21:10Z
537,5989,1424139608,tom hanks,2015-02-17T02:20:08Z
537,5989,1424139659,twists & turns,2015-02-17T02:20:59Z
537,8533,1424141963,memory loss,2015-02-17T02:59:23Z
537,8533,1424141953,romance,2015-02-17T02:59:13Z
537,8533,1424141974,sad,2015-02-17T02:59:34Z
537,55765,1424139519,corruption,2015-02-17T02:18:39Z
537,55765,1424139515,denzel washington,2015-02-17T02:18:35Z
537,55765,1424139559,mafia,2015-02-17T02:19:19Z
537,55765,1424139529,organized crime,2015-02-17T02:18:49Z
537,58295,1424139043,heist,2015-02-17T02:10:43Z
537,58295,1424139058,robbery,2015-02-17T02:10:58Z
537,58295,1424139056,small time criminals,2015-02-17T02:10:56Z
537,69122,1424140307,casino,2015-02-17T02:31:47Z
537,69122,1424140299,comedy,2015-02-17T02:31:39Z
537,69122,1424140317,funny,2015-02-17T02:31:57Z
537,69122,1424140308,hotel,2015-02-17T02:31:48Z
537,69122,1424140298,las vegas,2015-02-17T02:31:38Z
537,69481,1424144802,war,2015-02-17T03:46:42Z
537,72998,1424140229,beautiful scenery,2015-02-17T02:30:29Z
537,72998,1424140242,graphic design,2015-02-17T02:30:42Z
537,72998,1424140259,music,2015-02-17T02:30:59Z
537,72998,1424140263,politics,2015-02-17T02:31:03Z
537,72998,1424140252,romance,2015-02-17T02:30:52Z
537,72998,1424140286,thought-provoking,2015-02-17T02:31:26Z
537,72998,1424140237,too long,2015-02-17T02:30:37Z
537,72998,1424140233,visually stunning,2015-02-17T02:30:33Z
537,79132,1424140151,big budget,2015-02-17T02:29:11Z
537,79132,1424140142,clever,2015-02-17T02:29:02Z
537,79132,1424140133,complicated,2015-02-17T02:28:53Z
537,79132,1424140200,dead wife,2015-02-17T02:30:00Z
537,79132,1424140118,great soundtrack,2015-02-17T02:28:38Z
537,79132,1424140154,heist,2015-02-17T02:29:14Z
537,79132,1424140159,intellectual,2015-02-17T02:29:19Z
537,79132,1424140185,mindfuck,2015-02-17T02:29:45Z
537,79132,1424140124,philosophy,2015-02-17T02:28:44Z
537,79132,1424140165,psychological,2015-02-17T02:29:25Z
537,79132,1424140162,psychology,2015-02-17T02:29:22Z
537,79132,1424140144,suspense,2015-02-17T02:29:04Z
537,79132,1424140130,thought-provoking,2015-02-17T02:28:50Z
537,80489,1424139483,crime,2015-02-17T02:18:03Z
537,80489,1424139489,fbi,2015-02-17T02:18:09Z
537,80489,1424139421,romance,2015-02-17T02:17:01Z
537,80489,1424139454,too much love interest,2015-02-17T02:17:34Z
537,80906,1424461859,business,2015-02-20T19:50:59Z
537,80906,1424461848,corruption,2015-02-20T19:50:48Z
537,80906,1424461852,economics,2015-02-20T19:50:52Z
537,80906,1424461854,investor corruption,2015-02-20T19:50:54Z
537,80906,1424461849,politics,2015-02-20T19:50:49Z
537,80906,1424461857,truth,2015-02-20T19:50:57Z
537,89745,1424140576,captain america,2015-02-17T02:36:16Z
537,89745,1424140613,silly,2015-02-17T02:36:53Z
537,89745,1424140571,superhero,2015-02-17T02:36:11Z
537,89745,1424140598,superhero team,2015-02-17T02:36:38Z
537,90439,1424141059,bank,2015-02-17T02:44:19Z
537,90439,1424138651,big corporations,2015-02-17T02:04:11Z
537,90439,1424138635,business,2015-02-17T02:03:55Z
537,90439,1424138654,corruption,2015-02-17T02:04:14Z
537,90439,1424138667,financial crisis,2015-02-17T02:04:27Z
537,90439,1424138645,kevin spacey,2015-02-17T02:04:05Z
537,90439,1424138641,realistic,2015-02-17T02:04:01Z
537,90439,1424141005,suspense,2015-02-17T02:43:25Z
537,90439,1424141052,wall street,2015-02-17T02:44:12Z
537,92259,1424141413,emotional,2015-02-17T02:50:13Z
537,92259,1424141386,sexuality,2015-02-17T02:49:46Z
537,95067,1424140932,interesting scenario,2015-02-17T02:42:12Z
537,95441,1424140358,crude humor,2015-02-17T02:32:38Z
537,97304,1424138568,cia,2015-02-17T02:02:48Z
537,97304,1424138581,politics,2015-02-17T02:03:01Z
537,97304,1424138560,thrilling,2015-02-17T02:02:40Z
537,99114,1424140415,soundtrack,2015-02-17T02:33:35Z
537,104218,1424317302,adam sandler,2015-02-19T03:41:42Z
537,104841,1424140813,cliche characters,2015-02-17T02:40:13Z
537,104841,1424140806,long shots,2015-02-17T02:40:06Z
537,104841,1424140784,predictable,2015-02-17T02:39:44Z
537,104841,1424140794,simple,2015-02-17T02:39:54Z
537,104841,1424140827,slow action,2015-02-17T02:40:27Z
537,104841,1424140838,visually appealing,2015-02-17T02:40:38Z
537,105504,1424141178,hostage,2015-02-17T02:46:18Z
537,105504,1424141170,ocean,2015-02-17T02:46:10Z
537,105504,1424141149,suspense,2015-02-17T02:45:49Z
537,106782,1424142693,stock market,2015-02-17T03:11:33Z
537,106782,1424142688,wall street,2015-02-17T03:11:28Z
543,85565,1377022063,comedy,2013-08-20T18:07:43Z
567,1,1525286013,fun,2018-05-02T18:33:33Z
567,101,1525287216,off-beat comedy,2018-05-02T18:53:36Z
567,101,1525287214,quirky,2018-05-02T18:53:34Z
567,308,1525287798,cynical,2018-05-02T19:03:18Z
567,356,1525287545,bittersweet,2018-05-02T18:59:05Z
567,356,1525287537,emotional,2018-05-02T18:58:57Z
567,356,1525287541,heartwarming,2018-05-02T18:59:01Z
567,356,1525287539,touching,2018-05-02T18:58:59Z
567,541,1525286590,atmospheric,2018-05-02T18:43:10Z
567,541,1525286588,dreamlike,2018-05-02T18:43:08Z
567,541,1525286583,existentialism,2018-05-02T18:43:03Z
567,541,1525286586,philosophical,2018-05-02T18:43:06Z
567,750,1525287727,black comedy,2018-05-02T19:02:07Z
567,750,1525287724,dark comedy,2018-05-02T19:02:04Z
567,750,1525287729,quirky,2018-05-02T19:02:09Z
567,1203,1525283652,claustrophobic,2018-05-02T17:54:12Z
567,1203,1525283610,confrontational,2018-05-02T17:53:30Z
567,1203,1525283658,earnest,2018-05-02T17:54:18Z
567,1203,1525283605,good dialogue,2018-05-02T17:53:25Z
567,1203,1525283612,great screenplay,2018-05-02T17:53:32Z
567,1203,1525283636,gritty,2018-05-02T17:53:56Z
567,1203,1525283631,motivational,2018-05-02T17:53:51Z
567,1203,1525283607,thought-provoking,2018-05-02T17:53:27Z
567,1237,1525286526,atmospheric,2018-05-02T18:42:06Z
567,1237,1525286536,cerebral,2018-05-02T18:42:16Z
567,1237,1525286523,existentialism,2018-05-02T18:42:03Z
567,1237,1525286544,philosophical,2018-05-02T18:42:24Z
567,1237,1525286538,reflective,2018-05-02T18:42:18Z
567,1260,1525285649,atmospheric,2018-05-02T18:27:29Z
567,1260,1525285661,chilly,2018-05-02T18:27:41Z
567,1260,1525285667,creepy,2018-05-02T18:27:47Z
567,1260,1525285665,menacing,2018-05-02T18:27:45Z
567,1260,1525285654,mental illness,2018-05-02T18:27:34Z
567,1260,1525285670,oninous,2018-05-02T18:27:50Z
567,1653,1525287116,intelligent,2018-05-02T18:51:56Z
567,1653,1525287118,thought-provoking,2018-05-02T18:51:58Z
567,1704,1525287326,heartwarming,2018-05-02T18:55:26Z
567,1704,1525287323,inspirational,2018-05-02T18:55:23Z
567,1916,1525282933,avant-garde romantic comedy,2018-05-02T17:42:13Z
567,1916,1525282961,elegiac,2018-05-02T17:42:41Z
567,1916,1525282935,melancholy,2018-05-02T17:42:15Z
567,1916,1525282930,quirky,2018-05-02T17:42:10Z
567,1916,1525282972,wry,2018-05-02T17:42:52Z
567,1921,1525287302,artsy,2018-05-02T18:55:02Z
567,1921,1525287273,atmospheric,2018-05-02T18:54:33Z
567,1921,1525287286,cerebral,2018-05-02T18:54:46Z
567,1921,1525287289,enigmatic,2018-05-02T18:54:49Z
567,1921,1525287275,existentialism,2018-05-02T18:54:35Z
567,1921,1525287271,hallucinatory,2018-05-02T18:54:31Z
567,1921,1525287293,insanity,2018-05-02T18:54:53Z
567,1921,1525287295,paranoia,2018-05-02T18:54:55Z
567,1921,1525287277,paranoid,2018-05-02T18:54:37Z
567,1921,1525287281,surreal,2018-05-02T18:54:41Z
567,1921,1525287285,tense,2018-05-02T18:54:45Z
567,1921,1525287283,visually appealing,2018-05-02T18:54:43Z
567,2138,1525283760,atmospheric,2018-05-02T17:56:00Z
567,2138,1525283752,beautiful,2018-05-02T17:55:52Z
567,2324,1525285789,bittersweet,2018-05-02T18:29:49Z
567,2324,1525285791,emotional,2018-05-02T18:29:51Z
567,2324,1525285795,heartwarming,2018-05-02T18:29:55Z
567,2324,1525285800,poignant,2018-05-02T18:30:00Z
567,2324,1525285793,sentimental,2018-05-02T18:29:53Z
567,2324,1525285797,tear jerker,2018-05-02T18:29:57Z
567,2324,1525285787,tearjerking,2018-05-02T18:29:47Z
567,2731,1525285761,emotional,2018-05-02T18:29:21Z
567,2731,1525285768,gentle,2018-05-02T18:29:28Z
567,2731,1525285770,heartwarming,2018-05-02T18:29:30Z
567,2731,1525285763,lyrical,2018-05-02T18:29:23Z
567,2731,1525285753,reflective,2018-05-02T18:29:13Z
567,3134,1525287634,downbeat,2018-05-02T19:00:34Z
567,3134,1525287636,poignant,2018-05-02T19:00:36Z
567,3266,1525283004,black comedy,2018-05-02T17:43:24Z
567,3266,1525283002,crazy,2018-05-02T17:43:22Z
567,3266,1525282999,dark,2018-05-02T17:43:19Z
567,3266,1525282995,dark comedy,2018-05-02T17:43:15Z
567,3266,1525283008,dark humor,2018-05-02T17:43:28Z
567,3266,1525283012,serial killer,2018-05-02T17:43:32Z
567,3424,1525284096,great cinematography,2018-05-02T18:01:36Z
567,3671,1525283215,dark humor,2018-05-02T17:46:55Z
567,3671,1525283227,easygoing,2018-05-02T17:47:07Z
567,3671,1525283225,silly,2018-05-02T17:47:05Z
567,3676,1525282858,art house,2018-05-02T17:40:58Z
567,3676,1525282843,atmospheric,2018-05-02T17:40:43Z
567,3676,1525282842,creepy,2018-05-02T17:40:42Z
567,3676,1525282831,cryptic,2018-05-02T17:40:31Z
567,3676,1525282860,dark,2018-05-02T17:41:00Z
567,3676,1525282840,disturbing,2018-05-02T17:40:40Z
567,3676,1525282845,dreamlike,2018-05-02T17:40:45Z
567,3676,1525282838,enigmatic,2018-05-02T17:40:38Z
567,3676,1525282866,fucked up,2018-05-02T17:41:06Z
567,3676,1525282863,gruesome,2018-05-02T17:41:03Z
567,3676,1525282848,hallucinatory,2018-05-02T17:40:48Z
567,3676,1525282856,insane,2018-05-02T17:40:56Z
567,3676,1525282868,paranoid,2018-05-02T17:41:08Z
567,3676,1525282854,strange,2018-05-02T17:40:54Z
567,3676,1525282828,surreal,2018-05-02T17:40:28Z
567,3676,1525282851,weird,2018-05-02T17:40:51Z
567,3994,1525285498,atmospheric,2018-05-02T18:24:58Z
567,3994,1525285503,somber,2018-05-02T18:25:03Z
567,4144,1525283524,atmospheric,2018-05-02T17:52:04Z
567,4144,1525283566,beautiful,2018-05-02T17:52:46Z
567,4144,1525283563,bittersweet,2018-05-02T17:52:43Z
567,4144,1525283557,dreamy,2018-05-02T17:52:37Z
567,4144,1525283529,elegant,2018-05-02T17:52:09Z
567,4144,1525283540,heartbreaking,2018-05-02T17:52:20Z
567,4144,1525283535,intimate,2018-05-02T17:52:15Z
567,4144,1525283527,loneliness,2018-05-02T17:52:07Z
567,4144,1525283572,long takes,2018-05-02T17:52:52Z
567,4144,1525283542,longing,2018-05-02T17:52:22Z
567,4144,1525283526,melancholic,2018-05-02T17:52:06Z
567,4144,1525283531,melancholy,2018-05-02T17:52:11Z
567,4144,1525283533,moody,2018-05-02T17:52:13Z
567,4144,1525283537,nocturnal,2018-05-02T17:52:17Z
567,4144,1525283568,romantic,2018-05-02T17:52:48Z
567,4144,1525283560,unique,2018-05-02T17:52:40Z
567,4144,1525283544,visually appealing,2018-05-02T17:52:24Z
567,4144,1525283550,visually stunning,2018-05-02T17:52:30Z
567,4226,1525282541,cerebral,2018-05-02T17:35:41Z
567,4226,1525282545,dreamlike,2018-05-02T17:35:45Z
567,4552,1525285878,"""artsy""",2018-05-02T18:31:18Z
567,4552,1525285874,atmospheric,2018-05-02T18:31:14Z
567,4552,1525285880,gritty,2018-05-02T18:31:20Z
567,4552,1525285875,hallucinatory,2018-05-02T18:31:15Z
567,4552,1525285865,surreal,2018-05-02T18:31:05Z
567,4552,1525285872,visually stunning,2018-05-02T18:31:12Z
567,4878,1525282581,atmospheric,2018-05-02T17:36:21Z
567,4878,1525282593,cerebral,2018-05-02T17:36:33Z
567,4878,1525282577,dreamlike,2018-05-02T17:36:17Z
567,4878,1525282598,enigmatic,2018-05-02T17:36:38Z
567,4878,1525282590,hallucinatory,2018-05-02T17:36:30Z
567,4878,1525282579,mental illness,2018-05-02T17:36:19Z
567,4878,1525282602,mindfuck,2018-05-02T17:36:42Z
567,4878,1525282583,philosophy,2018-05-02T17:36:23Z
567,4878,1525282595,psychological,2018-05-02T17:36:35Z
567,4878,1525282588,quirky,2018-05-02T17:36:28Z
567,4878,1525282571,surreal,2018-05-02T17:36:11Z
567,4878,1525282573,thought-provoking,2018-05-02T17:36:13Z
567,4878,1525282585,weird,2018-05-02T17:36:25Z
567,5673,1525282648,anger,2018-05-02T17:37:28Z
567,5673,1525282635,awkward,2018-05-02T17:37:15Z
567,5673,1525282627,bittersweet,2018-05-02T17:37:07Z
567,5673,1525282650,hallucinatory,2018-05-02T17:37:30Z
567,5673,1525282629,quirky,2018-05-02T17:37:09Z
567,5673,1525282646,sad,2018-05-02T17:37:26Z
567,5673,1525282654,surreal,2018-05-02T17:37:34Z
567,5673,1525282652,symbolism,2018-05-02T17:37:32Z
567,5673,1525282631,tense,2018-05-02T17:37:11Z
567,5673,1525282616,unconventional,2018-05-02T17:36:56Z
567,5673,1525282637,unique,2018-05-02T17:37:17Z
567,5673,1525282643,wistful,2018-05-02T17:37:23Z
567,5690,1525283799,beautiful,2018-05-02T17:56:39Z
567,5690,1525283801,downbeat,2018-05-02T17:56:41Z
567,5690,1525283797,grim,2018-05-02T17:56:37Z
567,5690,1525283788,poignant,2018-05-02T17:56:28Z
567,5690,1525283804,tear jerker,2018-05-02T17:56:44Z
567,5690,1525283795,tragedy,2018-05-02T17:56:35Z
567,5690,1525283809,tragic,2018-05-02T17:56:49Z
567,6214,1525283391,dark,2018-05-02T17:49:51Z
567,6214,1525283383,disturbing,2018-05-02T17:49:43Z
567,6291,1525287038,depressing,2018-05-02T18:50:38Z
567,6291,1525287040,melancholy,2018-05-02T18:50:40Z
567,6291,1525287050,sad,2018-05-02T18:50:50Z
567,6377,1525286742,heartwarming,2018-05-02T18:45:42Z
567,6669,1525286218,meditative,2018-05-02T18:36:58Z
567,6669,1525286214,philosophical,2018-05-02T18:36:54Z
567,6669,1525286220,poignant,2018-05-02T18:37:00Z
567,6669,1525286216,purposefulness,2018-05-02T18:36:56Z
567,6818,1525282332,atmospheric,2018-05-02T17:32:12Z
567,6818,1525282333,bleak,2018-05-02T17:32:13Z
567,6818,1525282337,disturbing,2018-05-02T17:32:17Z
567,6818,1525282340,gritty,2018-05-02T17:32:20Z
567,6818,1525282335,harsh,2018-05-02T17:32:15Z
567,7024,1525283990,bleak,2018-05-02T17:59:50Z
567,7024,1525284016,confrontational,2018-05-02T18:00:16Z
567,7024,1525283975,disturbing,2018-05-02T17:59:35Z
567,7024,1525283987,harsh,2018-05-02T17:59:47Z
567,7024,1525284009,haunting,2018-05-02T18:00:09Z
567,7024,1525284013,inhumane,2018-05-02T18:00:13Z
567,7024,1525283979,thought-provoking,2018-05-02T17:59:39Z
567,7361,1525282744,arthouse,2018-05-02T17:39:04Z
567,7361,1525282751,artistic,2018-05-02T17:39:11Z
567,7361,1525282731,atmospheric,2018-05-02T17:38:51Z
567,7361,1525282670,beautiful,2018-05-02T17:37:50Z
567,7361,1525282677,bittersweet,2018-05-02T17:37:57Z
567,7361,1525282696,colourful,2018-05-02T17:38:16Z
567,7361,1525282701,comedy,2018-05-02T17:38:21Z
567,7361,1525282681,dreamlike,2018-05-02T17:38:01Z
567,7361,1525282667,emotional,2018-05-02T17:37:47Z
567,7361,1525282786,feel-good,2018-05-02T17:39:46Z
567,7361,1525282735,happpiness,2018-05-02T17:38:55Z
567,7361,1525282811,humane,2018-05-02T17:40:11Z
567,7361,1525282724,insightful,2018-05-02T17:38:44Z
567,7361,1525282746,intelligent,2018-05-02T17:39:06Z
567,7361,1525282737,lovely,2018-05-02T17:38:57Z
567,7361,1525282692,melancholy,2018-05-02T17:38:12Z
567,7361,1525282728,mind-bending,2018-05-02T17:38:48Z
567,7361,1525282673,philosophy,2018-05-02T17:37:53Z
567,7361,1525282687,quirky,2018-05-02T17:38:07Z
567,7361,1525282715,quirky romantic,2018-05-02T17:38:35Z
567,7361,1525282694,romantic,2018-05-02T17:38:14Z
567,7361,1525282704,surreal,2018-05-02T17:38:24Z
567,7361,1525282683,surrealism,2018-05-02T17:38:03Z
567,7361,1525282689,thought-provoking,2018-05-02T17:38:09Z
567,8335,1525285746,heartbreaking,2018-05-02T18:29:06Z
567,8477,1525282477,post-apocalyptic,2018-05-02T17:34:37Z
567,25771,1525282469,mindfuck,2018-05-02T17:34:29Z
567,25771,1525282464,surreal,2018-05-02T17:34:24Z
567,25771,1525282466,surrealism,2018-05-02T17:34:26Z
567,26717,1525285892,boring,2018-05-02T18:31:32Z
567,26717,1525285894,psychedelic,2018-05-02T18:31:34Z
567,26717,1525285896,symbolic,2018-05-02T18:31:36Z
567,27773,1525283311,bizarre,2018-05-02T17:48:31Z
567,27773,1525283317,claustrophobic,2018-05-02T17:48:37Z
567,27773,1525283303,depressing,2018-05-02T17:48:23Z
567,27773,1525283306,disturbing,2018-05-02T17:48:26Z
567,27773,1525283304,hallucinatory,2018-05-02T17:48:24Z
567,27773,1525283318,paranoid,2018-05-02T17:48:38Z
567,27773,1525283313,surreal,2018-05-02T17:48:33Z
567,27773,1525283339,twisted,2018-05-02T17:48:59Z
567,30810,1525284057,heartwarming,2018-05-02T18:00:57Z
567,30810,1525284048,off-beat comedy,2018-05-02T18:00:48Z
567,30810,1525284031,quirky,2018-05-02T18:00:31Z
567,30810,1525284067,trippy,2018-05-02T18:01:07Z
567,30810,1525284041,visually appealing,2018-05-02T18:00:41Z
567,30810,1525284034,whimsical,2018-05-02T18:00:34Z
567,40491,1525282384,depression,2018-05-02T17:33:04Z
567,45880,1525287347,cinematography,2018-05-02T18:55:47Z
567,45880,1525287351,lyrical,2018-05-02T18:55:51Z
567,48394,1525286824,atmospheric,2018-05-02T18:47:04Z
567,48394,1525286830,bittersweet,2018-05-02T18:47:10Z
567,48394,1525286827,visually appealing,2018-05-02T18:47:07Z
567,48780,1525286470,atmospheric,2018-05-02T18:41:10Z
567,48780,1525286468,enigmatic,2018-05-02T18:41:08Z
567,50872,1525283885,clever,2018-05-02T17:58:05Z
567,50872,1525283888,inspirational,2018-05-02T17:58:08Z
567,56782,1525283248,atmospheric,2018-05-02T17:47:28Z
567,56782,1525283239,cerebral,2018-05-02T17:47:19Z
567,56782,1525283288,character study,2018-05-02T17:48:08Z
567,56782,1525283242,gritty,2018-05-02T17:47:22Z
567,56782,1525283245,intense,2018-05-02T17:47:25Z
567,56782,1525283253,long shots,2018-05-02T17:47:33Z
567,56782,1525283268,morality,2018-05-02T17:47:48Z
567,56782,1525283236,visually appealing,2018-05-02T17:47:16Z
567,57502,1525285566,abstract,2018-05-02T18:26:06Z
567,57502,1525285567,dark,2018-05-02T18:26:07Z
567,57502,1525285561,psychedelic,2018-05-02T18:26:01Z
567,57502,1525285558,surreal,2018-05-02T18:25:58Z
567,58301,1525283356,dark,2018-05-02T17:49:16Z
567,58301,1525283360,dark humor,2018-05-02T17:49:20Z
567,58301,1525283358,intelligent,2018-05-02T17:49:18Z
567,58301,1525283367,thought-provoking,2018-05-02T17:49:27Z
567,58559,1525285594,dark,2018-05-02T18:26:34Z
567,58559,1525285601,gritty,2018-05-02T18:26:41Z
567,63062,1525286194,emotional,2018-05-02T18:36:34Z
567,68954,1525286758,bittersweet,2018-05-02T18:45:58Z
567,68954,1525286759,emotional,2018-05-02T18:45:59Z
567,68954,1525286755,heartbreaking,2018-05-02T18:45:55Z
567,68954,1525286762,touching,2018-05-02T18:46:02Z
567,71899,1525283044,bittersweet,2018-05-02T17:44:04Z
567,71899,1525283050,black comedy,2018-05-02T17:44:10Z
567,71899,1525283036,character study,2018-05-02T17:43:56Z
567,71899,1525283033,dark comedy,2018-05-02T17:43:53Z
567,71899,1525283029,friendship,2018-05-02T17:43:49Z
567,71899,1525283039,loneliness,2018-05-02T17:43:59Z
567,71899,1525283031,mental illness,2018-05-02T17:43:51Z
567,71899,1525283034,philosophical,2018-05-02T17:43:54Z
567,71899,1525283043,poignant,2018-05-02T17:44:03Z
567,71899,1525283048,quirky,2018-05-02T17:44:08Z
567,71899,1525283041,sad,2018-05-02T17:44:01Z
567,71899,1525283052,sweet,2018-05-02T17:44:12Z
567,71899,1525283027,touching,2018-05-02T17:43:47Z
567,74791,1525286112,surreal,2018-05-02T18:35:12Z
567,74791,1525286110,whimsical,2018-05-02T18:35:10Z
567,79132,1525287390,cerebral,2018-05-02T18:56:30Z
567,79132,1525287383,dreamlike,2018-05-02T18:56:23Z
567,79132,1525287385,philosophy,2018-05-02T18:56:25Z
567,79132,1525287380,thought-provoking,2018-05-02T18:56:20Z
567,80463,1525286347,good dialogue,2018-05-02T18:39:07Z
567,80463,1525286325,loneliness,2018-05-02T18:38:45Z
567,80463,1525286317,witty,2018-05-02T18:38:37Z
567,89745,1525285537,fun,2018-05-02T18:25:37Z
567,89745,1525285534,great humor,2018-05-02T18:25:34Z
567,89745,1525285532,visually appealing,2018-05-02T18:25:32Z
567,94959,1525286360,quirky,2018-05-02T18:39:20Z
567,95558,1525287504,beautiful,2018-05-02T18:58:24Z
567,95558,1525287499,emotional,2018-05-02T18:58:19Z
567,95558,1525287506,poetic,2018-05-02T18:58:26Z
567,96079,1525287362,beautiful cinematography,2018-05-02T18:56:02Z
567,96079,1525287364,beautifully filmed,2018-05-02T18:56:04Z
567,96079,1525287366,cinematography,2018-05-02T18:56:06Z
567,99764,1525282453,moving,2018-05-02T17:34:13Z
567,99764,1525282451,philosopical,2018-05-02T17:34:11Z
567,99764,1525282456,surreal,2018-05-02T17:34:16Z
567,99764,1525282455,weird,2018-05-02T17:34:15Z
567,99917,1525286643,artistic,2018-05-02T18:44:03Z
567,99917,1525286654,artsy,2018-05-02T18:44:14Z
567,99917,1525286652,atmospheric,2018-05-02T18:44:12Z
567,99917,1525286645,beautiful,2018-05-02T18:44:05Z
567,99917,1525286649,dreamlike,2018-05-02T18:44:09Z
567,99917,1525286647,existentialism,2018-05-02T18:44:07Z
567,104875,1525285913,quirky,2018-05-02T18:31:53Z
567,104944,1525285982,emotional,2018-05-02T18:33:02Z
567,104944,1525285975,feel-good,2018-05-02T18:32:55Z
567,104944,1525285984,heartwarming,2018-05-02T18:33:04Z
567,104944,1525285990,mental illness,2018-05-02T18:33:10Z
567,104944,1525285973,touching,2018-05-02T18:32:53Z
567,105504,1525286930,suspense,2018-05-02T18:48:50Z
567,105504,1525286932,tense,2018-05-02T18:48:52Z
567,106766,1525283920,atmospheric,2018-05-02T17:58:40Z
567,106766,1525283924,cinematography,2018-05-02T17:58:44Z
567,106766,1525283919,depressing,2018-05-02T17:58:39Z
567,106766,1525283917,funny,2018-05-02T17:58:37Z
567,107406,1525286785,fatalistic,2018-05-02T18:46:25Z
567,108932,1525283702,cheeky,2018-05-02T17:55:02Z
567,108932,1525283675,clever,2018-05-02T17:54:35Z
567,108932,1525283676,colorful,2018-05-02T17:54:36Z
567,108932,1525283700,feel-good,2018-05-02T17:55:00Z
567,108932,1525283672,fun,2018-05-02T17:54:32Z
567,108932,1525283681,imaginative,2018-05-02T17:54:41Z
567,108932,1525283678,quirky,2018-05-02T17:54:38Z
567,109487,1525287562,bad dialogue,2018-05-02T18:59:22Z
567,109487,1525287571,philosophical issues,2018-05-02T18:59:31Z
567,109487,1525287567,thought-provoking,2018-05-02T18:59:27Z
567,109487,1525287559,visually appealing,2018-05-02T18:59:19Z
567,112421,1525283433,adorable,2018-05-02T17:50:33Z
567,112421,1525283421,black comedy,2018-05-02T17:50:21Z
567,112421,1525283427,eccentric,2018-05-02T17:50:27Z
567,112421,1525283425,introspection,2018-05-02T17:50:25Z
567,112421,1525283417,mental illness,2018-05-02T17:50:17Z
567,112421,1525283419,quirky,2018-05-02T17:50:19Z
567,112552,1525286276,inspirational,2018-05-02T18:37:56Z
567,112552,1525286278,inspiring,2018-05-02T18:37:58Z
567,112552,1525286274,intense,2018-05-02T18:37:54Z
567,112852,1525285382,funny,2018-05-02T18:23:02Z
567,112852,1525285333,great visuals,2018-05-02T18:22:13Z
567,112852,1525285336,humorous,2018-05-02T18:22:16Z
567,112852,1525285378,unlikely hero,2018-05-02T18:22:58Z
567,113705,1525286093,bittersweet,2018-05-02T18:34:53Z
567,114627,1525286623,atmospheric,2018-05-02T18:43:43Z
567,114627,1525286627,bizzare,2018-05-02T18:43:47Z
567,114627,1525286621,eerie,2018-05-02T18:43:41Z
567,114627,1525286619,symbolism,2018-05-02T18:43:39Z
567,116797,1525286868,inspirational,2018-05-02T18:47:48Z
567,116797,1525286865,intelligent,2018-05-02T18:47:45Z
567,117877,1525287615,philosophical,2018-05-02T19:00:15Z
567,117877,1525287611,trippy,2018-05-02T19:00:11Z
567,117887,1525285938,heartwarming,2018-05-02T18:32:18Z
567,119145,1525286728,slick,2018-05-02T18:45:28Z
567,122882,1525283844,beautiful,2018-05-02T17:57:24Z
567,122882,1525283853,cinematography,2018-05-02T17:57:33Z
567,122882,1525283836,visually appealing,2018-05-02T17:57:16Z
567,122912,1525282411,dark,2018-05-02T17:33:31Z
567,122912,1525282392,emotional,2018-05-02T17:33:12Z
567,122912,1525282400,sad,2018-05-02T17:33:20Z
567,122912,1525282405,visually appealing,2018-05-02T17:33:25Z
567,122912,1525282403,visually stunning,2018-05-02T17:33:23Z
567,122916,1525285267,awesome,2018-05-02T18:21:07Z
567,122916,1525285285,humor,2018-05-02T18:21:25Z
567,122916,1525285291,quirky,2018-05-02T18:21:31Z
567,122916,1525285265,unconventional,2018-05-02T18:21:05Z
567,122916,1525285281,white guilt,2018-05-02T18:21:21Z
567,122918,1525286132,fun,2018-05-02T18:35:32Z
567,122922,1525287157,visually appealing,2018-05-02T18:52:37Z
567,127298,1525286249,depressing,2018-05-02T18:37:29Z
567,127298,1525286256,understated,2018-05-02T18:37:36Z
567,134130,1525287677,smart,2018-05-02T19:01:17Z
567,134170,1525283492,funny,2018-05-02T17:51:32Z
567,134170,1525283483,ridiculous,2018-05-02T17:51:23Z
567,134170,1525283502,silly,2018-05-02T17:51:42Z
567,138036,1525287196,slick,2018-05-02T18:53:16Z
567,138036,1525287190,stylish,2018-05-02T18:53:10Z
567,139385,1525287409,cinematography,2018-05-02T18:56:49Z
567,139385,1525287413,visually appealing,2018-05-02T18:56:53Z
567,139385,1525287426,visually striking,2018-05-02T18:57:06Z
567,139644,1525286568,atmospheric,2018-05-02T18:42:48Z
567,139644,1525286565,tension,2018-05-02T18:42:45Z
567,140174,1525287480,moving,2018-05-02T18:58:00Z
567,140174,1525287482,touching,2018-05-02T18:58:02Z
567,141890,1525286977,moving,2018-05-02T18:49:37Z
567,143367,1525283159,contemplative,2018-05-02T17:45:59Z
567,143367,1525283157,philosophical,2018-05-02T17:45:57Z
567,143367,1525283155,thought-provoking,2018-05-02T17:45:55Z
567,143367,1525283168,tragic,2018-05-02T17:46:08Z
567,148626,1525287708,funny,2018-05-02T19:01:48Z
567,148626,1525287704,interesting,2018-05-02T19:01:44Z
567,148626,1525287702,witty,2018-05-02T19:01:42Z
567,148881,1525282419,existential,2018-05-02T17:33:39Z
567,148881,1525282422,surreal,2018-05-02T17:33:42Z
567,152077,1525287447,creepy,2018-05-02T18:57:27Z
567,152077,1525287443,suspense,2018-05-02T18:57:23Z
567,153070,1525282902,nightmare,2018-05-02T17:41:42Z
567,155288,1525286165,suspense,2018-05-02T18:36:05Z
567,155288,1525286163,thought-provoking,2018-05-02T18:36:03Z
567,156605,1525283453,quirky,2018-05-02T17:50:53Z
567,156605,1525283455,sweet,2018-05-02T17:50:55Z
567,156605,1525283456,understated,2018-05-02T17:50:56Z
567,161634,1525287241,intense,2018-05-02T18:54:01Z
567,164179,1525285690,beautiful visuals,2018-05-02T18:28:10Z
567,164179,1525285686,cerebral,2018-05-02T18:28:06Z
567,164179,1525285696,cinematography,2018-05-02T18:28:16Z
567,164179,1525285706,good cinematography,2018-05-02T18:28:26Z
567,164179,1525285699,smart,2018-05-02T18:28:19Z
567,164179,1525285688,thought-provoking,2018-05-02T18:28:08Z
567,164179,1525285693,visually appealing,2018-05-02T18:28:13Z
567,164909,1525287656,bittersweet,2018-05-02T19:00:56Z
567,164909,1525287658,visually appealing,2018-05-02T19:00:58Z
567,167746,1525285825,funny,2018-05-02T18:30:25Z
567,167746,1525285833,heartwarming,2018-05-02T18:30:33Z
567,168252,1525283942,dark,2018-05-02T17:59:02Z
567,168252,1525283946,emotional,2018-05-02T17:59:06Z
567,168252,1525283940,gritty,2018-05-02T17:59:00Z
567,168252,1525283948,heartbreaking,2018-05-02T17:59:08Z
567,168252,1525283957,predictible plot,2018-05-02T17:59:17Z
567,170945,1525286504,paranoia,2018-05-02T18:41:44Z
567,170945,1525286501,suspenseful,2018-05-02T18:41:41Z
567,174055,1525285239,brilliant,2018-05-02T18:20:39Z
567,174055,1525285236,inspiring,2018-05-02T18:20:36Z
567,174055,1525285229,tense,2018-05-02T18:20:29Z
567,176371,1525283076,atmospheric,2018-05-02T17:44:36Z
567,176371,1525283078,beautiful,2018-05-02T17:44:38Z
567,176371,1525283075,cinematography,2018-05-02T17:44:35Z
567,176371,1525283093,dark,2018-05-02T17:44:53Z
567,176371,1525283084,dreamlike,2018-05-02T17:44:44Z
567,176371,1525283080,existentialism,2018-05-02T17:44:40Z
567,176371,1525283086,moody,2018-05-02T17:44:46Z
567,176371,1525283089,philosophical,2018-05-02T17:44:49Z
567,176419,1525287584,allegorical,2018-05-02T18:59:44Z
567,176419,1525287588,uncomfortable,2018-05-02T18:59:48Z
567,176419,1525287586,unsettling,2018-05-02T18:59:46Z
567,180031,1525284150,atmospheric,2018-05-02T18:02:30Z
567,180031,1525284163,dreamlike,2018-05-02T18:02:43Z
567,180985,1525285320,bad music,2018-05-02T18:22:00Z
573,248,1186589145,bad,2007-08-08T16:05:45Z
573,248,1186589145,sinbad,2007-08-08T16:05:45Z
573,413,1186588856,comedy,2007-08-08T16:00:56Z
573,540,1186588897,bad,2007-08-08T16:01:37Z
573,707,1186588902,bad,2007-08-08T16:01:42Z
573,836,1186588944,seen at the cinema,2007-08-08T16:02:24Z
573,1441,1186588856,not seen,2007-08-08T16:00:56Z
573,1779,1186588894,good,2007-08-08T16:01:34Z
573,1801,1186588917,seen more than once,2007-08-08T16:01:57Z
573,2116,1186588944,classic,2007-08-08T16:02:24Z
573,2431,1186588902,bad,2007-08-08T16:01:42Z
573,2662,1186588962,classic,2007-08-08T16:02:42Z
573,2951,1186588901,bad,2007-08-08T16:01:41Z
573,4015,1186589039,bad,2007-08-08T16:03:59Z
573,4343,1186589079,really bad,2007-08-08T16:04:39Z
573,4343,1186589079,seann william scott,2007-08-08T16:04:39Z
573,4446,1186588886,sci-fi,2007-08-08T16:01:26Z
573,4448,1186589048,boring,2007-08-08T16:04:08Z
573,5064,1186589036,remake,2007-08-08T16:03:56Z
573,5254,1186589125,great movie,2007-08-08T16:05:25Z
573,5254,1186589125,wesley snipes,2007-08-08T16:05:25Z
573,6016,1186588853,not seen,2007-08-08T16:00:53Z
573,6157,1186589133,bad,2007-08-08T16:05:33Z
573,6157,1186589133,ben affleck,2007-08-08T16:05:33Z
573,6373,1186588855,classic,2007-08-08T16:00:55Z
573,35836,1186589105,best picture,2007-08-08T16:05:05Z
573,35836,1186589105,classic,2007-08-08T16:05:05Z
573,35836,1186589105,hilarious,2007-08-08T16:05:05Z
573,35836,1186589105,steve carell,2007-08-08T16:05:05Z
573,52712,1186722048,horrible acting,2007-08-10T05:00:48Z
573,52712,1186722060,interesting,2007-08-10T05:01:00Z
599,293,1498456142,action,2017-06-26T05:49:02Z
599,293,1498456106,assassin,2017-06-26T05:48:26Z
599,293,1498456192,assassination,2017-06-26T05:49:52Z
599,293,1498456184,assassins,2017-06-26T05:49:44Z
599,293,1498456167,awkward romance,2017-06-26T05:49:27Z
599,293,1498456155,corruption,2017-06-26T05:49:15Z
599,293,1498456141,crime,2017-06-26T05:49:01Z
599,293,1498456144,disturbing,2017-06-26T05:49:04Z
599,293,1498456149,drama,2017-06-26T05:49:09Z
599,293,1498456150,french,2017-06-26T05:49:10Z
599,293,1498456139,friendship,2017-06-26T05:48:59Z
599,293,1498456130,gary oldman,2017-06-26T05:48:50Z
599,293,1498456128,great acting,2017-06-26T05:48:48Z
599,293,1498456179,guns,2017-06-26T05:49:39Z
599,293,1498456165,hit men,2017-06-26T05:49:25Z
599,293,1498456113,hitman,2017-06-26T05:48:33Z
599,293,1498456177,humorous,2017-06-26T05:49:37Z
599,293,1498456175,imdb top 250,2017-06-26T05:49:35Z
599,293,1498456121,jean reno,2017-06-26T05:48:41Z
599,293,1498456188,lolita theme,2017-06-26T05:49:48Z
599,293,1498456186,loneliness,2017-06-26T05:49:46Z
599,293,1498456132,love story,2017-06-26T05:48:52Z
599,293,1498456137,luc besson,2017-06-26T05:48:57Z
599,293,1498456126,natalie portman,2017-06-26T05:48:46Z
599,293,1498456152,organized crime,2017-06-26T05:49:12Z
599,293,1498456181,police,2017-06-26T05:49:41Z
599,293,1498456159,police corruption,2017-06-26T05:49:19Z
599,293,1498456135,quirky,2017-06-26T05:48:55Z
599,293,1498456182,sniper,2017-06-26T05:49:42Z
599,293,1498456190,tense,2017-06-26T05:49:50Z
599,293,1498456147,touching,2017-06-26T05:49:07Z
599,293,1498456157,unique,2017-06-26T05:49:17Z
599,296,1498456537,1990s,2017-06-26T05:55:37Z
599,296,1498456475,achronological,2017-06-26T05:54:35Z
599,296,1498456356,action,2017-06-26T05:52:36Z
599,296,1498456535,action packed,2017-06-26T05:55:35Z
599,296,1498456533,aggressive,2017-06-26T05:55:33Z
599,296,1498456678,amazing,2017-06-26T05:57:58Z
599,296,1498456473,amazing dialogues,2017-06-26T05:54:33Z
599,296,1498456531,anthology,2017-06-26T05:55:31Z
599,296,1498456382,assassin,2017-06-26T05:53:02Z
599,296,1498456376,atmospheric,2017-06-26T05:52:56Z
599,296,1498456559,awesome,2017-06-26T05:55:59Z
599,296,1498456471,bad ass,2017-06-26T05:54:31Z
599,296,1498456469,bad language,2017-06-26T05:54:29Z
599,296,1498456676,bad-ass,2017-06-26T05:57:56Z
599,296,1498456675,bible,2017-06-26T05:57:55Z
599,296,1498456529,biblical references,2017-06-26T05:55:29Z
599,296,1498456673,big boys with guns,2017-06-26T05:57:53Z
599,296,1498456671,big name actors,2017-06-26T05:57:51Z
599,296,1498456350,black comedy,2017-06-26T05:52:30Z
599,296,1498456481,black humor,2017-06-26T05:54:41Z
599,296,1498456670,black humour,2017-06-26T05:57:50Z
599,296,1498456448,blood,2017-06-26T05:54:08Z
599,296,1498456467,blood splatters,2017-06-26T05:54:27Z
599,296,1498456431,bloody,2017-06-26T05:53:51Z
599,296,1498456352,bruce willis,2017-06-26T05:52:32Z
599,296,1498456543,brutality,2017-06-26T05:55:43Z
599,296,1498456669,casual violence,2017-06-26T05:57:49Z
599,296,1498456527,character development,2017-06-26T05:55:27Z
599,296,1498456466,characters,2017-06-26T05:54:26Z
599,296,1498456360,classic,2017-06-26T05:52:40Z
599,296,1498456667,classic movie,2017-06-26T05:57:47Z
599,296,1498456666,coke,2017-06-26T05:57:46Z
599,296,1498456378,comedy,2017-06-26T05:52:58Z
599,296,1498456524,conversation,2017-06-26T05:55:24Z
599,296,1498456405,cool,2017-06-26T05:53:25Z
599,296,1498456664,cool style,2017-06-26T05:57:44Z
599,296,1498456353,crime,2017-06-26T05:52:33Z
599,296,1498456663,crime scene scrubbing,2017-06-26T05:57:43Z
599,296,1498456391,cult,2017-06-26T05:53:11Z
599,296,1498456522,cult classic,2017-06-26T05:55:22Z
599,296,1498456345,cult film,2017-06-26T05:52:25Z
599,296,1498456661,dance,2017-06-26T05:57:41Z
599,296,1498456464,dancing,2017-06-26T05:54:24Z
599,296,1498456404,dark,2017-06-26T05:53:24Z
599,296,1498456339,dark comedy,2017-06-26T05:52:19Z
599,296,1498456385,dark humor,2017-06-26T05:53:05Z
599,296,1498456395,dialogue,2017-06-26T05:53:15Z
599,296,1498456660,different,2017-06-26T05:57:40Z
599,296,1498456658,diner,2017-06-26T05:57:38Z
599,296,1498456444,disjointed timeline,2017-06-26T05:54:04Z
599,296,1498456521,disturbing,2017-06-26T05:55:21Z
599,296,1498456561,drama,2017-06-26T05:56:01Z
599,296,1498456656,drug overdose,2017-06-26T05:57:36Z
599,296,1498456348,drugs,2017-06-26T05:52:28Z
599,296,1498456655,drugs & music,2017-06-26T05:57:35Z
599,296,1498456419,ensemble cast,2017-06-26T05:53:39Z
599,296,1498456519,entertaining,2017-06-26T05:55:19Z
599,296,1498456429,entirely dialogue,2017-06-26T05:53:49Z
599,296,1498456517,episodic,2017-06-26T05:55:17Z
599,296,1498456427,exciting,2017-06-26T05:53:47Z
599,296,1498456436,fast paced,2017-06-26T05:53:56Z
599,296,1498456515,fast-paced,2017-06-26T05:55:15Z
599,296,1498456653,film noir,2017-06-26T05:57:33Z
599,296,1498456622,film-noir,2017-06-26T05:57:02Z
599,296,1498456686,foul language,2017-06-26T05:58:06Z
599,296,1498456421,fun,2017-06-26T05:53:41Z
599,296,1498456383,funny,2017-06-26T05:53:03Z
599,296,1498456389,gangster,2017-06-26T05:53:09Z
599,296,1498456406,gangsters,2017-06-26T05:53:26Z
599,296,1498456589,genius,2017-06-26T05:56:29Z
599,296,1498456513,golden watch,2017-06-26T05:55:13Z
599,296,1498456372,good dialogue,2017-06-26T05:52:52Z
599,296,1498456396,good music,2017-06-26T05:53:16Z
599,296,1498456511,gore,2017-06-26T05:55:11Z
599,296,1498456509,great acting,2017-06-26T05:55:09Z
599,296,1498456402,great dialogue,2017-06-26T05:53:22Z
599,296,1498456380,great soundtrack,2017-06-26T05:53:00Z
599,296,1498456426,gritty,2017-06-26T05:53:46Z
599,296,1498456450,guns,2017-06-26T05:54:10Z
599,296,1498456684,harvey keitel,2017-06-26T05:58:04Z
599,296,1498456483,heroin,2017-06-26T05:54:43Z
599,296,1498456400,highly quotable,2017-06-26T05:53:20Z
599,296,1498456412,hit men,2017-06-26T05:53:32Z
599,296,1498456505,hitman,2017-06-26T05:55:05Z
599,296,1498456562,homosexuality,2017-06-26T05:56:02Z
599,296,1498456564,humour,2017-06-26T05:56:04Z
599,296,1498456488,iconic,2017-06-26T05:54:48Z
599,296,1498456388,imdb top 250,2017-06-26T05:53:08Z
599,296,1498456490,innovative,2017-06-26T05:54:50Z
599,296,1498456565,intellectual,2017-06-26T05:56:05Z
599,296,1498456462,intelligent,2017-06-26T05:54:22Z
599,296,1498456411,intense,2017-06-26T05:53:31Z
599,296,1498456541,interesting,2017-06-26T05:55:41Z
599,296,1498456460,intertwining storylines,2017-06-26T05:54:20Z
599,296,1498456567,interwoven storylines,2017-06-26T05:56:07Z
599,296,1498456491,ironic,2017-06-26T05:54:51Z
599,296,1498456458,irony,2017-06-26T05:54:18Z
599,296,1498456374,john travolta,2017-06-26T05:52:54Z
599,296,1498456494,killer-as-protagonist,2017-06-26T05:54:54Z
599,296,1498456569,los angeles,2017-06-26T05:56:09Z
599,296,1498456414,mafia,2017-06-26T05:53:34Z
599,296,1498456371,masterpiece,2017-06-26T05:52:51Z
599,296,1498456571,meaningless violence,2017-06-26T05:56:11Z
599,296,1498456572,milkshake,2017-06-26T05:56:12Z
599,296,1498456574,mobster,2017-06-26T05:56:14Z
599,296,1498456575,mobsters,2017-06-26T05:56:15Z
599,296,1498456577,monologue,2017-06-26T05:56:17Z
599,296,1498456497,motherfucker,2017-06-26T05:54:57Z
599,296,1498456498,multiple stories,2017-06-26T05:54:58Z
599,296,1498456343,multiple storylines,2017-06-26T05:52:23Z
599,296,1498456486,neo-noir,2017-06-26T05:54:46Z
599,296,1498456408,noir,2017-06-26T05:53:28Z
599,296,1498456367,non-linear,2017-06-26T05:52:47Z
599,296,1498456578,non-linear timeline,2017-06-26T05:56:18Z
599,296,1498456341,nonlinear,2017-06-26T05:52:21Z
599,296,1498456457,nonlinear narrative,2017-06-26T05:54:17Z
599,296,1498456580,nonlinear storyline,2017-06-26T05:56:20Z
599,296,1498456581,nonlinear timeline,2017-06-26T05:56:21Z
599,296,1498456393,notable soundtrack,2017-06-26T05:53:13Z
599,296,1498456583,offensive,2017-06-26T05:56:23Z
599,296,1498456585,organised crime,2017-06-26T05:56:25Z
599,296,1498456363,organized crime,2017-06-26T05:52:43Z
599,296,1498456479,original,2017-06-26T05:54:39Z
599,296,1498456455,original plot,2017-06-26T05:54:15Z
599,296,1498456586,out of order,2017-06-26T05:56:26Z
599,296,1498456690,palme d'or,2017-06-26T05:58:10Z
599,296,1498456591,parody,2017-06-26T05:56:31Z
599,296,1498456500,philosophical,2017-06-26T05:55:00Z
599,296,1498456478,pop culture references,2017-06-26T05:54:38Z
599,296,1498456593,psychological,2017-06-26T05:56:33Z
599,296,1498456484,pulp,2017-06-26T05:54:44Z
599,296,1498456338,quentin tarantino,2017-06-26T05:52:18Z
599,296,1498456364,quirky,2017-06-26T05:52:44Z
599,296,1498456446,quotable,2017-06-26T05:54:06Z
599,296,1498456502,r:disturbing violent content including rape,2017-06-26T05:55:02Z
599,296,1498456595,r:disturbing violent images,2017-06-26T05:56:35Z
599,296,1498456597,r:graphic sexuality,2017-06-26T05:56:37Z
599,296,1498456599,r:some violence,2017-06-26T05:56:39Z
599,296,1498456601,r:strong bloody violence,2017-06-26T05:56:41Z
599,296,1498456452,r:strong language,2017-06-26T05:54:12Z
599,296,1498456603,r:sustained strong stylized violence,2017-06-26T05:56:43Z
599,296,1498456424,r:violence,2017-06-26T05:53:44Z
599,296,1498456503,random,2017-06-26T05:55:03Z
599,296,1498456417,rape,2017-06-26T05:53:37Z
599,296,1498456442,retro,2017-06-26T05:54:02Z
599,296,1498456682,roger avary,2017-06-26T05:58:02Z
599,296,1498456610,royal with cheese,2017-06-26T05:56:50Z
599,296,1498456342,samuel l. jackson,2017-06-26T05:52:22Z
599,296,1498456612,sarcasm,2017-06-26T05:56:52Z
599,296,1498456614,satire,2017-06-26T05:56:54Z
599,296,1498456615,sexy,2017-06-26T05:56:55Z
599,296,1498456617,smart writing,2017-06-26T05:56:57Z
599,296,1498456618,sophisticated,2017-06-26T05:56:58Z
599,296,1498456439,soundtrack,2017-06-26T05:53:59Z
599,296,1498456620,splatter,2017-06-26T05:57:00Z
599,296,1498456694,steve buscemi,2017-06-26T05:58:14Z
599,296,1498456375,storytelling,2017-06-26T05:52:55Z
599,296,1498456398,stylish,2017-06-26T05:53:18Z
599,296,1498456354,stylized,2017-06-26T05:52:34Z
599,296,1498456680,suspense,2017-06-26T05:58:00Z
599,296,1498456358,tarantino,2017-06-26T05:52:38Z
599,296,1498456638,thought-provoking,2017-06-26T05:57:18Z
599,296,1498456415,thriller,2017-06-26T05:53:35Z
599,296,1498456539,travolta,2017-06-26T05:55:39Z
599,296,1498456639,twist ending,2017-06-26T05:57:19Z
599,296,1498456370,uma thurman,2017-06-26T05:52:50Z
599,296,1498456641,unique,2017-06-26T05:57:21Z
599,296,1498456476,unpredictable,2017-06-26T05:54:36Z
599,296,1498456642,unusual,2017-06-26T05:57:22Z
599,296,1498456434,very funny,2017-06-26T05:53:54Z
599,296,1498456347,violence,2017-06-26T05:52:27Z
599,296,1498456366,violent,2017-06-26T05:52:46Z
599,296,1498456437,witty,2017-06-26T05:53:57Z
599,924,1498456783,aliens,2017-06-26T05:59:43Z
599,924,1498456822,apes,2017-06-26T06:00:22Z
599,924,1498456786,arthur c. clarke,2017-06-26T05:59:46Z
599,924,1498456752,artificial intelligence,2017-06-26T05:59:12Z
599,924,1498456757,atmospheric,2017-06-26T05:59:17Z
599,924,1498456766,cinematography,2017-06-26T05:59:26Z
599,924,1498456774,classic,2017-06-26T05:59:34Z
599,924,1498456793,computer,2017-06-26T05:59:53Z
599,924,1498456779,confusing ending,2017-06-26T05:59:39Z
599,924,1498456771,cult film,2017-06-26T05:59:31Z
599,924,1498456811,dull,2017-06-26T06:00:11Z
599,924,1498456770,future,2017-06-26T05:59:30Z
599,924,1498456776,futuristic,2017-06-26T05:59:36Z
599,924,1498456804,imdb top 250,2017-06-26T06:00:04Z
599,924,1498456762,masterpiece,2017-06-26T05:59:22Z
599,924,1498456768,meditative,2017-06-26T05:59:28Z
599,924,1498456773,music,2017-06-26T05:59:33Z
599,924,1498456802,mystery,2017-06-26T06:00:02Z
599,924,1498456791,oscar (best effects - visual effects),2017-06-26T05:59:51Z
599,924,1498456813,overrated,2017-06-26T06:00:13Z
599,924,1498456759,philosophical,2017-06-26T05:59:19Z
599,924,1498456798,relaxing,2017-06-26T05:59:58Z
599,924,1498456794,revolutionary,2017-06-26T05:59:54Z
599,924,1498456781,robots,2017-06-26T05:59:41Z
599,924,1498456751,sci-fi,2017-06-26T05:59:11Z
599,924,1498456796,setting:space/space ship,2017-06-26T05:59:56Z
599,924,1498456765,slow,2017-06-26T05:59:25Z
599,924,1498456806,slow paced,2017-06-26T06:00:06Z
599,924,1498456785,soundtrack,2017-06-26T05:59:45Z
599,924,1498456756,space,2017-06-26T05:59:16Z
599,924,1498456790,space travel,2017-06-26T05:59:50Z
599,924,1498456788,spacecraft,2017-06-26T05:59:48Z
599,924,1498456754,stanley kubrick,2017-06-26T05:59:14Z
599,924,1498456825,superb soundtrack,2017-06-26T06:00:25Z
599,924,1498456763,surreal,2017-06-26T05:59:23Z
599,924,1498456827,technology,2017-06-26T06:00:27Z
599,924,1498456814,tedious,2017-06-26T06:00:14Z
599,924,1498456799,visual,2017-06-26T05:59:59Z
599,924,1498456760,visually appealing,2017-06-26T05:59:20Z
599,1732,1498456261,black comedy,2017-06-26T05:51:01Z
599,1732,1498456271,bowling,2017-06-26T05:51:11Z
599,1732,1498456304,classic,2017-06-26T05:51:44Z
599,1732,1498456256,coen brothers,2017-06-26T05:50:56Z
599,1732,1498456268,comedy,2017-06-26T05:51:08Z
599,1732,1498456292,crime,2017-06-26T05:51:32Z
599,1732,1498456280,cult classic,2017-06-26T05:51:20Z
599,1732,1498456260,cult film,2017-06-26T05:51:00Z
599,1732,1498456258,dark comedy,2017-06-26T05:50:58Z
599,1732,1498456303,deadpan,2017-06-26T05:51:43Z
599,1732,1498456286,drugs,2017-06-26T05:51:26Z
599,1732,1498456291,funny,2017-06-26T05:51:31Z
599,1732,1498456264,great dialogue,2017-06-26T05:51:04Z
599,1732,1498456283,great soundtrack,2017-06-26T05:51:23Z
599,1732,1498456296,highly quotable,2017-06-26T05:51:36Z
599,1732,1498456301,imdb top 250,2017-06-26T05:51:41Z
599,1732,1498456269,jeff bridges,2017-06-26T05:51:09Z
599,1732,1498456278,john goodman,2017-06-26T05:51:18Z
599,1732,1498456294,julianne moore,2017-06-26T05:51:34Z
599,1732,1498456299,kidnapping,2017-06-26T05:51:39Z
599,1732,1498456281,marijuana,2017-06-26T05:51:21Z
599,1732,1498456288,nudity (full frontal),2017-06-26T05:51:28Z
599,1732,1498456273,off-beat comedy,2017-06-26T05:51:13Z
599,1732,1498456275,philip seymour hoffman,2017-06-26T05:51:15Z
599,1732,1498456263,quirky,2017-06-26T05:51:03Z
599,1732,1498456308,ransom,2017-06-26T05:51:48Z
599,1732,1498456306,rug,2017-06-26T05:51:46Z
599,1732,1498456285,sarcasm,2017-06-26T05:51:25Z
599,1732,1498456266,satirical,2017-06-26T05:51:06Z
599,1732,1498456276,steve buscemi,2017-06-26T05:51:16Z
599,1732,1498456297,violence,2017-06-26T05:51:37Z
599,2959,1498456930,action,2017-06-26T06:02:10Z
599,2959,1498456906,atmospheric,2017-06-26T06:01:46Z
599,2959,1498456916,based on a book,2017-06-26T06:01:56Z
599,2959,1498456893,brad pitt,2017-06-26T06:01:33Z
599,2959,1498456963,challenging,2017-06-26T06:02:43Z
599,2959,1498456949,chuck palahniuk,2017-06-26T06:02:29Z
599,2959,1498456925,classic,2017-06-26T06:02:05Z
599,2959,1498456960,clever,2017-06-26T06:02:40Z
599,2959,1498456923,complicated,2017-06-26T06:02:03Z
599,2959,1498456965,consumerism,2017-06-26T06:02:45Z
599,2959,1498456935,crime,2017-06-26T06:02:15Z
599,2959,1498456928,dark,2017-06-26T06:02:08Z
599,2959,1498456891,dark comedy,2017-06-26T06:01:31Z
599,2959,1498456926,david fincher,2017-06-26T06:02:06Z
599,2959,1498456908,disturbing,2017-06-26T06:01:48Z
599,2959,1498456958,double life,2017-06-26T06:02:38Z
599,2959,1498456896,edward norton,2017-06-26T06:01:36Z
599,2959,1498456937,fighting,2017-06-26T06:02:17Z
599,2959,1498456951,great acting,2017-06-26T06:02:31Z
599,2959,1498456939,helena bonham carter,2017-06-26T06:02:19Z
599,2959,1498456945,imaginary friend,2017-06-26T06:02:25Z
599,2959,1498456941,imdb top 250,2017-06-26T06:02:21Z
599,2959,1498456903,mental illness,2017-06-26T06:01:43Z
599,2959,1498456955,mind-blowing,2017-06-26T06:02:35Z
599,2959,1498456912,mindfuck,2017-06-26T06:01:52Z
599,2959,1498456934,narrated,2017-06-26T06:02:14Z
599,2959,1498456962,nudity (topless),2017-06-26T06:02:42Z
599,2959,1498456948,palahnuik,2017-06-26T06:02:28Z
599,2959,1498456911,philosophical,2017-06-26T06:01:51Z
599,2959,1498456898,philosophy,2017-06-26T06:01:38Z
599,2959,1498456954,postmodern,2017-06-26T06:02:34Z
599,2959,1498456921,powerful ending,2017-06-26T06:02:01Z
599,2959,1498456909,psychological,2017-06-26T06:01:49Z
599,2959,1498456953,psychological thriller,2017-06-26T06:02:33Z
599,2959,1498456890,psychology,2017-06-26T06:01:30Z
599,2959,1498456918,quirky,2017-06-26T06:01:58Z
599,2959,1498456920,satirical,2017-06-26T06:02:00Z
599,2959,1498456967,schizophrenia,2017-06-26T06:02:47Z
599,2959,1498456894,social commentary,2017-06-26T06:01:34Z
599,2959,1498456946,societal criticism,2017-06-26T06:02:26Z
599,2959,1498456932,stylized,2017-06-26T06:02:12Z
599,2959,1498456900,surreal,2017-06-26T06:01:40Z
599,2959,1498456966,terrorism,2017-06-26T06:02:46Z
599,2959,1498456901,thought-provoking,2017-06-26T06:01:41Z
599,2959,1498456943,twist,2017-06-26T06:02:23Z
599,2959,1498456888,twist ending,2017-06-26T06:01:28Z
599,2959,1498456904,violence,2017-06-26T06:01:44Z
599,2959,1498456914,violent,2017-06-26T06:01:54Z
600,273,1237739064,gothic,2009-03-22T16:24:24Z
606,1357,1176765393,music,2007-04-16T23:16:33Z
606,1948,1177512649,british,2007-04-25T14:50:49Z
606,3578,1173212944,romans,2007-03-06T20:29:04Z
606,5694,1175638092,70mm,2007-04-03T22:08:12Z
606,6107,1178473747,world war ii,2007-05-06T17:49:07Z
606,7382,1171234019,for katie,2007-02-11T22:46:59Z
606,7936,1173392334,austere,2007-03-08T22:18:54Z
610,3265,1493843984,gun fu,2017-05-03T20:39:44Z
610,3265,1493843978,heroic bloodshed,2017-05-03T20:39:38Z
610,168248,1493844270,heroic bloodshed,2017-05-03T20:44:30Z
